{
  "id":"1"
 ,"Identification":{
    "Name":"Home"
   ,"Alias":"HOME"
   ,"Title":"GUARD"
  }
 ,"Appearance":{
    "Page Mode":"Normal"
   ,"Page Template":"Theme Default"
   ,"Template Options":[
      "#DEFAULT#"
    ]
  }
 ,"Navigation Menu":{
    "Override User Interface Level":true
   ,"List":"Do not show Navigation Menu List"
  }
 ,"Navigation":{
    "Cursor Focus":"Do not focus cursor"
   ,"Warn on Unsaved Changes":true
  }
 ,"JavaScript":{
    "Function and Global Variable Declaration":"function scrollToDivWithOffset(id, offset = 100) {\n  const element = document.getElementById(id);\n  const y = element.getBoundingClientRect().top + window.pageYOffset - offset;\n\n  window.scrollTo({ top: y, behavior: \u0027smooth\u0027 });\n}\n\nwindow.initMap = function() {\n  var defaultLatLng = { lat: 6.8013, lng: -58.1551 }; \/\/ Change this as needed\n\n  var map = new google.maps.Map(document.getElementById(\"map_canvas\"), {\n    zoom: 12,\n    center: defaultLatLng\n  });\n\n  var marker = null;\n\n  map.addListener(\"click\", function(e) {\n    if (marker) marker.setMap(null);\n\n    marker = new google.maps.Marker({\n      position: e.latLng,\n      map: map\n    });\n\n    \/\/ Update APEX items with coordinates\n    $s(\"P1_LAT\", e.latLng.lat());\n    $s(\"P1_LONG\", e.latLng.lng());\n  });\n}\n"
  }
 ,"CSS":{
    "Inline":":root{\n    \n    --a-cv-icon-image-size:48px;\n    --a-cv-icon-container-size:48px;\n    --ut-header-box-shadow: 0 0px 0px 0px rgba(0, 0, 0, .3);;\n}\n\n.section{\n    min-height: calc(100vh - 74px);\n    \n    border-radius:0px;\n    border: 0px;\n\n    margin-top: 0px !important;\n}\n\n#section-1{\n    background-image: url(#APP_IMAGES#main-bg.jpg);\n    background-repeat: no-repeat;\n    background-size: cover;\n    background-position: center;\n    background-attachment: fixed;\n    min-height: 100vh;\n}\n\n#tagline{\n    \n    text-align: center;\n    margin-top: 74px;\n}\n\n.tagline-text {\n    width: 60%;\n    margin: 0 auto;\n    background-color: rgba(255, 255, 255, 0.75);\n    border-radius: 15px;\n    padding: 20px;\n}\n\n.section{\n    min-height: calc(100vh - 74px);\n    \n    border-radius:0px;\n    border: 0px;\n\n    margin-top: 0px !important;\n}\n\n#section-1{\n    background-image: url(#APP_IMAGES#main-bg.jpg);\n    background-repeat: no-repeat;\n    background-size: cover;\n    background-position: center;\n    background-attachment: fixed;\n    min-height: 100vh;\n}\n\n#info-container {\n    height: calc(100vh - 74px);\n    display: flex;\n    align-items: center;\n    background: none;\n    border: 0;\n    width: 75%;\n    margin: 0 auto;\n}\n\n@media (max-width: 567px){\n\n    .section {\n        min-height: 100vh;\n    }\n\n    #section-1-sub {\n        height: 80vh;\n        align-items: flex-end;\n    }\n\n    #section-1-sub .t-Region-body{\n        padding: 0px;\n    }\n\n    .landing-icon{\n        width:40px;\n    }\n\n    #info-container{\n        align-items: flex-start;\n        height: unset;\n        min-height: 100vh;\n        width: 100%;\n    }\n\n    .tagline-text{\n        width: 90%;\n        margin: 0 auto;\n    }\n\n    #role-cards {\n        padding-left: 10px;\n        padding-right: 10px;\n    }\n\n    #event-section-cards {\n       padding-left: 5px;\n       padding-right: 5px;\n    }\n}\n\n#map_canvas {\n  height: 500px;\n  width: 100%;\n}"
  }
 ,"Security":{
    "Authentication":"Page Is Public"
   ,"Deep Linking":"Application Default"
   ,"Page Access Protection":"Arguments Must Have Checksum"
   ,"Form Auto Complete":"Off"
   ,"Browser Cache":"Application Default"
  }
 ,"Session Management":{
    "Rejoin Sessions":"Application Default"
  }
 ,"Advanced":{
    "Enable Meta Tags":false
   ,"Enable duplicate page submissions":"Yes - Enable page to be re-posted"
   ,"Reload on Submit":"Only for Success"
  }
 ,"Server Cache":{
    "Caching":"Disabled"
  }
 ,"Regions":[
    {
      "id":"37039456657959030"
     ,"Identification":{
        "Title":"Report an Incident"
       ,"Type":"Form"
      }
     ,"Source":{
        "Location":"Local Database"
       ,"Type":"Table \/ View"
       ,"Table Owner":"Parsing Schema"
       ,"Table Name":"HSSE_REPORTS"
       ,"Include ROWID Column":false
      }
     ,"Layout":{
        "Sequence":10
       ,"Parent Region":"No Parent"
       ,"Position":"BODY"
       ,"Start New Layout":false
       ,"Start New Row":true
       ,"Column":"Automatic"
       ,"New Column":true
       ,"Column Span":"Automatic"
      }
     ,"Appearance":{
        "Template":"Standard (128157058290294808)"
       ,"Template Options":[
          "#DEFAULT#"
         ,"t-Region--noUI"
         ,"t-Region--scrollBody"
        ]
       ,"Render Components":"Above Content"
      }
     ,"Accessibility":{
        "Use Landmark":true
       ,"Landmark Type":"Template Default"
      }
     ,"Advanced":{
        "Static ID":"report-form"
       ,"Region Display Selector":false
       ,"Exclude Title from Translation":false
      }
     ,"Server Cache":{
        "Caching":"Disabled"
      }
     ,"Customization":{
        "Customizable":"Not Customizable By End Users"
      }
     ,"Attributes":{
        "Edit":{
          "Enabled":false
        }
      }
    }
   ,{
      "id":"128653362212989428"
     ,"Identification":{
        "Title":"Pin The Location of The Incident"
       ,"Type":"Static Content"
      }
     ,"Layout":{
        "Sequence":190
       ,"Parent Region":"Report an Incident (37039456657959030)"
       ,"Position":"BODY"
       ,"Start New Layout":false
       ,"Start New Row":false
       ,"Column":"Automatic"
       ,"New Column":true
       ,"Column Span":"Automatic"
      }
     ,"Appearance":{
        "Template":"Blank with Attributes (128166881740294818)"
       ,"Template Options":[
          "#DEFAULT#"
        ]
       ,"Render Components":"Above Content"
      }
     ,"Accessibility":{
        "Use Landmark":true
       ,"Landmark Type":"Template Default"
      }
     ,"Advanced":{
        "Static ID":"map_canvas"
       ,"Region Display Selector":false
       ,"Exclude Title from Translation":false
      }
     ,"Server Cache":{
        "Caching":"Disabled"
      }
     ,"Customization":{
        "Customizable":"Not Customizable By End Users"
      }
     ,"Attributes":{
        "Settings":{
          "Output As":"HTML"
         ,"Expand Shortcuts":false
        }
      }
    }
   ,{
      "id":"129105200878527001"
     ,"Identification":{
        "Title":"Intro"
       ,"Type":"Static Content"
      }
     ,"Layout":{
        "Sequence":10
       ,"Parent Region":"No Parent"
       ,"Position":"REGION_POSITION_08"
       ,"Start New Layout":false
       ,"Start New Row":true
       ,"Column":"Automatic"
       ,"New Column":true
       ,"Column Span":"Automatic"
      }
     ,"Appearance":{
        "Template":"Blank with Attributes (128166881740294818)"
       ,"Template Options":[
          "#DEFAULT#"
         ,"margin-top-none"
         ,"margin-bottom-none"
         ,"margin-left-none"
         ,"margin-right-none"
        ]
       ,"CSS Classes":[
          "section"
        ]
       ,"Render Components":"Above Content"
      }
     ,"Accessibility":{
        "Use Landmark":true
       ,"Landmark Type":"Template Default"
      }
     ,"Advanced":{
        "Static ID":"section-1"
       ,"Region Display Selector":false
       ,"Exclude Title from Translation":false
      }
     ,"Server Cache":{
        "Caching":"Disabled"
      }
     ,"Customization":{
        "Customizable":"Not Customizable By End Users"
      }
     ,"Attributes":{
        "Settings":{
          "Output As":"HTML"
         ,"Expand Shortcuts":false
        }
      }
    }
   ,{
      "id":"129105380939527002"
     ,"Identification":{
        "Title":"Tagline"
       ,"Type":"Static Content"
      }
     ,"Source":{
        "HTML Code":"\u003Cdiv class=\u0027tagline-text\u0027\u003E\n\u003Cimg src=\"#APP_IMAGES#icons\/app-icon-144-rounded.png\" class=\"apex-logo-img animate__animated animate__bounce animate__delay-2s\" style=\u0027width:40px\u0027\u003E\n\u003Ch1\u003EGUARD\u003C\/h1\u003E\n\u003Ch3\u003EEmpowering Safer Workplaces\u003C\/h3\u003E \n\u003Ch4\u003E\nG.U.A.R.D combines public reporting, government oversight, and AI-powered detection to support a culture of transparency, accountability, and prevention. By making HSSE incidents visible and actionable, it helps build a safer, more resilient Guyana.\n\u003C\/h4\u003E\n\n\n\u003Cbutton type=\"button\" class=\"t-Button t-Button--icon t-Button--large t-Button--warning t-Button--iconLeft t-Button--hoverIconPush report-button\"\u003E\n\u003Cspan aria-hidden=\"true\" class=\"t-Icon t-Icon--left fa fa-exclamation-diamond\"\u003E\u003C\/span\u003E\nMake A Report\u003C\/button\u003E\n\n\u003Ca href=\u0027\u0026P1_GAME_URL.\u0027\u003E\n\u003Cbutton type=\"button\" class=\"t-Button t-Button--icon t-Button--large t-Button--primary t-Button--iconLeft t-Button--hoverIconPush quiz-button\"\u003E\n\u003Cspan aria-hidden=\"true\" class=\"t-Icon t-Icon--left fa fa-gamepad\"\u003E\u003C\/span\u003E\nHSSE Challenge\u003C\/button\u003E\n\u003C\/a\u003E\n\n\u003Cbutton type=\"button\" class=\"t-Button t-Button--icon t-Button--large t-Button--success t-Button--iconLeft t-Button--hoverIconPush question-button\"\u003E\n\u003Cspan aria-hidden=\"true\" class=\"t-Icon t-Icon--left fa fa-comment\"\u003E\u003C\/span\u003E\nAsk A Question\u003C\/button\u003E\n\n\u003C\/div\u003E"
      }
     ,"Layout":{
        "Sequence":10
       ,"Parent Region":"Info Container (129105570413527004)"
       ,"Position":"SUB_REGIONS"
       ,"Start New Layout":false
       ,"Start New Row":true
       ,"Column":"Automatic"
       ,"New Column":true
       ,"Column Span":"Automatic"
      }
     ,"Appearance":{
        "Template":"Blank with Attributes (128166881740294818)"
       ,"Template Options":[
          "#DEFAULT#"
        ]
       ,"Render Components":"Below Content"
      }
     ,"Accessibility":{
        "Use Landmark":true
       ,"Landmark Type":"Template Default"
      }
     ,"Advanced":{
        "Static ID":"tagline"
       ,"Region Display Selector":false
       ,"Exclude Title from Translation":false
      }
     ,"Server Cache":{
        "Caching":"Disabled"
      }
     ,"Customization":{
        "Customizable":"Not Customizable By End Users"
      }
     ,"Attributes":{
        "Settings":{
          "Output As":"HTML"
         ,"Expand Shortcuts":false
        }
      }
    }
   ,{
      "id":"129105570413527004"
     ,"Identification":{
        "Title":"Info Container"
       ,"Type":"Static Content"
      }
     ,"Layout":{
        "Sequence":10
       ,"Parent Region":"Intro (129105200878527001)"
       ,"Position":"SUB_REGIONS"
       ,"Start New Layout":false
       ,"Start New Row":true
       ,"Column":"Automatic"
       ,"New Column":true
       ,"Column Span":"Automatic"
      }
     ,"Appearance":{
        "Template":"Blank with Attributes (128166881740294818)"
       ,"Template Options":[
          "#DEFAULT#"
        ]
       ,"Render Components":"Above Content"
      }
     ,"Accessibility":{
        "Use Landmark":true
       ,"Landmark Type":"Template Default"
      }
     ,"Advanced":{
        "Static ID":"info-container"
       ,"Region Display Selector":false
       ,"Exclude Title from Translation":false
      }
     ,"Server Cache":{
        "Caching":"Disabled"
      }
     ,"Customization":{
        "Customizable":"Not Customizable By End Users"
      }
     ,"Attributes":{
        "Settings":{
          "Output As":"HTML"
         ,"Expand Shortcuts":false
        }
      }
    }
  ]
 ,"Page Items":[
    {
      "id":"37039698336959032"
     ,"Identification":{
        "Name":"P1_ID"
       ,"Type":"Hidden"
      }
     ,"Settings":{
        "Value Protected":true
      }
     ,"Layout":{
        "Sequence":10
       ,"Region":"Report an Incident (37039456657959030)"
       ,"Position":"BODY"
      }
     ,"Advanced":{
        "Warn on Unsaved Changes":"Page Default"
      }
     ,"Source":{
        "Form Region":"Report an Incident (37039456657959030)"
       ,"Column":"ID"
       ,"Data Type":"NUMBER"
       ,"Query Only":true
       ,"Primary Key":true
      }
     ,"Session State":{
        "Data Type":"VARCHAR2"
       ,"Storage":"Per Request (Memory Only)"
      }
     ,"Security":{
        "Session State Protection":"Checksum Required - Session Level"
       ,"Store value encrypted in session state":true
       ,"Restricted Characters":"All characters can be saved."
      }
    }
   ,{
      "id":"37039797366959033"
     ,"Identification":{
        "Name":"P1_TITLE"
       ,"Type":"Text Field"
      }
     ,"Label":{
        "Label":"Type of Accident"
       ,"Alignment":"Left"
      }
     ,"Settings":{
        "Subtype":"Text"
       ,"Trim Spaces":"Leading and Trailing"
       ,"Text Case":"NO CHANGE"
       ,"Submit when Enter pressed":false
       ,"Disabled":false
      }
     ,"Layout":{
        "Sequence":40
       ,"Region":"Report an Incident (37039456657959030)"
       ,"Position":"BODY"
       ,"Alignment":"Left"
       ,"Start New Layout":false
       ,"Start New Row":true
       ,"Column":"Automatic"
       ,"New Column":true
       ,"Column Span":"Automatic"
       ,"Label Column Span":"Page Template Default"
      }
     ,"Appearance":{
        "Template":"Optional - Floating (128218987857294875)"
       ,"Template Options":[
          "#DEFAULT#"
        ]
       ,"Width":30
      }
     ,"Validation":{
        "Value Required":false
       ,"Maximum Length":200
      }
     ,"Advanced":{
        "Warn on Unsaved Changes":"Page Default"
      }
     ,"Source":{
        "Form Region":"Report an Incident (37039456657959030)"
       ,"Column":"TITLE"
       ,"Data Type":"VARCHAR2"
       ,"Query Only":false
       ,"Primary Key":false
      }
     ,"Session State":{
        "Storage":"Per Request (Memory Only)"
      }
     ,"Quick Picks":{
        "Show Quick Picks":false
      }
     ,"Security":{
        "Session State Protection":"Unrestricted"
       ,"Store value encrypted in session state":true
       ,"Restricted Characters":"All characters can be saved."
      }
    }
   ,{
      "id":"37039878049959034"
     ,"Identification":{
        "Name":"P1_DESCRIPTION"
       ,"Type":"Textarea"
      }
     ,"Label":{
        "Label":"Description"
       ,"Alignment":"Left"
      }
     ,"Settings":{
        "Resizable":true
       ,"Auto-Height":false
       ,"Character Counter":false
       ,"Trim Spaces":"Leading and Trailing"
      }
     ,"Layout":{
        "Sequence":70
       ,"Region":"Report an Incident (37039456657959030)"
       ,"Position":"BODY"
       ,"Alignment":"Left"
       ,"Start New Layout":false
       ,"Start New Row":true
       ,"Column":"Automatic"
       ,"New Column":true
       ,"Column Span":"Automatic"
       ,"Label Column Span":"Page Template Default"
      }
     ,"Appearance":{
        "Template":"Optional - Floating (128218987857294875)"
       ,"Template Options":[
          "#DEFAULT#"
        ]
       ,"Width":30
       ,"Height":5
      }
     ,"Validation":{
        "Value Required":false
      }
     ,"Advanced":{
        "Warn on Unsaved Changes":"Page Default"
      }
     ,"Source":{
        "Form Region":"Report an Incident (37039456657959030)"
       ,"Column":"DESCRIPTION"
       ,"Data Type":"CLOB"
       ,"Query Only":false
       ,"Primary Key":false
      }
     ,"Session State":{
        "Data Type":"CLOB"
       ,"Storage":"Per Request (Memory Only)"
      }
     ,"Quick Picks":{
        "Show Quick Picks":false
      }
     ,"Security":{
        "Session State Protection":"Unrestricted"
       ,"Store value encrypted in session state":true
       ,"Restricted Characters":"All characters can be saved."
      }
    }
   ,{
      "id":"37039909929959035"
     ,"Identification":{
        "Name":"P1_CATEGORY"
       ,"Type":"Select List"
      }
     ,"Label":{
        "Label":"Category"
       ,"Alignment":"Left"
      }
     ,"Settings":{
        "Page Action on Selection":"None"
       ,"Allow Multi Selection":false
      }
     ,"Layout":{
        "Sequence":50
       ,"Region":"Report an Incident (37039456657959030)"
       ,"Position":"BODY"
       ,"Alignment":"Left"
       ,"Start New Layout":false
       ,"Start New Row":false
       ,"Column":"Automatic"
       ,"New Column":true
       ,"Column Span":"Automatic"
       ,"Label Column Span":"Page Template Default"
      }
     ,"Appearance":{
        "Template":"Optional - Floating (128218987857294875)"
       ,"Template Options":[
          "#DEFAULT#"
        ]
       ,"Height":1
      }
     ,"Validation":{
        "Value Required":false
      }
     ,"List of Values":{
        "Type":"Static Values"
       ,"Static Values":"STATIC:Fire\/ Explosion;Fire\/ Explosion,Injury\/ Illness;Injury\/ Illness,Chemical Spill\/ Exposure;Chemical Spill\/ Exposure,Contractor Incident;Contractor Incident,Health \u0026 Safety;Health \u0026 Safety,Equipment \/ Machinery Failure;Equipment \/ Machinery Failure,Vehicle \/ Road Incident;Vehicle \/ Road Incident,Security Breach \/ Theft;Security Breach \/ Theft,Workplace Violence \/ Threat;Workplace Violence \/ Threat,Electrical Incident;Electrical Incident"
       ,"Display Extra Values":false
       ,"Display Null Value":true
      }
     ,"Advanced":{
        "Warn on Unsaved Changes":"Page Default"
      }
     ,"Source":{
        "Form Region":"Report an Incident (37039456657959030)"
       ,"Column":"CATEGORY"
       ,"Data Type":"VARCHAR2"
       ,"Query Only":false
       ,"Primary Key":false
      }
     ,"Session State":{
        "Storage":"Per Request (Memory Only)"
      }
     ,"Quick Picks":{
        "Show Quick Picks":false
      }
     ,"Security":{
        "Session State Protection":"Unrestricted"
       ,"Store value encrypted in session state":true
       ,"Restricted Characters":"All characters can be saved."
      }
    }
   ,{
      "id":"37040006801959036"
     ,"Identification":{
        "Name":"P1_REGULATION_CLASS"
       ,"Type":"Select List"
      }
     ,"Label":{
        "Label":"Regulation Class"
       ,"Alignment":"Left"
      }
     ,"Settings":{
        "Page Action on Selection":"None"
       ,"Allow Multi Selection":false
      }
     ,"Layout":{
        "Sequence":60
       ,"Region":"Report an Incident (37039456657959030)"
       ,"Position":"BODY"
       ,"Alignment":"Left"
       ,"Start New Layout":false
       ,"Start New Row":false
       ,"Column":"Automatic"
       ,"New Column":true
       ,"Column Span":"Automatic"
       ,"Label Column Span":"Page Template Default"
      }
     ,"Appearance":{
        "Template":"Optional - Floating (128218987857294875)"
       ,"Template Options":[
          "#DEFAULT#"
        ]
       ,"Height":1
      }
     ,"Validation":{
        "Value Required":false
      }
     ,"List of Values":{
        "Type":"Static Values"
       ,"Static Values":"STATIC:General Workplace Safety;General Workplace Safety,Occupational Health;Occupational Health,Fire and Emergency Safety;Fire and Emergency Safety,Electrical Safety;Electrical Safety,Construction Site Safety;Construction Site Safety,Environmental Health \u0026 Safety (EHS);Environmental Health \u0026 Safety (EHS),Mining Safety;Mining Safety,Contractor \u0026 Visitor Safety;Contractor \u0026 Visitor Safety"
       ,"Display Extra Values":false
       ,"Display Null Value":true
      }
     ,"Advanced":{
        "Warn on Unsaved Changes":"Page Default"
      }
     ,"Source":{
        "Form Region":"Report an Incident (37039456657959030)"
       ,"Column":"REGULATION_CLASS"
       ,"Data Type":"VARCHAR2"
       ,"Query Only":false
       ,"Primary Key":false
      }
     ,"Session State":{
        "Storage":"Per Request (Memory Only)"
      }
     ,"Quick Picks":{
        "Show Quick Picks":false
      }
     ,"Security":{
        "Session State Protection":"Unrestricted"
       ,"Store value encrypted in session state":true
       ,"Restricted Characters":"All characters can be saved."
      }
    }
   ,{
      "id":"37040177167959037"
     ,"Identification":{
        "Name":"P1_CAUSE_OF_DEATH"
       ,"Type":"Text Field"
      }
     ,"Label":{
        "Label":"Cause Of Death"
       ,"Alignment":"Left"
      }
     ,"Settings":{
        "Subtype":"Text"
       ,"Trim Spaces":"Leading and Trailing"
       ,"Text Case":"NO CHANGE"
       ,"Submit when Enter pressed":false
       ,"Disabled":false
      }
     ,"Layout":{
        "Sequence":90
       ,"Region":"Report an Incident (37039456657959030)"
       ,"Position":"BODY"
       ,"Alignment":"Left"
       ,"Start New Layout":false
       ,"Start New Row":false
       ,"Column":"Automatic"
       ,"New Column":true
       ,"Column Span":"Automatic"
       ,"Label Column Span":"Page Template Default"
      }
     ,"Appearance":{
        "Template":"Optional - Floating (128218987857294875)"
       ,"Template Options":[
          "#DEFAULT#"
        ]
       ,"Width":30
      }
     ,"Validation":{
        "Value Required":false
       ,"Maximum Length":100
      }
     ,"Advanced":{
        "Warn on Unsaved Changes":"Page Default"
      }
     ,"Source":{
        "Form Region":"Report an Incident (37039456657959030)"
       ,"Column":"CAUSE_OF_DEATH"
       ,"Data Type":"VARCHAR2"
       ,"Query Only":false
       ,"Primary Key":false
      }
     ,"Session State":{
        "Storage":"Per Request (Memory Only)"
      }
     ,"Quick Picks":{
        "Show Quick Picks":false
      }
     ,"Security":{
        "Session State Protection":"Unrestricted"
       ,"Store value encrypted in session state":true
       ,"Restricted Characters":"All characters can be saved."
      }
    }
   ,{
      "id":"37040243922959038"
     ,"Identification":{
        "Name":"P1_LOCATION"
       ,"Type":"Text Field"
      }
     ,"Label":{
        "Label":"Location"
       ,"Alignment":"Left"
      }
     ,"Settings":{
        "Subtype":"Text"
       ,"Trim Spaces":"Leading and Trailing"
       ,"Text Case":"NO CHANGE"
       ,"Submit when Enter pressed":false
       ,"Disabled":false
      }
     ,"Layout":{
        "Sequence":100
       ,"Region":"Report an Incident (37039456657959030)"
       ,"Position":"BODY"
       ,"Alignment":"Left"
       ,"Start New Layout":false
       ,"Start New Row":true
       ,"Column":"Automatic"
       ,"New Column":true
       ,"Column Span":"Automatic"
       ,"Label Column Span":"Page Template Default"
      }
     ,"Appearance":{
        "Template":"Optional - Floating (128218987857294875)"
       ,"Template Options":[
          "#DEFAULT#"
        ]
       ,"Width":30
      }
     ,"Validation":{
        "Value Required":false
      }
     ,"Advanced":{
        "Warn on Unsaved Changes":"Page Default"
      }
     ,"Source":{
        "Form Region":"Report an Incident (37039456657959030)"
       ,"Column":"LOCATION"
       ,"Data Type":"VARCHAR2"
       ,"Query Only":false
       ,"Primary Key":false
      }
     ,"Session State":{
        "Storage":"Per Request (Memory Only)"
      }
     ,"Quick Picks":{
        "Show Quick Picks":false
      }
     ,"Security":{
        "Session State Protection":"Unrestricted"
       ,"Store value encrypted in session state":true
       ,"Restricted Characters":"All characters can be saved."
      }
    }
   ,{
      "id":"37040471686959040"
     ,"Identification":{
        "Name":"P1_REPORTER_NAME"
       ,"Type":"Text Field"
      }
     ,"Label":{
        "Label":"Reporter Name"
       ,"Alignment":"Left"
      }
     ,"Settings":{
        "Subtype":"Text"
       ,"Trim Spaces":"Leading and Trailing"
       ,"Text Case":"NO CHANGE"
       ,"Submit when Enter pressed":false
       ,"Disabled":false
      }
     ,"Layout":{
        "Sequence":30
       ,"Region":"Report an Incident (37039456657959030)"
       ,"Position":"BODY"
       ,"Alignment":"Left"
       ,"Start New Layout":false
       ,"Start New Row":false
       ,"Column":"Automatic"
       ,"New Column":true
       ,"Column Span":"Automatic"
       ,"Label Column Span":"Page Template Default"
      }
     ,"Appearance":{
        "Template":"Optional - Floating (128218987857294875)"
       ,"Template Options":[
          "#DEFAULT#"
        ]
       ,"Width":30
      }
     ,"Validation":{
        "Value Required":false
       ,"Maximum Length":100
      }
     ,"Advanced":{
        "Warn on Unsaved Changes":"Page Default"
      }
     ,"Source":{
        "Form Region":"Report an Incident (37039456657959030)"
       ,"Column":"REPORTER_NAME"
       ,"Data Type":"VARCHAR2"
       ,"Query Only":false
       ,"Primary Key":false
      }
     ,"Session State":{
        "Storage":"Per Request (Memory Only)"
      }
     ,"Quick Picks":{
        "Show Quick Picks":false
      }
     ,"Security":{
        "Session State Protection":"Unrestricted"
       ,"Store value encrypted in session state":true
       ,"Restricted Characters":"All characters can be saved."
      }
    }
   ,{
      "id":"37040505804959041"
     ,"Identification":{
        "Name":"P1_ANONYMOUS_FLAG"
       ,"Type":"Radio Group"
      }
     ,"Label":{
        "Label":"Would You Like To Remain Anonymous?"
       ,"Alignment":"Left"
      }
     ,"Settings":{
        "Number of Columns":2
       ,"Page Action on Selection":"None"
      }
     ,"Layout":{
        "Sequence":20
       ,"Region":"Report an Incident (37039456657959030)"
       ,"Position":"BODY"
       ,"Alignment":"Left"
       ,"Start New Layout":false
       ,"Start New Row":true
       ,"Column":"Automatic"
       ,"New Column":true
       ,"Column Span":"Automatic"
       ,"Label Column Span":"Page Template Default"
      }
     ,"Appearance":{
        "Template":"Optional - Floating (128218987857294875)"
       ,"Template Options":[
          "#DEFAULT#"
        ]
      }
     ,"Validation":{
        "Value Required":false
      }
     ,"List of Values":{
        "Type":"Static Values"
       ,"Static Values":"STATIC:Yes;Y,No;N"
       ,"Display Extra Values":false
       ,"Display Null Value":false
      }
     ,"Advanced":{
        "Warn on Unsaved Changes":"Page Default"
      }
     ,"Source":{
        "Form Region":"Report an Incident (37039456657959030)"
       ,"Column":"ANONYMOUS_FLAG"
       ,"Data Type":"VARCHAR2"
       ,"Query Only":false
       ,"Primary Key":false
      }
     ,"Default":{
        "Type":"Static"
       ,"Static Value":"N"
      }
     ,"Session State":{
        "Storage":"Per Request (Memory Only)"
      }
     ,"Security":{
        "Session State Protection":"Unrestricted"
       ,"Store value encrypted in session state":true
       ,"Escape special characters":true
       ,"Restricted Characters":"All characters can be saved."
      }
    }
   ,{
      "id":"37040646997959042"
     ,"Identification":{
        "Name":"P1_EMPLOYER_INFO"
       ,"Type":"Text Field"
      }
     ,"Label":{
        "Label":"Employer Info"
       ,"Alignment":"Left"
      }
     ,"Settings":{
        "Subtype":"Text"
       ,"Trim Spaces":"Leading and Trailing"
       ,"Text Case":"NO CHANGE"
       ,"Submit when Enter pressed":false
       ,"Disabled":false
      }
     ,"Layout":{
        "Sequence":110
       ,"Region":"Report an Incident (37039456657959030)"
       ,"Position":"BODY"
       ,"Alignment":"Left"
       ,"Start New Layout":false
       ,"Start New Row":false
       ,"Column":"Automatic"
       ,"New Column":true
       ,"Column Span":"Automatic"
       ,"Label Column Span":"Page Template Default"
      }
     ,"Appearance":{
        "Template":"Optional - Floating (128218987857294875)"
       ,"Template Options":[
          "#DEFAULT#"
        ]
       ,"Width":30
      }
     ,"Validation":{
        "Value Required":false
       ,"Maximum Length":255
      }
     ,"Advanced":{
        "Warn on Unsaved Changes":"Page Default"
      }
     ,"Source":{
        "Form Region":"Report an Incident (37039456657959030)"
       ,"Column":"EMPLOYER_INFO"
       ,"Data Type":"VARCHAR2"
       ,"Query Only":false
       ,"Primary Key":false
      }
     ,"Session State":{
        "Storage":"Per Request (Memory Only)"
      }
     ,"Quick Picks":{
        "Show Quick Picks":false
      }
     ,"Security":{
        "Session State Protection":"Unrestricted"
       ,"Store value encrypted in session state":true
       ,"Restricted Characters":"All characters can be saved."
      }
    }
   ,{
      "id":"37040709655959043"
     ,"Identification":{
        "Name":"P1_STATUS"
       ,"Type":"Hidden"
      }
     ,"Settings":{
        "Value Protected":false
      }
     ,"Layout":{
        "Sequence":130
       ,"Region":"Report an Incident (37039456657959030)"
       ,"Position":"BODY"
      }
     ,"Advanced":{
        "Warn on Unsaved Changes":"Page Default"
      }
     ,"Source":{
        "Form Region":"Report an Incident (37039456657959030)"
       ,"Column":"STATUS"
       ,"Data Type":"VARCHAR2"
       ,"Query Only":false
       ,"Primary Key":false
      }
     ,"Default":{
        "Type":"Static"
       ,"Static Value":"OPEN"
      }
     ,"Session State":{
        "Data Type":"VARCHAR2"
       ,"Storage":"Per Request (Memory Only)"
      }
     ,"Security":{
        "Session State Protection":"Unrestricted"
       ,"Store value encrypted in session state":true
       ,"Restricted Characters":"All characters can be saved."
      }
    }
   ,{
      "id":"37040876966959044"
     ,"Identification":{
        "Name":"P1_REPORT_TIME"
       ,"Type":"Hidden"
      }
     ,"Settings":{
        "Value Protected":false
      }
     ,"Layout":{
        "Sequence":140
       ,"Region":"Report an Incident (37039456657959030)"
       ,"Position":"BODY"
      }
     ,"Advanced":{
        "Warn on Unsaved Changes":"Page Default"
      }
     ,"Source":{
        "Form Region":"Report an Incident (37039456657959030)"
       ,"Column":"REPORT_TIME"
       ,"Data Type":"DATE"
       ,"Query Only":false
       ,"Primary Key":false
      }
     ,"Default":{
        "Type":"Expression"
       ,"Language":"PL\/SQL"
       ,"PL\/SQL Expression":"SYSDATE"
      }
     ,"Session State":{
        "Data Type":"VARCHAR2"
       ,"Storage":"Per Request (Memory Only)"
      }
     ,"Security":{
        "Session State Protection":"Unrestricted"
       ,"Store value encrypted in session state":true
       ,"Restricted Characters":"All characters can be saved."
      }
    }
   ,{
      "id":"128650700793989402"
     ,"Identification":{
        "Name":"P1_LAT"
       ,"Type":"Hidden"
      }
     ,"Settings":{
        "Value Protected":false
      }
     ,"Layout":{
        "Sequence":150
       ,"Region":"Report an Incident (37039456657959030)"
       ,"Position":"BODY"
      }
     ,"Advanced":{
        "Warn on Unsaved Changes":"Page Default"
      }
     ,"Source":{
        "Form Region":"Report an Incident (37039456657959030)"
       ,"Column":"LATITUDE"
       ,"Data Type":"NUMBER"
       ,"Query Only":false
       ,"Primary Key":false
      }
     ,"Session State":{
        "Data Type":"VARCHAR2"
       ,"Storage":"Per Request (Memory Only)"
      }
     ,"Security":{
        "Session State Protection":"Unrestricted"
       ,"Store value encrypted in session state":true
       ,"Restricted Characters":"All characters can be saved."
      }
    }
   ,{
      "id":"128650817567989403"
     ,"Identification":{
        "Name":"P1_LONG"
       ,"Type":"Hidden"
      }
     ,"Settings":{
        "Value Protected":false
      }
     ,"Layout":{
        "Sequence":160
       ,"Region":"Report an Incident (37039456657959030)"
       ,"Position":"BODY"
      }
     ,"Advanced":{
        "Warn on Unsaved Changes":"Page Default"
      }
     ,"Source":{
        "Form Region":"Report an Incident (37039456657959030)"
       ,"Column":"LONGITUDE"
       ,"Data Type":"NUMBER"
       ,"Query Only":false
       ,"Primary Key":false
      }
     ,"Session State":{
        "Data Type":"VARCHAR2"
       ,"Storage":"Per Request (Memory Only)"
      }
     ,"Security":{
        "Session State Protection":"Unrestricted"
       ,"Store value encrypted in session state":true
       ,"Restricted Characters":"All characters can be saved."
      }
    }
   ,{
      "id":"128653898824989433"
     ,"Identification":{
        "Name":"P1_DEATH_Y_N"
       ,"Type":"Radio Group"
      }
     ,"Label":{
        "Label":"Did the person(s) die in incident? "
       ,"Alignment":"Left"
      }
     ,"Settings":{
        "Number of Columns":2
       ,"Page Action on Selection":"None"
      }
     ,"Layout":{
        "Sequence":80
       ,"Region":"Report an Incident (37039456657959030)"
       ,"Position":"BODY"
       ,"Alignment":"Left"
       ,"Start New Layout":false
       ,"Start New Row":true
       ,"Column":"Automatic"
       ,"New Column":true
       ,"Column Span":"Automatic"
       ,"Label Column Span":"Page Template Default"
      }
     ,"Appearance":{
        "Template":"Optional - Floating (128218987857294875)"
       ,"Template Options":[
          "#DEFAULT#"
        ]
      }
     ,"Validation":{
        "Value Required":true
      }
     ,"List of Values":{
        "Type":"Static Values"
       ,"Static Values":"STATIC:Yes;Y,No;N"
       ,"Display Extra Values":false
       ,"Display Null Value":false
      }
     ,"Advanced":{
        "Warn on Unsaved Changes":"Page Default"
      }
     ,"Source":{
        "Form Region":"Report an Incident (37039456657959030)"
       ,"Column":"DEATH_Y_N"
       ,"Data Type":"VARCHAR2"
       ,"Query Only":false
       ,"Primary Key":false
      }
     ,"Default":{
        "Type":"Static"
       ,"Static Value":"N"
      }
     ,"Session State":{
        "Storage":"Per Request (Memory Only)"
      }
     ,"Security":{
        "Session State Protection":"Unrestricted"
       ,"Store value encrypted in session state":true
       ,"Escape special characters":true
       ,"Restricted Characters":"All characters can be saved."
      }
    }
   ,{
      "id":"128653972845989434"
     ,"Identification":{
        "Name":"P1_CITIES"
       ,"Type":"Hidden"
      }
     ,"Settings":{
        "Value Protected":false
      }
     ,"Layout":{
        "Sequence":170
       ,"Region":"Report an Incident (37039456657959030)"
       ,"Position":"BODY"
      }
     ,"Advanced":{
        "Warn on Unsaved Changes":"Page Default"
      }
     ,"Source":{
        "Form Region":"Report an Incident (37039456657959030)"
       ,"Column":"CITIES"
       ,"Data Type":"VARCHAR2"
       ,"Query Only":false
       ,"Primary Key":false
      }
     ,"Session State":{
        "Data Type":"VARCHAR2"
       ,"Storage":"Per Request (Memory Only)"
      }
     ,"Security":{
        "Session State Protection":"Unrestricted"
       ,"Store value encrypted in session state":true
       ,"Restricted Characters":"All characters can be saved."
      }
    }
   ,{
      "id":"128654031711989435"
     ,"Identification":{
        "Name":"P1_ESCALATED"
       ,"Type":"Hidden"
      }
     ,"Settings":{
        "Value Protected":true
      }
     ,"Layout":{
        "Sequence":180
       ,"Region":"Report an Incident (37039456657959030)"
       ,"Position":"BODY"
      }
     ,"Advanced":{
        "Warn on Unsaved Changes":"Page Default"
      }
     ,"Source":{
        "Form Region":"Report an Incident (37039456657959030)"
       ,"Column":"ESCALATED"
       ,"Data Type":"VARCHAR2"
       ,"Query Only":false
       ,"Primary Key":false
      }
     ,"Session State":{
        "Data Type":"VARCHAR2"
       ,"Storage":"Per Request (Memory Only)"
      }
     ,"Security":{
        "Session State Protection":"Unrestricted"
       ,"Store value encrypted in session state":true
       ,"Restricted Characters":"All characters can be saved."
      }
    }
   ,{
      "id":"128655239172989447"
     ,"Identification":{
        "Name":"P1_NEW"
       ,"Type":"Image Upload"
      }
     ,"Label":{
        "Label":"New"
       ,"Alignment":"Left"
      }
     ,"DISPLAY":{
        "Display As":"Icon Dropzone"
       ,"Preview Size":"Auto"
       ,"Capture Using":"NONE"
      }
     ,"Storage:":{
        "Type":"Table APEX_APPLICATION_TEMP_FILES"
       ,"Purge Files at":"End of Session"
       ,"Allow Multiple Files":false
      }
     ,"CROPPING":{
        "Allow Cropping":false
      }
     ,"Layout":{
        "Sequence":120
       ,"Region":"Report an Incident (37039456657959030)"
       ,"Position":"BODY"
       ,"Alignment":"Left"
       ,"Start New Layout":false
       ,"Start New Row":true
       ,"Column":"Automatic"
       ,"New Column":true
       ,"Column Span":"Automatic"
       ,"Label Column Span":"Page Template Default"
      }
     ,"Appearance":{
        "Template":"Optional - Floating (128218987857294875)"
       ,"Template Options":[
          "#DEFAULT#"
        ]
       ,"Width":30
      }
     ,"Validation":{
        "Value Required":false
      }
     ,"Advanced":{
        "Warn on Unsaved Changes":"Page Default"
      }
     ,"Source":{
        "Type":"Null"
       ,"Used":"Only when current value in session state is null"
      }
     ,"Session State":{
        "Storage":"Per Session (Persistent)"
      }
     ,"Security":{
        "Session State Protection":"Unrestricted"
       ,"Restricted Characters":"All characters can be saved."
      }
    }
   ,{
      "id":"129106049955527009"
     ,"Identification":{
        "Name":"P1_GAME_TOKEN"
       ,"Type":"Hidden"
      }
     ,"Settings":{
        "Value Protected":true
      }
     ,"Layout":{
        "Sequence":210
       ,"Region":"Report an Incident (37039456657959030)"
       ,"Position":"BODY"
      }
     ,"Advanced":{
        "Warn on Unsaved Changes":"Page Default"
      }
     ,"Source":{
        "Type":"Null"
       ,"Used":"Only when current value in session state is null"
      }
     ,"Session State":{
        "Data Type":"VARCHAR2"
       ,"Storage":"Per Session (Persistent)"
      }
     ,"Security":{
        "Session State Protection":"Unrestricted"
       ,"Store value encrypted in session state":true
       ,"Restricted Characters":"All characters can be saved."
      }
    }
   ,{
      "id":"129106854431527017"
     ,"Identification":{
        "Name":"P1_GAME_URL"
       ,"Type":"Hidden"
      }
     ,"Settings":{
        "Value Protected":true
      }
     ,"Layout":{
        "Sequence":220
       ,"Region":"Report an Incident (37039456657959030)"
       ,"Position":"BODY"
      }
     ,"Advanced":{
        "Warn on Unsaved Changes":"Page Default"
      }
     ,"Source":{
        "Type":"Null"
       ,"Used":"Only when current value in session state is null"
      }
     ,"Session State":{
        "Data Type":"VARCHAR2"
       ,"Storage":"Per Session (Persistent)"
      }
     ,"Security":{
        "Session State Protection":"Unrestricted"
       ,"Store value encrypted in session state":true
       ,"Restricted Characters":"All characters can be saved."
      }
    }
  ]
 ,"Buttons":[
    {
      "id":"128654830771989443"
     ,"Identification":{
        "Button Name":"New"
       ,"Label":"New"
      }
     ,"Layout":{
        "Sequence":210
       ,"Region":"Report an Incident (37039456657959030)"
       ,"Position":"BELOW_BOX"
       ,"Start New Layout":false
       ,"Start New Row":true
       ,"Column":"Automatic"
       ,"New Column":true
       ,"Column Span":"Automatic"
       ,"Horizontal Alignment":"Right"
      }
     ,"Appearance":{
        "Button Template":"Text (128221445272294880)"
       ,"Hot":true
       ,"Template Options":[
          "#DEFAULT#"
        ]
      }
     ,"Behavior":{
        "Action":"Submit Page"
       ,"Execute Validations":true
       ,"Warn on Unsaved Changes":"Do Not Check"
       ,"Database Action":"SQL INSERT action"
      }
    }
  ]
 ,"Dynamic Actions":[
    {
      "id":"128651240175989407"
     ,"Identification":{
        "Name":"New"
      }
     ,"Execution":{
        "Sequence":10
       ,"Event Scope":"Static"
      }
     ,"When":{
        "Event":"EVENT.EVENT.BROWSER.READY"
      }
    }
   ,{
      "id":"128653611996989431"
     ,"Identification":{
        "Name":"New_2"
      }
     ,"Execution":{
        "Sequence":40
       ,"Event Scope":"Static"
      }
     ,"When":{
        "Event":"EVENT.EVENT.BROWSER.READY"
      }
     ,"Actions":[
        {
          "id":"128653753853989432"
         ,"Identification":{
            "Action":"Execute JavaScript Code"
          }
         ,"Settings":{
            "Code":"var script = document.createElement(\"script\");\nscript.src = \"https:\/\/maps.googleapis.com\/maps\/api\/js?key=AIzaSyB7fuOELy0zJ2Iewv7aozaL8UNSD-6HF_Y\u0026callback=initMap\";\nscript.async = true;\nscript.defer = true;\ndocument.head.appendChild(script);\n"
          }
         ,"Execution":{
            "Sequence":10
           ,"Event":"New_2 (128653611996989431)"
           ,"Fire When Event Result Is":"True"
           ,"Fire on Initialization":false
          }
        }
      ]
    }
   ,{
      "id":"128654151932989436"
     ,"Identification":{
        "Name":"New_1"
      }
     ,"Execution":{
        "Sequence":50
       ,"Event Scope":"Static"
       ,"Type":"Immediate"
      }
     ,"When":{
        "Event":"EVENT.EVENT.BROWSER.CHANGE"
       ,"Selection Type":"Item(s)"
       ,"Item(s)":[
          "P1_ANONYMOUS_FLAG"
        ]
      }
     ,"Client-side Condition":{
        "Type":"Item = Value"
       ,"Item":"P1_ANONYMOUS_FLAG"
       ,"Value":"N"
      }
     ,"Actions":[
        {
          "id":"128654295383989437"
         ,"Identification":{
            "Action":"Show"
          }
         ,"Affected Elements":{
            "Selection Type":"Item(s)"
           ,"Item(s)":[
              "P1_REPORTER_NAME"
            ]
          }
         ,"Execution":{
            "Sequence":10
           ,"Event":"New_1 (128654151932989436)"
           ,"Fire When Event Result Is":"True"
           ,"Fire on Initialization":true
          }
        }
       ,{
          "id":"128654332394989438"
         ,"Identification":{
            "Action":"Hide"
          }
         ,"Affected Elements":{
            "Selection Type":"Item(s)"
           ,"Item(s)":[
              "P1_REPORTER_NAME"
            ]
          }
         ,"Execution":{
            "Sequence":10
           ,"Event":"New_1 (128654151932989436)"
           ,"Fire When Event Result Is":"False"
           ,"Fire on Initialization":true
          }
        }
      ]
    }
   ,{
      "id":"128654465795989439"
     ,"Identification":{
        "Name":"New_3"
      }
     ,"Execution":{
        "Sequence":60
       ,"Event Scope":"Static"
       ,"Type":"Immediate"
      }
     ,"When":{
        "Event":"EVENT.EVENT.BROWSER.CHANGE"
       ,"Selection Type":"Item(s)"
       ,"Item(s)":[
          "P1_DEATH_Y_N"
        ]
      }
     ,"Client-side Condition":{
        "Type":"Item = Value"
       ,"Item":"P1_DEATH_Y_N"
       ,"Value":"N"
      }
     ,"Actions":[
        {
          "id":"128654596980989440"
         ,"Identification":{
            "Action":"Hide"
          }
         ,"Affected Elements":{
            "Selection Type":"Item(s)"
           ,"Item(s)":[
              "P1_CAUSE_OF_DEATH"
            ]
          }
         ,"Execution":{
            "Sequence":10
           ,"Event":"New_3 (128654465795989439)"
           ,"Fire When Event Result Is":"True"
           ,"Fire on Initialization":true
          }
        }
       ,{
          "id":"128654604908989441"
         ,"Identification":{
            "Action":"Show"
          }
         ,"Affected Elements":{
            "Selection Type":"Item(s)"
           ,"Item(s)":[
              "P1_CAUSE_OF_DEATH"
            ]
          }
         ,"Execution":{
            "Sequence":10
           ,"Event":"New_3 (128654465795989439)"
           ,"Fire When Event Result Is":"False"
           ,"Fire on Initialization":true
          }
        }
      ]
    }
   ,{
      "id":"128655095927989445"
     ,"Identification":{
        "Name":"Question Button Click"
      }
     ,"Execution":{
        "Sequence":70
       ,"Event Scope":"Static"
       ,"Type":"Immediate"
      }
     ,"When":{
        "Event":"EVENT.EVENT.BROWSER.CLICK"
       ,"Selection Type":"jQuery Selector"
       ,"jQuery Selector":".question-button"
      }
     ,"Actions":[
        {
          "id":"128655179334989446"
         ,"Identification":{
            "Action":"Execute JavaScript Code"
          }
         ,"Settings":{
            "Code":"window.location.href = \u0027https:\/\/apex.astrotekgy.com\/ords\/r\/hackathon_2025\/guard\/chat-gpt-test?session=4251875537203\u0027;"
          }
         ,"Execution":{
            "Sequence":10
           ,"Event":"Question Button Click (128655095927989445)"
           ,"Fire When Event Result Is":"True"
           ,"Fire on Initialization":false
          }
        }
      ]
    }
   ,{
      "id":"129105890161527007"
     ,"Identification":{
        "Name":"Report Button Click"
      }
     ,"Execution":{
        "Sequence":30
       ,"Event Scope":"Static"
       ,"Type":"Immediate"
      }
     ,"When":{
        "Event":"EVENT.EVENT.BROWSER.CLICK"
       ,"Selection Type":"jQuery Selector"
       ,"jQuery Selector":".report-button"
      }
     ,"Actions":[
        {
          "id":"129105955647527008"
         ,"Identification":{
            "Action":"Execute JavaScript Code"
          }
         ,"Settings":{
            "Code":"scrollToDivWithOffset(\"report-form\", 80);"
          }
         ,"Execution":{
            "Sequence":10
           ,"Event":"Report Button Click (129105890161527007)"
           ,"Fire When Event Result Is":"True"
           ,"Fire on Initialization":false
          }
        }
      ]
    }
  ]
 ,"Computations":[
    {
      "id":"129106155758527010"
     ,"Identification":{
        "Item Name":"P1_GAME_TOKEN"
      }
     ,"Execution":{
        "Sequence":10
       ,"Point":"Before Regions"
      }
     ,"Computation":{
        "Type":"SQL Query (return single value)"
       ,"SQL Query":"SELECT\n  DBMS_RANDOM.STRING(\u0027X\u0027, 10) AS token\nFROM dual;"
      }
    }
   ,{
      "id":"129106935362527018"
     ,"Identification":{
        "Item Name":"P1_GAME_URL"
      }
     ,"Execution":{
        "Sequence":20
       ,"Point":"Before Regions"
      }
     ,"Computation":{
        "Type":"Function Body"
       ,"Language":"PL\/SQL"
       ,"PL\/SQL Function Body":"return apex_page.get_url (p_page =\u003E 5, p_items =\u003E \u0027P5_QUIZ_TOKEN\u0027, p_values =\u003E :P1_GAME_TOKEN);"
      }
    }
  ]
 ,"Processes":[
    {
      "id":"37039542973959031"
     ,"Identification":{
        "Name":"Initialize form Home"
       ,"Type":"Form - Initialization"
       ,"Execution Chain":"None"
       ,"Form Region":"Report an Incident (37039456657959030)"
      }
     ,"Execution":{
        "Sequence":10
       ,"Point":"Before Header"
       ,"Run Process":"Once Per Page Visit (default)"
      }
    }
   ,{
      "id":"128654997013989444"
     ,"Identification":{
        "Name":"New"
       ,"Type":"Form - Automatic Row Processing (DML)"
       ,"Execution Chain":"None"
       ,"Form Region":"Report an Incident (37039456657959030)"
      }
     ,"Settings":{
        "Target Type":"Region Source"
       ,"Prevent Lost Updates":true
       ,"Lock Row":"Yes"
       ,"Return Primary Key(s) after Insert":true
      }
     ,"Execution":{
        "Sequence":10
       ,"Point":"Processing"
       ,"Run Process":"Once Per Page Visit (default)"
      }
     ,"Success Message":{
        "Success Message":"Report Sent!"
      }
     ,"Error":{
        "Display Location":"Inline in Notification"
      }
    }
  ]
}
