{
  "id":"5"
 ,"Identification":{
    "Name":"HSSE Challenge"
   ,"Alias":"HSSE-CHALLENGE"
   ,"Title":"HSSE Challenge"
  }
 ,"Appearance":{
    "Page Mode":"Normal"
   ,"Page Template":"Theme Default"
   ,"Template Options":[
      "#DEFAULT#"
    ]
  }
 ,"Navigation Menu":{
    "Override User Interface Level":false
  }
 ,"Navigation":{
    "Cursor Focus":"Do not focus cursor"
   ,"Warn on Unsaved Changes":true
  }
 ,"CSS":{
    "Inline":"\/* Container for the quiz *\/\n.quiz-question {\n  max-width: 600px;\n  margin: 40px auto;\n  padding: 24px;\n  background-color: #fef9f4;\n  border: 1px solid #ccc;\n  border-radius: 12px;\n  box-shadow: 0 2px 8px rgba(0,0,0,0.08);\n  font-family: \"Segoe UI\", sans-serif;\n}\n\n\/* Header styling *\/\n.quiz-question h3 {\n  color: #2c3e50;\n  font-size: 22px;\n  margin-bottom: 12px;\n}\n\n\/* Question text *\/\n.quiz-question p {\n  font-size: 18px;\n  margin-bottom: 20px;\n  color: #444;\n}\n\n\/* Answer buttons list *\/\n.quiz-question ul {\n  list-style-type: none;\n  padding: 0;\n  margin: 0;\n}\n\n\/* Individual answer *\/\n.quiz-question li {\n  margin-bottom: 12px;\n}\n\n\/* Answer button styling *\/\n.quiz-answer {\n  display: block;\n  width: 100%;\n  padding: 12px 16px;\n  font-size: 16px;\n  background-color: #00695c;\n  color: white;\n  border: none;\n  border-radius: 8px;\n  transition: background-color 0.3s ease;\n  cursor: pointer;\n  text-align: left;\n}\n\n\/* Hover effect *\/\n.quiz-answer:hover {\n  background-color: #004d40;\n}\n\n\/* Mobile responsiveness *\/\n@media (max-width: 480px) {\n  .quiz-question {\n    padding: 16px;\n  }\n\n  .quiz-answer {\n    font-size: 15px;\n  }\n}\n\n.outcome-box {\n  background-color: #f4f8f7;\n  padding: 20px;\n  border-left: 6px solid #00796b;\n  border-radius: 8px;\n  margin-top: 15px;\n  margin-bottom: 15px;\n  box-shadow: 0 2px 4px rgba(0,0,0,0.05);\n}\n\n.outcome-tag {\n  color: #00796b;\n  font-weight: bold;\n  font-size: 18px;\n}"
  }
 ,"Security":{
    "Authentication":"Page Is Public"
   ,"Deep Linking":"Application Default"
   ,"Page Access Protection":"Arguments Must Have Checksum"
   ,"Form Auto Complete":"Off"
   ,"Browser Cache":"Application Default"
  }
 ,"Session Management":{
    "Rejoin Sessions":"Application Default"
  }
 ,"Advanced":{
    "Enable Meta Tags":false
   ,"Enable duplicate page submissions":"Yes - Enable page to be re-posted"
   ,"Reload on Submit":"Only for Success"
  }
 ,"Server Cache":{
    "Caching":"Disabled"
  }
 ,"Regions":[
    {
      "id":"129106204445527011"
     ,"Identification":{
        "Title":"HSSE Challenge"
       ,"Type":"Static Content"
      }
     ,"Source":{
        "HTML Code":"This isn\u2019t your typical quiz \u2014 there are no wrong answers here. Just you, real-world work scenarios, and the choices you\u2019d make in the moment. As you go through 10 short levels, your decisions tell a story about how you approach safety, health, and risk. At the end, you\u2019ll get a fun profile that shows what kind of safety thinker you are. Whether you\u0027re an expert or just curious, it\u0027s a quick and insightful way to explore HSSE in action."
      }
     ,"Layout":{
        "Sequence":10
       ,"Parent Region":"No Parent"
       ,"Position":"BODY"
       ,"Start New Layout":false
       ,"Start New Row":true
       ,"Column":"Automatic"
       ,"New Column":true
       ,"Column Span":"Automatic"
      }
     ,"Appearance":{
        "Template":"Alert (128097239334294762)"
       ,"Template Options":[
          "#DEFAULT#"
         ,"t-Alert--wizard"
         ,"t-Alert--defaultIcons"
         ,"t-Alert--warning"
        ]
       ,"Render Components":"Above Content"
      }
     ,"Accessibility":{
        "Use Landmark":true
       ,"Landmark Type":"Template Default"
      }
     ,"Advanced":{
        "Region Display Selector":false
       ,"Exclude Title from Translation":false
      }
     ,"Server Cache":{
        "Caching":"Disabled"
      }
     ,"Customization":{
        "Customizable":"Not Customizable By End Users"
      }
     ,"Attributes":{
        "Settings":{
          "Output As":"HTML"
         ,"Expand Shortcuts":false
        }
      }
    }
   ,{
      "id":"129106774358527016"
     ,"Identification":{
        "Title":"Question Area"
       ,"Type":"Dynamic Content"
      }
     ,"Source":{
        "Language":"PL\/SQL"
       ,"PL\/SQL Function Body returning a CLOB":"DECLARE\n    v_token         VARCHAR2(50) := :P5_QUIZ_TOKEN;\n    v_exists        NUMBER := 0;\n    v_level         NUMBER;\n    v_question_id   NUMBER;\n    v_question hsse_game_question.question_text%TYPE;\n    v_is_final      VARCHAR2(1);\n    v_output        CLOB;\n    v_completed     TIMESTAMP;\n    v_image varchar2(100);\nBEGIN\n    -- Step 1: Check if session exists\n    SELECT COUNT(*) INTO v_exists\n    FROM hsse_quiz_session\n    WHERE token = v_token;\n\n    SELECT current_level, completed_on\n    INTO v_level, v_completed\n    FROM hsse_quiz_session\n    WHERE token = v_token;\n\n    IF v_completed IS NOT NULL THEN\n    DECLARE\n        v_outcome_code    VARCHAR2(50);\n        v_outcome_title   VARCHAR2(100);\n        v_outcome_text    VARCHAR2(1000);\n        v_age             VARCHAR2(50);\n        v_industry        VARCHAR2(100);\n    BEGIN\n            -- Get user session info\n            SELECT outcome_code, age_group, industry,\n\n             \u0027https:\/\/apex.astrotekgy.com\/ords\/r\/hackathon_2025\/108\/files\/static\/v16\/\u0027||CASE outcome_code\n                WHEN \u0027CHAMPION\u0027 THEN \u0027safety-guardian.png\u0027\n                WHEN \u0027AWARE_BUT_INCONSISTENT\u0027 THEN \u0027room-for-growth.png\u0027\n                WHEN \u0027HIGH_RISK\u0027 THEN \u0027high-risk-profile.png\u0027\n              END\n\n            INTO v_outcome_code, v_age, v_industry, v_image\n            FROM hsse_quiz_session\n            WHERE token = v_token;\n\n            -- Get outcome description\n            SELECT outcome_title, outcome_description\n            INTO v_outcome_title, v_outcome_text\n            FROM hsse_game_outcome\n            WHERE outcome_code = v_outcome_code;\n\n\n            v_output := \u0027\u003Cdiv class=\"quiz-question\"\u003E\u0027;\n            v_output := v_output || \u0027\u003Ch3\u003EQuiz Complete\u003C\/h3\u003E\u0027;\n            v_output := v_output || \u0027\u003Cp\u003EThank you for completing the HSSE awareness challenge!\u003C\/p\u003E\u0027;\n            v_output := v_output || \u0027\u003Cdiv class=\"outcome-box\"\u003E\u003Cimg src=\"\u0027||v_image||\u0027\"\u003E\u0027;\n            v_output := v_output || \u0027\u003Ch4\u003EYour Safety Profile: \u003Cspan class=\"outcome-tag\"\u003E\u0027 || v_outcome_title || \u0027\u003C\/span\u003E\u003C\/h4\u003E\u0027;\n            v_output := v_output || \u0027\u003Cp\u003E\u0027 || v_outcome_text || \u0027\u003C\/p\u003E\u0027;\n            v_output := v_output || \u0027\u003C\/div\u003E\u0027;\n            v_output := v_output || \u0027\u003Cp\u003E\u003Cstrong\u003EIndustry:\u003C\/strong\u003E \u0027 || v_industry || \u0027 | \u003Cstrong\u003EAge Group:\u003C\/strong\u003E \u0027 || v_age || \u0027\u003C\/p\u003E\u0027;\n            v_output := v_output || \u0027\u003C\/div\u003E\u0027;\n\n            \n            RETURN v_output;\n        END;\n    END IF;\n\n\n\n    -- Step 3: Get question\n    SELECT id, question_text INTO v_question_id, v_question\n    FROM hsse_game_question\n    WHERE game_level = v_level;\n\n    :P5_QUESTION_ID := v_question_id;\n\n    -- Step 4: Build HTML content\n    v_output := \u0027\u003Cdiv class=\"quiz-question\"\u003E\u0027;\n    v_output := v_output || \u0027\u003Ch3\u003ELevel \u0027 || v_level || \u0027\u003C\/h3\u003E\u0027;\n    v_output := v_output || \u0027\u003Cp\u003E\u0027 || v_question || \u0027\u003C\/p\u003E\u0027;\n    v_output := v_output || \u0027\u003Cul\u003E\u0027;\n\n    FOR a IN (\n        SELECT id, answer_text\n        FROM hsse_game_answer\n        WHERE question_id = v_question_id\n    ) LOOP\n        v_output := v_output || \u0027\u003Cli\u003E\u0027;\n        v_output := v_output || \u0027\u003Cbutton type=\"button\" class=\"quiz-answer\" data-answer=\"\u0027 || a.id || \u0027\"\u003E\u0027 || a.answer_text || \u0027\u003C\/button\u003E\u0027;\n        v_output := v_output || \u0027\u003C\/li\u003E\u0027;\n    END LOOP;\n\n    v_output := v_output || \u0027\u003C\/ul\u003E\u0027;\n    v_output := v_output || \u0027\u003C\/div\u003E\u0027;\n\n    -- Output as CLOB\n    return v_output;\nEND;\n"
      }
     ,"Layout":{
        "Sequence":20
       ,"Parent Region":"HSSE Challenge (129106204445527011)"
       ,"Position":"SUB_REGIONS"
       ,"Start New Layout":false
       ,"Start New Row":true
       ,"Column":"Automatic"
       ,"New Column":true
       ,"Column Span":"Automatic"
      }
     ,"Appearance":{
        "Template":"Blank with Attributes (128166881740294818)"
       ,"Template Options":[
          "#DEFAULT#"
        ]
       ,"Render Components":"Above Content"
      }
     ,"Accessibility":{
        "Use Landmark":true
       ,"Landmark Type":"Template Default"
      }
     ,"Advanced":{
        "Static ID":"question-area"
       ,"Region Display Selector":false
       ,"Exclude Title from Translation":false
      }
     ,"Server-side Condition":{
        "Type":"Rows returned"
       ,"SQL Query":"SELECT current_level\n        FROM hsse_quiz_session\n        WHERE token = :P5_QUIZ_TOKEN"
      }
     ,"Server Cache":{
        "Caching":"Disabled"
      }
     ,"Customization":{
        "Customizable":"Not Customizable By End Users"
      }
     ,"Attributes":{
        "Performance":{
          "Lazy Loading":false
        }
      }
    }
   ,{
      "id":"129107582264527024"
     ,"Identification":{
        "Title":"Start The Challenge!"
       ,"Type":"Static Content"
      }
     ,"Layout":{
        "Sequence":10
       ,"Parent Region":"HSSE Challenge (129106204445527011)"
       ,"Position":"SUB_REGIONS"
       ,"Start New Layout":false
       ,"Start New Row":true
       ,"Column":"Automatic"
       ,"New Column":true
       ,"Column Span":"Automatic"
      }
     ,"Appearance":{
        "Template":"Alert (128097239334294762)"
       ,"Template Options":[
          "#DEFAULT#"
         ,"t-Alert--colorBG"
         ,"t-Alert--wizard"
         ,"t-Alert--defaultIcons"
         ,"t-Alert--success"
        ]
       ,"Icon":"fa-gamepad"
       ,"Render Components":"Above Content"
      }
     ,"Accessibility":{
        "Use Landmark":true
       ,"Landmark Type":"Template Default"
      }
     ,"Advanced":{
        "Region Display Selector":false
       ,"Exclude Title from Translation":false
      }
     ,"Server-side Condition":{
        "Type":"No Rows returned"
       ,"SQL Query":"SELECT current_level\n        FROM hsse_quiz_session\n        WHERE token = :P5_QUIZ_TOKEN"
      }
     ,"Server Cache":{
        "Caching":"Disabled"
      }
     ,"Customization":{
        "Customizable":"Not Customizable By End Users"
      }
     ,"Attributes":{
        "Settings":{
          "Output As":"HTML"
         ,"Expand Shortcuts":false
        }
      }
    }
  ]
 ,"Page Items":[
    {
      "id":"129106447598527013"
     ,"Identification":{
        "Name":"P5_QUESTION_ID"
       ,"Type":"Hidden"
      }
     ,"Settings":{
        "Value Protected":true
      }
     ,"Layout":{
        "Sequence":10
       ,"Region":"HSSE Challenge (129106204445527011)"
       ,"Position":"BODY"
      }
     ,"Advanced":{
        "Warn on Unsaved Changes":"Page Default"
      }
     ,"Source":{
        "Type":"Null"
       ,"Used":"Only when current value in session state is null"
      }
     ,"Session State":{
        "Data Type":"VARCHAR2"
       ,"Storage":"Per Session (Persistent)"
      }
     ,"Security":{
        "Session State Protection":"Unrestricted"
       ,"Store value encrypted in session state":true
       ,"Restricted Characters":"All characters can be saved."
      }
    }
   ,{
      "id":"129106556839527014"
     ,"Identification":{
        "Name":"P5_QUIZ_TOKEN"
       ,"Type":"Hidden"
      }
     ,"Settings":{
        "Value Protected":true
      }
     ,"Layout":{
        "Sequence":20
       ,"Region":"HSSE Challenge (129106204445527011)"
       ,"Position":"BODY"
      }
     ,"Advanced":{
        "Warn on Unsaved Changes":"Page Default"
      }
     ,"Source":{
        "Type":"Null"
       ,"Used":"Only when current value in session state is null"
      }
     ,"Session State":{
        "Data Type":"VARCHAR2"
       ,"Storage":"Per Session (Persistent)"
      }
     ,"Security":{
        "Session State Protection":"Unrestricted"
       ,"Store value encrypted in session state":true
       ,"Restricted Characters":"All characters can be saved."
      }
    }
   ,{
      "id":"129107235428527021"
     ,"Identification":{
        "Name":"P5_ANSWER"
       ,"Type":"Hidden"
      }
     ,"Settings":{
        "Value Protected":false
      }
     ,"Layout":{
        "Sequence":30
       ,"Region":"HSSE Challenge (129106204445527011)"
       ,"Position":"BODY"
      }
     ,"Advanced":{
        "Warn on Unsaved Changes":"Page Default"
      }
     ,"Source":{
        "Type":"Null"
       ,"Used":"Only when current value in session state is null"
      }
     ,"Session State":{
        "Data Type":"VARCHAR2"
       ,"Storage":"Per Session (Persistent)"
      }
     ,"Security":{
        "Session State Protection":"Unrestricted"
       ,"Store value encrypted in session state":true
       ,"Restricted Characters":"All characters can be saved."
      }
    }
   ,{
      "id":"129107636783527025"
     ,"Identification":{
        "Name":"P5_INDUSTRY"
       ,"Type":"Select List"
      }
     ,"Label":{
        "Label":"Industry"
       ,"Alignment":"Left"
      }
     ,"Settings":{
        "Page Action on Selection":"None"
       ,"Allow Multi Selection":false
      }
     ,"Layout":{
        "Sequence":10
       ,"Region":"Start The Challenge! (129107582264527024)"
       ,"Position":"BODY"
       ,"Alignment":"Left"
       ,"Start New Layout":false
       ,"Start New Row":true
       ,"Column":"Automatic"
       ,"New Column":true
       ,"Column Span":"Automatic"
       ,"Label Column Span":"Page Template Default"
      }
     ,"Appearance":{
        "Template":"Optional - Floating (128218987857294875)"
       ,"Template Options":[
          "#DEFAULT#"
         ,"t-Form-fieldContainer--stretchInputs"
         ,"t-Form-fieldContainer--large"
        ]
       ,"Height":1
      }
     ,"Validation":{
        "Value Required":false
      }
     ,"List of Values":{
        "Type":"SQL Query"
       ,"SQL Query":"SELECT industry_name AS display_value, industry_name AS return_value\nFROM ref_industry\nWHERE is_active = \u0027Y\u0027\nORDER BY industry_name;\n"
       ,"Display Extra Values":true
       ,"Display Null Value":true
      }
     ,"Advanced":{
        "Warn on Unsaved Changes":"Page Default"
      }
     ,"Source":{
        "Type":"Null"
       ,"Used":"Only when current value in session state is null"
      }
     ,"Session State":{
        "Storage":"Per Session (Persistent)"
      }
     ,"Quick Picks":{
        "Show Quick Picks":false
      }
     ,"Security":{
        "Session State Protection":"Unrestricted"
       ,"Store value encrypted in session state":true
       ,"Restricted Characters":"All characters can be saved."
      }
    }
   ,{
      "id":"129107738557527026"
     ,"Identification":{
        "Name":"P5_AGE_GROUP"
       ,"Type":"Select List"
      }
     ,"Label":{
        "Label":"Age Group"
       ,"Alignment":"Left"
      }
     ,"Settings":{
        "Page Action on Selection":"None"
       ,"Allow Multi Selection":false
      }
     ,"Layout":{
        "Sequence":20
       ,"Region":"Start The Challenge! (129107582264527024)"
       ,"Position":"BODY"
       ,"Alignment":"Left"
       ,"Start New Layout":false
       ,"Start New Row":true
       ,"Column":"Automatic"
       ,"New Column":true
       ,"Column Span":"Automatic"
       ,"Label Column Span":"Page Template Default"
      }
     ,"Appearance":{
        "Template":"Optional - Floating (128218987857294875)"
       ,"Template Options":[
          "#DEFAULT#"
         ,"t-Form-fieldContainer--stretchInputs"
         ,"t-Form-fieldContainer--large"
        ]
       ,"Height":1
      }
     ,"Validation":{
        "Value Required":false
      }
     ,"List of Values":{
        "Type":"SQL Query"
       ,"SQL Query":"SELECT \u0027Under 18\u0027 AS display_value, \u0027Under 18\u0027 AS return_value FROM dual\nUNION ALL SELECT \u002718\u201324\u0027, \u002718\u201324\u0027 FROM dual\nUNION ALL SELECT \u002725\u201334\u0027, \u002725\u201334\u0027 FROM dual\nUNION ALL SELECT \u002735\u201344\u0027, \u002735\u201344\u0027 FROM dual\nUNION ALL SELECT \u002745\u201354\u0027, \u002745\u201354\u0027 FROM dual\nUNION ALL SELECT \u002755+\u0027, \u002755+\u0027 FROM dual;"
       ,"Display Extra Values":true
       ,"Display Null Value":true
      }
     ,"Advanced":{
        "Warn on Unsaved Changes":"Page Default"
      }
     ,"Source":{
        "Type":"Null"
       ,"Used":"Only when current value in session state is null"
      }
     ,"Session State":{
        "Storage":"Per Session (Persistent)"
      }
     ,"Quick Picks":{
        "Show Quick Picks":false
      }
     ,"Security":{
        "Session State Protection":"Unrestricted"
       ,"Store value encrypted in session state":true
       ,"Restricted Characters":"All characters can be saved."
      }
    }
   ,{
      "id":"129108152105527030"
     ,"Identification":{
        "Name":"P5_JOB_ROLE"
       ,"Type":"Select List"
      }
     ,"Label":{
        "Label":"Job Role"
       ,"Alignment":"Left"
      }
     ,"Settings":{
        "Page Action on Selection":"None"
       ,"Allow Multi Selection":false
      }
     ,"Layout":{
        "Sequence":30
       ,"Region":"Start The Challenge! (129107582264527024)"
       ,"Position":"BODY"
       ,"Alignment":"Left"
       ,"Start New Layout":false
       ,"Start New Row":true
       ,"Column":"Automatic"
       ,"New Column":true
       ,"Column Span":"Automatic"
       ,"Label Column Span":"Page Template Default"
      }
     ,"Appearance":{
        "Template":"Optional - Floating (128218987857294875)"
       ,"Template Options":[
          "#DEFAULT#"
         ,"t-Form-fieldContainer--stretchInputs"
         ,"t-Form-fieldContainer--large"
        ]
       ,"Height":1
      }
     ,"Validation":{
        "Value Required":false
      }
     ,"List of Values":{
        "Type":"SQL Query"
       ,"SQL Query":"SELECT \u0027Engineer\u0027 AS display_value, \u0027Engineer\u0027 AS return_value FROM dual\nUNION ALL SELECT \u0027Technician\u0027, \u0027Technician\u0027 FROM dual\nUNION ALL SELECT \u0027Supervisor\u0027, \u0027Supervisor\u0027 FROM dual\nUNION ALL SELECT \u0027Manager\u0027, \u0027Manager\u0027 FROM dual\nUNION ALL SELECT \u0027Safety Officer\u0027, \u0027Safety Officer\u0027 FROM dual\nUNION ALL SELECT \u0027Administrative Staff\u0027, \u0027Administrative Staff\u0027 FROM dual\nUNION ALL SELECT \u0027Student\u0027, \u0027Student\u0027 FROM dual\nUNION ALL SELECT \u0027Other\u0027, \u0027Other\u0027 FROM dual;"
       ,"Display Extra Values":true
       ,"Display Null Value":true
      }
     ,"Advanced":{
        "Warn on Unsaved Changes":"Page Default"
      }
     ,"Source":{
        "Type":"Null"
       ,"Used":"Only when current value in session state is null"
      }
     ,"Session State":{
        "Storage":"Per Session (Persistent)"
      }
     ,"Quick Picks":{
        "Show Quick Picks":false
      }
     ,"Security":{
        "Session State Protection":"Unrestricted"
       ,"Store value encrypted in session state":true
       ,"Restricted Characters":"All characters can be saved."
      }
    }
   ,{
      "id":"129108263374527031"
     ,"Identification":{
        "Name":"P5_EXPERIENCE"
       ,"Type":"Select List"
      }
     ,"Label":{
        "Label":"Experience"
       ,"Alignment":"Left"
      }
     ,"Settings":{
        "Page Action on Selection":"None"
       ,"Allow Multi Selection":false
      }
     ,"Layout":{
        "Sequence":40
       ,"Region":"Start The Challenge! (129107582264527024)"
       ,"Position":"BODY"
       ,"Alignment":"Left"
       ,"Start New Layout":false
       ,"Start New Row":true
       ,"Column":"Automatic"
       ,"New Column":true
       ,"Column Span":"Automatic"
       ,"Label Column Span":"Page Template Default"
      }
     ,"Appearance":{
        "Template":"Optional - Floating (128218987857294875)"
       ,"Template Options":[
          "#DEFAULT#"
         ,"t-Form-fieldContainer--stretchInputs"
         ,"t-Form-fieldContainer--large"
        ]
       ,"Height":1
      }
     ,"Validation":{
        "Value Required":false
      }
     ,"List of Values":{
        "Type":"SQL Query"
       ,"SQL Query":"SELECT \u0027Beginner (0\u20131 years)\u0027, \u0027Beginner\u0027 FROM dual\nUNION ALL SELECT \u0027Intermediate (2\u20135 years)\u0027, \u0027Intermediate\u0027 FROM dual\nUNION ALL SELECT \u0027Advanced (6+ years)\u0027, \u0027Advanced\u0027 FROM dual;"
       ,"Display Extra Values":true
       ,"Display Null Value":true
      }
     ,"Advanced":{
        "Warn on Unsaved Changes":"Page Default"
      }
     ,"Source":{
        "Type":"Null"
       ,"Used":"Only when current value in session state is null"
      }
     ,"Session State":{
        "Storage":"Per Session (Persistent)"
      }
     ,"Quick Picks":{
        "Show Quick Picks":false
      }
     ,"Security":{
        "Session State Protection":"Unrestricted"
       ,"Store value encrypted in session state":true
       ,"Restricted Characters":"All characters can be saved."
      }
    }
  ]
 ,"Buttons":[
    {
      "id":"129107898277527027"
     ,"Identification":{
        "Button Name":"START_CHALLENGE"
       ,"Label":"Start Challenge"
      }
     ,"Layout":{
        "Sequence":50
       ,"Region":"Start The Challenge! (129107582264527024)"
       ,"Position":"BODY"
       ,"Start New Layout":false
       ,"Start New Row":true
       ,"Column":"5"
       ,"New Column":true
       ,"Column Span":"4"
       ,"Alignment":"Left center"
      }
     ,"Appearance":{
        "Button Template":"Text (128221445272294880)"
       ,"Hot":true
       ,"Template Options":[
          "#DEFAULT#"
         ,"t-Button--large"
         ,"t-Button--stretch"
        ]
      }
     ,"Behavior":{
        "Action":"Submit Page"
       ,"Execute Validations":true
       ,"Warn on Unsaved Changes":"Do Not Check"
      }
    }
  ]
 ,"Dynamic Actions":[
    {
      "id":"129107081829527019"
     ,"Identification":{
        "Name":"Quiz Answer"
      }
     ,"Execution":{
        "Sequence":10
       ,"Event Scope":"Dynamic"
       ,"Static Container (jQuery Selector)":"#question-area"
       ,"Type":"Immediate"
      }
     ,"When":{
        "Event":"EVENT.EVENT.BROWSER.CLICK"
       ,"Selection Type":"jQuery Selector"
       ,"jQuery Selector":".quiz-answer"
      }
     ,"Actions":[
        {
          "id":"129107150250527020"
         ,"Identification":{
            "Action":"Execute JavaScript Code"
          }
         ,"Settings":{
            "Code":"var answer = $(this.triggeringElement).data(\u0027answer\u0027);\napex.item(\u0027P5_ANSWER\u0027).setValue(answer);\nconsole.log(answer);"
          }
         ,"Execution":{
            "Sequence":10
           ,"Event":"Quiz Answer (129107081829527019)"
           ,"Fire When Event Result Is":"True"
           ,"Fire on Initialization":false
          }
        }
      ]
    }
   ,{
      "id":"129107366520527022"
     ,"Identification":{
        "Name":"New"
      }
     ,"Execution":{
        "Sequence":20
       ,"Event Scope":"Static"
       ,"Type":"Immediate"
      }
     ,"When":{
        "Event":"EVENT.EVENT.BROWSER.CHANGE"
       ,"Selection Type":"Item(s)"
       ,"Item(s)":[
          "P5_ANSWER"
        ]
      }
     ,"Actions":[
        {
          "id":"129107434834527023"
         ,"Identification":{
            "Action":"Execute Server-side Code"
          }
         ,"Settings":{
            "Language":"PE.PROPERTY.SOURCE_SNIPPET_LANG.LOV.PLSQL.D"
           ,"PL\/SQL Code":"DECLARE    \n    v_token        VARCHAR2(50) := :P5_QUIZ_TOKEN;\n    v_question_id  NUMBER       := :P5_QUESTION_ID;\n    v_answer_id    NUMBER       := :P5_ANSWER;\n    v_next_level   NUMBER;\n    V_outcome_code varchar2(100);\nBEGIN\n    -- Get next level from the answer\n    SELECT next_level INTO v_next_level\n    FROM hsse_game_answer\n    WHERE id = v_answer_id;\n\n    -- 1. Log this answer\n    INSERT INTO hsse_game_player_log (\n        player_id, game_level, question_id, answer_id\n    )\n    SELECT id, current_level, v_question_id, v_answer_id\n    FROM hsse_quiz_session\n    WHERE token = v_token;\n\n    -- 2. Advance to the next level (if not NULL)\n    IF v_next_level IS NOT NULL THEN\n        UPDATE hsse_quiz_session\n        SET current_level = v_next_level\n        WHERE token = v_token;\n    ELSE\n        -- 3. Mark completion timestamp\n        UPDATE hsse_quiz_session\n        SET completed_on = SYSTIMESTAMP\n        WHERE token = v_token;\n\n        SELECT CASE\n         WHEN COUNT(CASE WHEN a.outcome_hint = \u0027proactive\u0027 THEN 1 END) \u003E= 7 THEN \u0027CHAMPION\u0027\n         WHEN COUNT(CASE WHEN a.outcome_hint = \u0027risky\u0027 THEN 1 END) \u003E= 5 THEN \u0027HIGH_RISK\u0027\n         ELSE \u0027AWARE_BUT_INCONSISTENT\u0027\n          END\n        INTO v_outcome_code\n        FROM hsse_game_player_log l\n        JOIN hsse_game_answer a ON a.id = l.answer_id\n        WHERE l.player_id = (SELECT id FROM hsse_quiz_session WHERE token = :P5_QUIZ_TOKEN);\n\n        UPDATE hsse_quiz_session\n        SET outcome_code = v_outcome_code,\n            completed_on = SYSTIMESTAMP\n        WHERE token = :P5_QUIZ_TOKEN;\n\n    END IF;\nEND;"
           ,"Items to Submit":[
              "P5_QUESTION_ID"
             ,"P5_ANSWER"
             ,"P5_QUIZ_TOKEN"
            ]
          }
         ,"Execution":{
            "Sequence":10
           ,"Event":"New (129107366520527022)"
           ,"Fire When Event Result Is":"True"
           ,"Fire on Initialization":false
           ,"Stop Execution On Error":true
           ,"Wait For Result":true
          }
        }
       ,{
          "id":"129108346797527032"
         ,"Identification":{
            "Action":"Refresh"
          }
         ,"Affected Elements":{
            "Selection Type":"Region"
           ,"Region":"Question Area (129106774358527016)"
          }
         ,"Execution":{
            "Sequence":20
           ,"Event":"New (129107366520527022)"
           ,"Fire When Event Result Is":"True"
           ,"Fire on Initialization":false
          }
        }
      ]
    }
  ]
 ,"Computations":[
    {
      "id":"129106627205527015"
     ,"Identification":{
        "Item Name":"P5_QUESTION_ID"
      }
     ,"Execution":{
        "Sequence":10
       ,"Point":"Before Regions"
      }
     ,"Computation":{
        "Type":"Function Body"
       ,"Language":"PL\/SQL"
       ,"PL\/SQL Function Body":"DECLARE\n    v_token         VARCHAR2(50) := :P5_QUIZ_TOKEN;\n    v_level         NUMBER;\n    v_question_id   NUMBER;\n    v_question      hsse_game_question%ROWTYPE;\n    v_exists        NUMBER := 0;\nBEGIN\n    -- Check if session exists\n    SELECT COUNT(*) INTO v_exists\n    FROM hsse_quiz_session\n    WHERE token = v_token;\n\n    IF v_exists = 0 THEN\n        -- Insert new session with default level 1\n        INSERT INTO hsse_quiz_session (token, current_level)\n        VALUES (v_token, 1)\n        RETURNING current_level INTO v_level;\n    ELSE\n        -- Get current level from session\n        SELECT current_level INTO v_level\n        FROM hsse_quiz_session\n        WHERE token = v_token;\n    END IF;\n\n    -- Fetch the corresponding question\n    SELECT * INTO v_question\n    FROM hsse_game_question\n    WHERE game_level = v_level;\n\n    v_question_id := v_question.id;\n\n    -- Show question text\n    DBMS_OUTPUT.PUT_LINE(\u0027Level \u0027 || v_level || \u0027: \u0027 || v_question.question_text);\n\n    -- Fetch and show answer options\n    FOR ans IN (\n        SELECT id, answer_text\n        FROM hsse_game_answer\n        WHERE question_id = v_question_id\n    ) LOOP\n        DBMS_OUTPUT.PUT_LINE(\u0027Answer ID: \u0027 || ans.id || \u0027 - \u0027 || ans.answer_text);\n    END LOOP;\n\nEXCEPTION\n    WHEN NO_DATA_FOUND THEN\n        DBMS_OUTPUT.PUT_LINE(\u0027No question found for level \u0027 || v_level);\n    WHEN OTHERS THEN\n        DBMS_OUTPUT.PUT_LINE(\u0027Unexpected error: \u0027 || SQLERRM);\nEND;\n"
      }
     ,"Server-side Condition":{
        "Type":"Never"
      }
    }
  ]
 ,"Processes":[
    {
      "id":"129107937932527028"
     ,"Identification":{
        "Name":"Start"
       ,"Type":"Execute Code"
       ,"Execution Chain":"None"
      }
     ,"Source":{
        "Location":"Local Database"
       ,"Language":"PL\/SQL"
       ,"PL\/SQL Code":"BEGIN\n  INSERT INTO hsse_quiz_session (token, current_level, age_group, industry, job_role, experience_level)\n  VALUES (:P5_QUIZ_TOKEN, 1, :P5_AGE_GROUP, :P5_INDUSTRY, :P5_JOB_ROLE, :P5_EXPERIENCE);\nEND;"
      }
     ,"Execution":{
        "Sequence":10
       ,"Point":"Processing"
       ,"Run Process":"Once Per Page Visit (default)"
      }
     ,"Error":{
        "Display Location":"Inline in Notification"
      }
     ,"Server-side Condition":{
        "When Button Pressed":"START_CHALLENGE (129107898277527027)"
      }
    }
  ]
 ,"Branches":[
    {
      "id":"129108035821527029"
     ,"Identification":{
        "Name":"Start Game"
      }
     ,"Execution":{
        "Sequence":10
       ,"Point":"After Processing"
      }
     ,"Behavior":{
        "Type":"Page or URL (Redirect)"
       ,"Target":{
          "url":"f?p=\u0026APP_ID.:5:\u0026SESSION.::\u0026DEBUG.::P5_QUIZ_TOKEN:\u0026P5_QUIZ_TOKEN.\u0026success_msg=#SUCCESS_MSG#"
         ,"Page":"5"
         ,"Values":{
            "P5_QUIZ_TOKEN":"\u0026P5_QUIZ_TOKEN."
          }
        }
      }
    }
  ]
}
