{
  "id":"4"
 ,"Identification":{
    "Name":"test map"
   ,"Alias":"TEST-MAP"
   ,"Title":"test map"
  }
 ,"Appearance":{
    "Page Mode":"Normal"
   ,"Page Template":"Theme Default"
   ,"Template Options":[
      "#DEFAULT#"
    ]
  }
 ,"Navigation Menu":{
    "Override User Interface Level":false
  }
 ,"Navigation":{
    "Cursor Focus":"Do not focus cursor"
   ,"Warn on Unsaved Changes":false
  }
 ,"Security":{
    "Authentication":"Page Is Public"
   ,"Deep Linking":"Application Default"
   ,"Page Access Protection":"Arguments Must Have Checksum"
   ,"Form Auto Complete":"Off"
   ,"Browser Cache":"Application Default"
  }
 ,"Session Management":{
    "Rejoin Sessions":"Application Default"
  }
 ,"Advanced":{
    "Enable Meta Tags":false
   ,"Enable duplicate page submissions":"Yes - Enable page to be re-posted"
   ,"Reload on Submit":"Only for Success"
  }
 ,"Server Cache":{
    "Caching":"Disabled"
  }
 ,"Regions":[
    {
      "id":"129079761337025648"
     ,"Identification":{
        "Title":"Breadcrumb"
       ,"Type":"Breadcrumb"
      }
     ,"Source":{
        "Breadcrumb":"Breadcrumb (128045065582294669)"
      }
     ,"Layout":{
        "Sequence":10
       ,"Parent Region":"No Parent"
       ,"Position":"REGION_POSITION_01"
       ,"Start New Layout":false
       ,"Start New Row":true
       ,"Column":"Automatic"
       ,"New Column":true
       ,"Column Span":"Automatic"
      }
     ,"Appearance":{
        "Template":"Title Bar (128118006630294781)"
       ,"Template Options":[
          "#DEFAULT#"
         ,"t-BreadcrumbRegion--useBreadcrumbTitle"
        ]
       ,"Render Components":"Above Content"
      }
     ,"Accessibility":{
        "Use Landmark":true
       ,"Landmark Type":"Template Default"
      }
     ,"Advanced":{
        "Region Display Selector":false
       ,"Exclude Title from Translation":false
      }
     ,"Server Cache":{
        "Caching":"Disabled"
      }
     ,"Customization":{
        "Customizable":"Not Customizable By End Users"
      }
     ,"Attributes":{
        "Appearance":{
          "Breadcrumb Template":"Breadcrumb (128223028985294882)"
         ,"Template Options":[
            "#DEFAULT#"
          ]
        }
      }
    }
   ,{
      "id":"129080434510025654"
     ,"Identification":{
        "Title":"test map"
       ,"Type":"Map"
      }
     ,"Layout":{
        "Sequence":10
       ,"Parent Region":"No Parent"
       ,"Position":"BODY"
       ,"Start New Layout":false
       ,"Start New Row":true
       ,"Column":"Automatic"
       ,"New Column":true
       ,"Column Span":"Automatic"
      }
     ,"Appearance":{
        "Template":"Blank with Attributes (No Grid) (128155608466294807)"
       ,"Template Options":[
          "#DEFAULT#"
        ]
       ,"Render Components":"Above Content"
      }
     ,"Accessibility":{
        "Use Landmark":true
       ,"Landmark Type":"Template Default"
      }
     ,"Advanced":{
        "Region Display Selector":false
       ,"Exclude Title from Translation":false
      }
     ,"Server Cache":{
        "Caching":"Disabled"
      }
     ,"Customization":{
        "Customizable":"Not Customizable By End Users"
      }
     ,"Attributes":{
        "id":"129080807266025654"
       ,"Map":{
          "Background":"Default"
         ,"Height":640
        }
       ,"Controls":{
          "Navigation Bar":"Zoom and Compass"
         ,"Navigation Bar Position":"End"
         ,"Options":[
            "Scale Bar"
           ,"Infinite Map"
           ,"Rectangle Zoom"
          ]
        }
       ,"Initial Position and Zoom":{
          "Type":"Based on Spatial Results"
        }
       ,"Legend":{
          "Show":true
         ,"Position":"End"
        }
       ,"Attributes":{
          "Messages Position":"Below"
         ,"Unit System":"Metric"
        }
       ,"Performance":{
          "Lazy Loading":true
        }
       ,"Layers":[
          {
            "id":"129081328864025656"
           ,"Identification":{
              "Name":"test map"
             ,"Layer Type":"Points"
            }
           ,"Layout":{
              "Sequence":10
            }
           ,"Source":{
              "Location":"Local Database"
             ,"Type":"Table \/ View"
             ,"Table Owner":"Parsing Schema"
             ,"Table Name":"HSSE_REPORTS"
             ,"Include ROWID Column":false
             ,"Use Spatial Index":false
            }
           ,"Column Mapping":{
              "Geometry Column Data Type":"Longitude\/Latitude"
             ,"Longitude Column":"LONGITUDE"
             ,"Latitude Column":"LATITUDE"
            }
           ,"Point Objects":{
              "Style":"SVG"
             ,"Shape":"Default"
            }
           ,"Point Clustering":{
              "Enable":false
            }
           ,"Tooltip":{
              "Advanced Formatting":true
            }
           ,"Info Window":{
              "Advanced Formatting":false
            }
           ,"Legend":{
              "Show":true
             ,"Enable to Hide":true
            }
          }
        ]
      }
    }
  ]
}
