{
  "id":"2"
 ,"Identification":{
    "Name":"test"
   ,"Alias":"TEST"
   ,"Title":"test"
  }
 ,"Appearance":{
    "Page Mode":"Normal"
   ,"Page Template":"Theme Default"
   ,"Template Options":[
      "#DEFAULT#"
    ]
  }
 ,"Navigation Menu":{
    "Override User Interface Level":false
  }
 ,"Navigation":{
    "Cursor Focus":"Do not focus cursor"
   ,"Warn on Unsaved Changes":true
  }
 ,"CSS":{
    "Inline":"\/* Background setup *\/\nbody.t-PageBody {\n    background-image: url(#APP_FILES#guard bg.jpg);\n    background-size: cover;\n    background-position: center;\n    background-repeat: no-repeat;\n    min-height: 100vh;\n    margin: 0;\n    display: flex;\n    justify-content: center;\n    align-items: center;\n    font-family: \u0027Segoe UI\u0027, sans-serif;\n}\n\n\/* Container for boxes *\/\n.landing-container {\n    display: flex;\n    flex-wrap: wrap;\n    justify-content: center;\n    gap: 2rem;\n    padding: 2rem;\n    background-color: rgba(255, 255, 255, 0.1);\n    border-radius: 16px;\n    backdrop-filter: blur(4px);\n    max-width: 1200px;\n    width: 100%;\n    box-sizing: border-box;\n}\n\n\/* Individual box styles *\/\n.landing-box {\n    background-color: rgba(255, 255, 255, 0.92);\n    border-radius: 12px;\n    padding: 2rem 1.5rem;\n    flex: 1 1 300px;\n    max-width: 350px;\n    text-align: center;\n    box-shadow: 0 4px 15px rgba(0, 0, 0, 0.2);\n    transition: transform 0.3s ease, box-shadow 0.3s ease;\n    backdrop-filter: blur(0px);\n}\n\n.landing-box:hover {\n    transform: translateY(-5px);\n    box-shadow: 0 10px 20px rgba(0, 0, 0, 0.3);\n}\n\n\/* Headings and paragraph inside boxes *\/\n.landing-box h3 {\n    font-size: 1.5rem;\n    margin-bottom: 1rem;\n    color: #333;\n}\n\n.landing-box p {\n    font-size: 1rem;\n    color: #555;\n}\n\n\/* Responsive tweaks *\/\n@media (max-width: 992px) {\n    .landing-box {\n        max-width: 100%;\n    }\n}\n\n@media (max-width: 600px) {\n    .landing-container {\n        padding: 1rem;\n        gap: 1rem;\n    }\n\n    .landing-box {\n        padding: 1.5rem 1rem;\n    }\n\n    .landing-box h3 {\n        font-size: 1.25rem;\n    }\n\n    .landing-box p {\n        font-size: 0.95rem;\n    }\n}\n"
  }
 ,"Security":{
    "Authentication":"Page Is Public"
   ,"Deep Linking":"Application Default"
   ,"Page Access Protection":"Arguments Must Have Checksum"
   ,"Form Auto Complete":"Off"
   ,"Browser Cache":"Application Default"
  }
 ,"Session Management":{
    "Rejoin Sessions":"Application Default"
  }
 ,"Advanced":{
    "Enable Meta Tags":false
   ,"Enable duplicate page submissions":"Yes - Enable page to be re-posted"
   ,"Reload on Submit":"Only for Success"
  }
 ,"Server Cache":{
    "Caching":"Disabled"
  }
}
