{
  "Identification":{
    "Name":"GUARD"
   ,"Alias":"GUARD108"
   ,"Version":"Release 1.0"
  }
 ,"Row Search":{
    "Tokenize":true
  }
 ,"Availability":{
    "Status":"Available with Developer Toolbar"
   ,"Build Status":"Run and Build Application"
  }
 ,"Error Handling":{
    "Default Display Location":"Inline with Field and in Notification"
  }
 ,"Report Printing":{
    "Type":"Native Printing"
  }
 ,"Advanced":{
    "Friendly URLs":true
   ,"Allow Feedback":true
   ,"Logging":true
   ,"Debugging":false
   ,"Compatibility Mode":"21.2 \/ 22.1 \/ 22.2"
   ,"Pass ECID":"Y"
  }
 ,"Authentication":{
    "Public User":"APEX_PUBLIC_USER"
   ,"Authentication Scheme":"Oracle APEX Accounts (128044759765294667)"
  }
 ,"Authorization":{
    "Source for Role or Group Schemes":"Access Control User Role Assignments"
  }
 ,"Session Management":{
    "Rejoin Sessions":"Disabled"
  }
 ,"Session State Protection":{
    "Enabled":true
  }
 ,"Security":{
    "Deep Linking":"Disabled"
   ,"Browser Cache":"Disabled"
   ,"Embed in Frames":"Deny"
   ,"Referrer Policy":"strict-origin"
   ,"HTML Escaping Mode":"Extended"
  }
 ,"Database Session":{
    "Parsing Schema":"HACKATHON_2025"
  }
 ,"Globalization":{
    "Primary Language":"English (United States) (en-us)"
   ,"Document Direction":"Left-To-Right"
   ,"Language Derived From":"Application Primary Language"
   ,"Automatic Time Zone":false
   ,"Automatic CSV Encoding":true
  }
 ,"Application Format Masks":{
    "Date":"DS"
   ,"Timestamp":"DS"
   ,"Timestamp Time Zone":"DS"
  }
 ,"Character Value Comparison":{
    "Behavior":"Database session NLS setting (default)"
  }
 ,"Logo":{
    "Type":"Image and Text"
   ,"Image URL":"#APP_FILES#icons\/app-icon-144-rounded.png"
   ,"Text":"GUARD"
  }
 ,"Progressive Web App":{
    "Enable":true
   ,"Installable":true
   ,"Display":"Fullscreen"
   ,"Screen Orientation":"Any"
   ,"iOS Status Bar Style":"Default"
   ,"Enable Push Notifications":false
  }
 ,"Navigation":{
    "Home URL":{
      "url":"f?p=\u0026APP_ID.:1:\u0026APP_SESSION.::\u0026DEBUG.:::"
     ,"Page":"1"
    }
   ,"Login URL":{
      "url":"f?p=\u0026APP_ID.:LOGIN:\u0026APP_SESSION.::\u0026DEBUG.:::"
     ,"Page":"LOGIN"
    }
  }
 ,"Navigation Menu":{
    "List Template":"Side Navigation Menu (128206285369294862)"
   ,"Template Options":[
      "#DEFAULT#"
     ,"js-defaultCollapsed"
     ,"js-navCollapsed--hidden"
     ,"t-TreeNav--styleA"
    ]
   ,"List Position":"Side"
   ,"List":"Navigation Menu (128045496793294675)"
  }
 ,"Navigation Bar":{
    "Implementation":"List"
   ,"List":"Navigation Bar (128334388568295293)"
   ,"List Template":"Navigation Bar (128209000787294865)"
   ,"Template Options":[
      "#DEFAULT#"
    ]
  }
 ,"JavaScript":{
    "Include jQuery Migrate":false
  }
 ,"Attributes":{
    "Theme":"Universal Theme (42)"
   ,"Global Page":"0"
   ,"Enable End Users to choose Theme Style":false
   ,"Add \"Built with APEX\" to Footer":false
  }
 ,"Substitutions":[
    {
      "id":"1"
     ,"Identification":{
        "Name":"APP_NAME"
      }
     ,"Value":{
        "Static Value":"GUARD"
      }
    }
  ]
 ,"Component Settings":[
    {
      "id":"128041466359294656"
     ,"Identification":{
        "Name":"NATIVE_IR"
       ,"Type":"Region"
      }
     ,"Settings":{
        "Attribute 1":"IG"
      }
     ,"Subscription":{
        "Version Number":37228511
      }
    }
   ,{
      "id":"128041780552294659"
     ,"Identification":{
        "Name":"NATIVE_COLOR_PICKER"
       ,"Type":"Item"
      }
     ,"Settings":{
        "Attribute 1":"FULL"
       ,"Attribute 2":"POPUP"
      }
     ,"Subscription":{
        "Version Number":37228511
      }
    }
   ,{
      "id":"128042051819294659"
     ,"Identification":{
        "Name":"NATIVE_STAR_RATING"
       ,"Type":"Item"
      }
     ,"Settings":{
        "Attribute 1":"fa-star"
       ,"Attribute 4":"#VALUE#"
      }
     ,"Subscription":{
        "Version Number":37228511
      }
    }
   ,{
      "id":"128042353380294660"
     ,"Identification":{
        "Name":"NATIVE_YES_NO"
       ,"Type":"Item"
      }
     ,"Settings":{
        "Attribute 1":"Y"
       ,"Attribute 3":"N"
       ,"Attribute 5":"SWITCH_CB"
      }
     ,"Subscription":{
        "Version Number":37228511
      }
    }
   ,{
      "id":"128042698223294660"
     ,"Identification":{
        "Name":"NATIVE_DISPLAY_SELECTOR"
       ,"Type":"Region"
      }
     ,"Settings":{
        "Attribute 1":"Y"
      }
     ,"Subscription":{
        "Version Number":37228511
      }
    }
   ,{
      "id":"128042914652294660"
     ,"Identification":{
        "Name":"NATIVE_DATE_PICKER_APEX"
       ,"Type":"Item"
      }
     ,"Settings":{
        "Attribute 1":"MONTH-PICKER:YEAR-PICKER:TODAY-BUTTON"
       ,"Attribute 2":"VISIBLE"
       ,"Attribute 3":"15"
       ,"Attribute 4":"FOCUS"
      }
     ,"Subscription":{
        "Version Number":37228511
      }
    }
   ,{
      "id":"128043284332294660"
     ,"Identification":{
        "Name":"NATIVE_GEOCODED_ADDRESS"
       ,"Type":"Item"
      }
     ,"Settings":{
        "Attribute 1":"RELAX_HOUSE_NUMBER"
       ,"Attribute 2":"N"
       ,"Attribute 3":"POPUP:ITEM"
       ,"Attribute 4":"default"
       ,"Attribute 6":"LIST"
      }
     ,"Subscription":{
        "Version Number":37228511
      }
    }
   ,{
      "id":"128043576052294660"
     ,"Identification":{
        "Name":"NATIVE_MAP_REGION"
       ,"Type":"Region"
      }
     ,"Settings":{
        "Attribute 1":"Y"
      }
     ,"Subscription":{
        "Version Number":37228511
      }
    }
   ,{
      "id":"128043857162294660"
     ,"Identification":{
        "Name":"NATIVE_ADFBC"
       ,"Type":"REST Data Source"
      }
     ,"Subscription":{
        "Version Number":37228511
      }
    }
   ,{
      "id":"128044178730294661"
     ,"Identification":{
        "Name":"NATIVE_SINGLE_CHECKBOX"
       ,"Type":"Item"
      }
     ,"Settings":{
        "Attribute 1":"Y"
       ,"Attribute 2":"N"
      }
     ,"Subscription":{
        "Version Number":37228511
      }
    }
   ,{
      "id":"128838229086594272"
     ,"Identification":{
        "Name":"PLUGIN_COM.JK64.REPORT_GOOGLE_MAP_R1"
       ,"Type":"Region"
      }
     ,"Settings":{
        "Attribute 1":"AIzaSyB7fuOELy0zJ2Iewv7aozaL8UNSD-6HF_Y"
       ,"Attribute 5":"1"
       ,"Attribute 7":"10000"
       ,"Attribute 8":"METRIC"
      }
     ,"Subscription":{
        "Version Number":37512809
      }
    }
  ]
}
