{
  "id":"6"
 ,"Identification":{
    "Name":"Upload media"
   ,"Alias":"UPLOAD-MEDIA"
   ,"Title":"Upload media"
  }
 ,"Appearance":{
    "Page Mode":"Normal"
   ,"Page Template":"Theme Default"
   ,"Template Options":[
      "#DEFAULT#"
    ]
  }
 ,"Navigation Menu":{
    "Override User Interface Level":false
  }
 ,"Navigation":{
    "Cursor Focus":"Do not focus cursor"
   ,"Warn on Unsaved Changes":true
  }
 ,"Security":{
    "Authentication":"Page Requires Authentication"
   ,"Deep Linking":"Application Default"
   ,"Page Access Protection":"Arguments Must Have Checksum"
   ,"Form Auto Complete":"Off"
   ,"Browser Cache":"Application Default"
  }
 ,"Session Management":{
    "Rejoin Sessions":"Application Default"
  }
 ,"Advanced":{
    "Enable duplicate page submissions":"Yes - Enable page to be re-posted"
   ,"Reload on Submit":"Only for Success"
  }
 ,"Server Cache":{
    "Caching":"Disabled"
  }
 ,"Regions":[
    {
      "id":"129182717727228426"
     ,"Identification":{
        "Title":"Breadcrumb"
       ,"Type":"Breadcrumb"
      }
     ,"Source":{
        "Breadcrumb":"Breadcrumb (127708887208976605)"
      }
     ,"Layout":{
        "Sequence":10
       ,"Parent Region":"No Parent"
       ,"Position":"REGION_POSITION_01"
       ,"Start New Layout":false
       ,"Start New Row":true
       ,"Column":"Automatic"
       ,"New Column":true
       ,"Column Span":"Automatic"
      }
     ,"Appearance":{
        "Template":"Title Bar (127781995781976697)"
       ,"Template Options":[
          "#DEFAULT#"
         ,"t-BreadcrumbRegion--useBreadcrumbTitle"
        ]
       ,"Render Components":"Above Content"
      }
     ,"Accessibility":{
        "Use Landmark":true
       ,"Landmark Type":"Template Default"
      }
     ,"Advanced":{
        "Region Display Selector":false
       ,"Exclude Title from Translation":false
      }
     ,"Server Cache":{
        "Caching":"Disabled"
      }
     ,"Customization":{
        "Customizable":"Not Customizable By End Users"
      }
     ,"Attributes":{
        "Appearance":{
          "Breadcrumb Template":"Breadcrumb (127886952360976789)"
         ,"Template Options":[
            "#DEFAULT#"
          ]
        }
      }
    }
   ,{
      "id":"129183447995228443"
     ,"Identification":{
        "Title":"Upload media"
       ,"Type":"Form"
      }
     ,"Source":{
        "Location":"Local Database"
       ,"Type":"Table \/ View"
       ,"Table Owner":"Parsing Schema"
       ,"Table Name":"HSSE_REPORT_MEDIA"
       ,"Include ROWID Column":false
      }
     ,"Layout":{
        "Sequence":10
       ,"Parent Region":"No Parent"
       ,"Position":"BODY"
       ,"Start New Layout":false
       ,"Start New Row":true
       ,"Column":"Automatic"
       ,"New Column":true
       ,"Column Span":"Automatic"
      }
     ,"Appearance":{
        "Template":"Standard (127820918811976719)"
       ,"Template Options":[
          "#DEFAULT#"
         ,"t-Region--scrollBody"
        ]
       ,"Render Components":"Above Content"
      }
     ,"Accessibility":{
        "Use Landmark":true
       ,"Landmark Type":"Template Default"
      }
     ,"Advanced":{
        "Region Display Selector":false
       ,"Exclude Title from Translation":false
      }
     ,"Server Cache":{
        "Caching":"Disabled"
      }
     ,"Customization":{
        "Customizable":"Not Customizable By End Users"
      }
     ,"Attributes":{
        "Edit":{
          "Enabled":true
         ,"Allowed Operations":[
            "Add Row"
           ,"Update Row"
           ,"Delete Row"
          ]
         ,"Lost Update Type":"Row Values"
        }
      }
    }
  ]
 ,"Page Items":[
    {
      "id":"129183868655228444"
     ,"Identification":{
        "Name":"P6_ID"
       ,"Type":"Hidden"
      }
     ,"Settings":{
        "Value Protected":true
      }
     ,"Layout":{
        "Sequence":10
       ,"Region":"Upload media (129183447995228443)"
       ,"Position":"BODY"
      }
     ,"Advanced":{
        "Warn on Unsaved Changes":"Page Default"
      }
     ,"Source":{
        "Form Region":"Upload media (129183447995228443)"
       ,"Column":"ID"
       ,"Data Type":"NUMBER"
       ,"Query Only":true
       ,"Primary Key":true
      }
     ,"Session State":{
        "Data Type":"VARCHAR2"
       ,"Storage":"Per Request (Memory Only)"
      }
     ,"Security":{
        "Session State Protection":"Checksum Required - Session Level"
       ,"Store value encrypted in session state":true
       ,"Restricted Characters":"All characters can be saved."
      }
    }
   ,{
      "id":"129184226481228449"
     ,"Identification":{
        "Name":"P6_REPORT_ID"
       ,"Type":"Select List"
      }
     ,"Label":{
        "Label":"Report Id"
       ,"Alignment":"Right"
      }
     ,"Settings":{
        "Page Action on Selection":"None"
       ,"Allow Multi Selection":false
      }
     ,"Layout":{
        "Sequence":20
       ,"Region":"Upload media (129183447995228443)"
       ,"Position":"BODY"
       ,"Alignment":"Left"
       ,"Start New Layout":false
       ,"Start New Row":true
       ,"Column":"Automatic"
       ,"New Column":true
       ,"Column Span":"Automatic"
       ,"Label Column Span":"Page Template Default"
      }
     ,"Appearance":{
        "Template":"Optional - Floating (127882895985976781)"
       ,"Template Options":[
          "#DEFAULT#"
        ]
       ,"Height":1
      }
     ,"Validation":{
        "Value Required":false
      }
     ,"List of Values":{
        "Type":"Shared Component"
       ,"List of Values":"HSSE_REPORTS.TITLE (129184358198228451)"
       ,"Display Extra Values":true
       ,"Display Null Value":true
      }
     ,"Advanced":{
        "Warn on Unsaved Changes":"Page Default"
      }
     ,"Source":{
        "Form Region":"Upload media (129183447995228443)"
       ,"Column":"REPORT_ID"
       ,"Data Type":"NUMBER"
       ,"Query Only":false
       ,"Primary Key":false
      }
     ,"Session State":{
        "Storage":"Per Request (Memory Only)"
      }
     ,"Quick Picks":{
        "Show Quick Picks":false
      }
     ,"Security":{
        "Session State Protection":"Unrestricted"
       ,"Store value encrypted in session state":true
       ,"Restricted Characters":"All characters can be saved."
      }
    }
   ,{
      "id":"129184986311228459"
     ,"Identification":{
        "Name":"P6_FILE_NAME"
       ,"Type":"Text Field"
      }
     ,"Label":{
        "Label":"File Name"
       ,"Alignment":"Right"
      }
     ,"Settings":{
        "Subtype":"Text"
       ,"Trim Spaces":"None"
       ,"Text Case":"NO CHANGE"
       ,"Submit when Enter pressed":false
       ,"Disabled":false
      }
     ,"Layout":{
        "Sequence":30
       ,"Region":"Upload media (129183447995228443)"
       ,"Position":"BODY"
       ,"Alignment":"Left"
       ,"Start New Layout":false
       ,"Start New Row":true
       ,"Column":"Automatic"
       ,"New Column":true
       ,"Column Span":"Automatic"
       ,"Label Column Span":"Page Template Default"
      }
     ,"Appearance":{
        "Template":"Optional - Floating (127882895985976781)"
       ,"Template Options":[
          "#DEFAULT#"
        ]
       ,"Width":32
      }
     ,"Validation":{
        "Value Required":false
       ,"Maximum Length":255
      }
     ,"Advanced":{
        "Warn on Unsaved Changes":"Page Default"
      }
     ,"Source":{
        "Form Region":"Upload media (129183447995228443)"
       ,"Column":"FILE_NAME"
       ,"Data Type":"VARCHAR2"
       ,"Query Only":false
       ,"Primary Key":false
      }
     ,"Session State":{
        "Storage":"Per Request (Memory Only)"
      }
     ,"Quick Picks":{
        "Show Quick Picks":false
      }
     ,"Security":{
        "Session State Protection":"Unrestricted"
       ,"Store value encrypted in session state":true
       ,"Restricted Characters":"All characters can be saved."
      }
    }
   ,{
      "id":"129185322570228459"
     ,"Identification":{
        "Name":"P6_MIME_TYPE"
       ,"Type":"Text Field"
      }
     ,"Label":{
        "Label":"Mime Type"
       ,"Alignment":"Right"
      }
     ,"Settings":{
        "Subtype":"Text"
       ,"Trim Spaces":"None"
       ,"Text Case":"NO CHANGE"
       ,"Submit when Enter pressed":false
       ,"Disabled":false
      }
     ,"Layout":{
        "Sequence":40
       ,"Region":"Upload media (129183447995228443)"
       ,"Position":"BODY"
       ,"Alignment":"Left"
       ,"Start New Layout":false
       ,"Start New Row":true
       ,"Column":"Automatic"
       ,"New Column":true
       ,"Column Span":"Automatic"
       ,"Label Column Span":"Page Template Default"
      }
     ,"Appearance":{
        "Template":"Optional - Floating (127882895985976781)"
       ,"Template Options":[
          "#DEFAULT#"
        ]
       ,"Width":32
      }
     ,"Validation":{
        "Value Required":false
       ,"Maximum Length":100
      }
     ,"Advanced":{
        "Warn on Unsaved Changes":"Page Default"
      }
     ,"Source":{
        "Form Region":"Upload media (129183447995228443)"
       ,"Column":"MIME_TYPE"
       ,"Data Type":"VARCHAR2"
       ,"Query Only":false
       ,"Primary Key":false
      }
     ,"Session State":{
        "Storage":"Per Request (Memory Only)"
      }
     ,"Quick Picks":{
        "Show Quick Picks":false
      }
     ,"Security":{
        "Session State Protection":"Unrestricted"
       ,"Store value encrypted in session state":true
       ,"Restricted Characters":"All characters can be saved."
      }
    }
   ,{
      "id":"129185726002228459"
     ,"Identification":{
        "Name":"P6_FILE_BLOB"
       ,"Type":"File Upload"
      }
     ,"Label":{
        "Label":"File Blob"
       ,"Alignment":"Right"
      }
     ,"DISPLAY":{
        "Display As":"Inline File Browse"
       ,"Display Download Link":true
       ,"Content Disposition":"Attachment"
       ,"Capture Using":"NONE"
      }
     ,"Storage:":{
        "Type":"BLOB column specified in Item Source attribute"
      }
     ,"Layout":{
        "Sequence":50
       ,"Region":"Upload media (129183447995228443)"
       ,"Position":"BODY"
       ,"Alignment":"Left"
       ,"Start New Layout":false
       ,"Start New Row":true
       ,"Column":"Automatic"
       ,"New Column":true
       ,"Column Span":"Automatic"
       ,"Label Column Span":"Page Template Default"
      }
     ,"Appearance":{
        "Template":"Optional - Floating (127882895985976781)"
       ,"Template Options":[
          "#DEFAULT#"
        ]
       ,"Width":60
      }
     ,"Validation":{
        "Value Required":false
       ,"Maximum Length":255
      }
     ,"Advanced":{
        "Warn on Unsaved Changes":"Page Default"
      }
     ,"Source":{
        "Form Region":"Upload media (129183447995228443)"
       ,"Column":"FILE_BLOB"
       ,"Data Type":"BLOB"
       ,"Query Only":false
       ,"Primary Key":false
      }
     ,"Session State":{
        "Storage":"Per Request (Memory Only)"
      }
     ,"Security":{
        "Session State Protection":"Unrestricted"
       ,"Restricted Characters":"All characters can be saved."
      }
    }
   ,{
      "id":"129186165655228460"
     ,"Identification":{
        "Name":"P6_UPLOADED_BY"
       ,"Type":"Text Field"
      }
     ,"Label":{
        "Label":"Uploaded By"
       ,"Alignment":"Right"
      }
     ,"Settings":{
        "Subtype":"Text"
       ,"Trim Spaces":"None"
       ,"Text Case":"NO CHANGE"
       ,"Submit when Enter pressed":false
       ,"Disabled":false
      }
     ,"Layout":{
        "Sequence":60
       ,"Region":"Upload media (129183447995228443)"
       ,"Position":"BODY"
       ,"Alignment":"Left"
       ,"Start New Layout":false
       ,"Start New Row":true
       ,"Column":"Automatic"
       ,"New Column":true
       ,"Column Span":"Automatic"
       ,"Label Column Span":"Page Template Default"
      }
     ,"Appearance":{
        "Template":"Optional - Floating (127882895985976781)"
       ,"Template Options":[
          "#DEFAULT#"
        ]
       ,"Width":32
      }
     ,"Validation":{
        "Value Required":false
       ,"Maximum Length":100
      }
     ,"Advanced":{
        "Warn on Unsaved Changes":"Page Default"
      }
     ,"Source":{
        "Form Region":"Upload media (129183447995228443)"
       ,"Column":"UPLOADED_BY"
       ,"Data Type":"VARCHAR2"
       ,"Query Only":false
       ,"Primary Key":false
      }
     ,"Session State":{
        "Storage":"Per Request (Memory Only)"
      }
     ,"Quick Picks":{
        "Show Quick Picks":false
      }
     ,"Security":{
        "Session State Protection":"Unrestricted"
       ,"Store value encrypted in session state":true
       ,"Restricted Characters":"All characters can be saved."
      }
    }
   ,{
      "id":"129186570132228460"
     ,"Identification":{
        "Name":"P6_UPLOADED_ON"
       ,"Type":"Date Picker"
      }
     ,"Label":{
        "Label":"Uploaded On"
       ,"Alignment":"Right"
      }
     ,"Settings":{
        "Show Time":false
       ,"Display As":"Popup"
       ,"Minimum Date":"None"
       ,"Maximum Date":"None"
       ,"Multiple Months":"No"
       ,"Use Defaults":true
      }
     ,"Layout":{
        "Sequence":70
       ,"Region":"Upload media (129183447995228443)"
       ,"Position":"BODY"
       ,"Alignment":"Left"
       ,"Start New Layout":false
       ,"Start New Row":true
       ,"Column":"Automatic"
       ,"New Column":true
       ,"Column Span":"Automatic"
       ,"Label Column Span":"Page Template Default"
      }
     ,"Appearance":{
        "Template":"Optional - Floating (127882895985976781)"
       ,"Template Options":[
          "#DEFAULT#"
        ]
       ,"Width":32
      }
     ,"Validation":{
        "Value Required":false
       ,"Maximum Length":255
      }
     ,"Advanced":{
        "Warn on Unsaved Changes":"Page Default"
      }
     ,"Source":{
        "Form Region":"Upload media (129183447995228443)"
       ,"Column":"UPLOADED_ON"
       ,"Data Type":"DATE"
       ,"Query Only":false
       ,"Primary Key":false
      }
     ,"Session State":{
        "Storage":"Per Request (Memory Only)"
      }
     ,"Quick Picks":{
        "Show Quick Picks":false
      }
     ,"Security":{
        "Session State Protection":"Unrestricted"
       ,"Store value encrypted in session state":true
       ,"Restricted Characters":"All characters can be saved."
      }
    }
   ,{
      "id":"129186909481228460"
     ,"Identification":{
        "Name":"P6_STATUS"
       ,"Type":"Text Field"
      }
     ,"Label":{
        "Label":"Status"
       ,"Alignment":"Right"
      }
     ,"Settings":{
        "Subtype":"Text"
       ,"Trim Spaces":"None"
       ,"Text Case":"NO CHANGE"
       ,"Submit when Enter pressed":false
       ,"Disabled":false
      }
     ,"Layout":{
        "Sequence":80
       ,"Region":"Upload media (129183447995228443)"
       ,"Position":"BODY"
       ,"Alignment":"Left"
       ,"Start New Layout":false
       ,"Start New Row":true
       ,"Column":"Automatic"
       ,"New Column":true
       ,"Column Span":"Automatic"
       ,"Label Column Span":"Page Template Default"
      }
     ,"Appearance":{
        "Template":"Optional - Floating (127882895985976781)"
       ,"Template Options":[
          "#DEFAULT#"
        ]
       ,"Width":32
      }
     ,"Validation":{
        "Value Required":false
       ,"Maximum Length":50
      }
     ,"Advanced":{
        "Warn on Unsaved Changes":"Page Default"
      }
     ,"Source":{
        "Form Region":"Upload media (129183447995228443)"
       ,"Column":"STATUS"
       ,"Data Type":"VARCHAR2"
       ,"Query Only":false
       ,"Primary Key":false
      }
     ,"Session State":{
        "Storage":"Per Request (Memory Only)"
      }
     ,"Quick Picks":{
        "Show Quick Picks":false
      }
     ,"Security":{
        "Session State Protection":"Unrestricted"
       ,"Store value encrypted in session state":true
       ,"Restricted Characters":"All characters can be saved."
      }
    }
   ,{
      "id":"129187362115228461"
     ,"Identification":{
        "Name":"P6_RESULT_JSON"
       ,"Type":"Textarea"
      }
     ,"Label":{
        "Label":"Result Json"
       ,"Alignment":"Right"
      }
     ,"Settings":{
        "Resizable":true
       ,"Auto-Height":false
       ,"Character Counter":false
       ,"Trim Spaces":"Leading and Trailing"
      }
     ,"Layout":{
        "Sequence":90
       ,"Region":"Upload media (129183447995228443)"
       ,"Position":"BODY"
       ,"Alignment":"Left"
       ,"Start New Layout":false
       ,"Start New Row":true
       ,"Column":"Automatic"
       ,"New Column":true
       ,"Column Span":"Automatic"
       ,"Label Column Span":"Page Template Default"
      }
     ,"Appearance":{
        "Template":"Optional - Floating (127882895985976781)"
       ,"Template Options":[
          "#DEFAULT#"
        ]
       ,"Width":60
       ,"Height":4
      }
     ,"Validation":{
        "Value Required":false
      }
     ,"Advanced":{
        "Warn on Unsaved Changes":"Page Default"
      }
     ,"Source":{
        "Form Region":"Upload media (129183447995228443)"
       ,"Column":"RESULT_JSON"
       ,"Data Type":"CLOB"
       ,"Query Only":false
       ,"Primary Key":false
      }
     ,"Session State":{
        "Data Type":"CLOB"
       ,"Storage":"Per Request (Memory Only)"
      }
     ,"Quick Picks":{
        "Show Quick Picks":false
      }
     ,"Security":{
        "Session State Protection":"Unrestricted"
       ,"Store value encrypted in session state":true
       ,"Restricted Characters":"All characters can be saved."
      }
    }
  ]
 ,"Buttons":[
    {
      "id":"129190493890228463"
     ,"Identification":{
        "Button Name":"CANCEL"
       ,"Label":"Cancel"
      }
     ,"Layout":{
        "Sequence":10
       ,"Region":"Upload media (129183447995228443)"
       ,"Position":"CLOSE"
       ,"Start New Layout":false
       ,"Start New Row":true
       ,"Column":"Automatic"
       ,"New Column":true
       ,"Column Span":"Automatic"
      }
     ,"Appearance":{
        "Button Template":"Text (127885381033976787)"
       ,"Hot":false
       ,"Template Options":[
          "#DEFAULT#"
        ]
      }
     ,"Behavior":{
        "Action":"Redirect to Page in this Application"
       ,"Target":{
          "url":"f?p=\u0026APP_ID.:1:\u0026APP_SESSION.::\u0026DEBUG.:::"
         ,"Page":"1"
        }
       ,"Warn on Unsaved Changes":"Do Not Check"
      }
    }
   ,{
      "id":"129191087316228466"
     ,"Identification":{
        "Button Name":"DELETE"
       ,"Label":"Delete"
      }
     ,"Layout":{
        "Sequence":20
       ,"Region":"Upload media (129183447995228443)"
       ,"Position":"DELETE"
       ,"Start New Layout":false
       ,"Start New Row":true
       ,"Column":"Automatic"
       ,"New Column":true
       ,"Column Span":"Automatic"
      }
     ,"Appearance":{
        "Button Template":"Text (127885381033976787)"
       ,"Hot":false
       ,"Template Options":[
          "#DEFAULT#"
        ]
      }
     ,"Behavior":{
        "Action":"Submit Page"
       ,"Execute Validations":false
       ,"Warn on Unsaved Changes":"Do Not Check"
       ,"Database Action":"SQL DELETE action"
      }
     ,"Confirmation":{
        "Message":"\u0026APP_TEXT$DELETE_MSG!RAW."
       ,"Style":"Danger"
      }
     ,"Server-side Condition":{
        "Type":"Item is NOT NULL"
       ,"Item":"P6_ID"
      }
    }
   ,{
      "id":"129191432688228466"
     ,"Identification":{
        "Button Name":"SAVE"
       ,"Label":"Apply Changes"
      }
     ,"Layout":{
        "Sequence":30
       ,"Region":"Upload media (129183447995228443)"
       ,"Position":"CHANGE"
       ,"Start New Layout":false
       ,"Start New Row":true
       ,"Column":"Automatic"
       ,"New Column":true
       ,"Column Span":"Automatic"
      }
     ,"Appearance":{
        "Button Template":"Text (127885381033976787)"
       ,"Hot":true
       ,"Template Options":[
          "#DEFAULT#"
        ]
      }
     ,"Behavior":{
        "Action":"Submit Page"
       ,"Execute Validations":true
       ,"Warn on Unsaved Changes":"Do Not Check"
       ,"Database Action":"SQL UPDATE action"
      }
     ,"Server-side Condition":{
        "Type":"Item is NOT NULL"
       ,"Item":"P6_ID"
      }
    }
   ,{
      "id":"129191878932228466"
     ,"Identification":{
        "Button Name":"CREATE"
       ,"Label":"Create"
      }
     ,"Layout":{
        "Sequence":40
       ,"Region":"Upload media (129183447995228443)"
       ,"Position":"CREATE"
       ,"Start New Layout":false
       ,"Start New Row":true
       ,"Column":"Automatic"
       ,"New Column":true
       ,"Column Span":"Automatic"
      }
     ,"Appearance":{
        "Button Template":"Text (127885381033976787)"
       ,"Hot":true
       ,"Template Options":[
          "#DEFAULT#"
        ]
      }
     ,"Behavior":{
        "Action":"Submit Page"
       ,"Execute Validations":true
       ,"Warn on Unsaved Changes":"Do Not Check"
       ,"Database Action":"SQL INSERT action"
      }
     ,"Server-side Condition":{
        "Type":"Item is NULL"
       ,"Item":"P6_ID"
      }
    }
  ]
 ,"Processes":[
    {
      "id":"129192616403228469"
     ,"Identification":{
        "Name":"Initialize form Upload media"
       ,"Type":"Form - Initialization"
       ,"Execution Chain":"None"
       ,"Form Region":"Upload media (129183447995228443)"
      }
     ,"Execution":{
        "Sequence":10
       ,"Point":"Before Header"
       ,"Run Process":"Once Per Page Visit (default)"
      }
    }
   ,{
      "id":"129193041497228470"
     ,"Identification":{
        "Name":"Process form Upload media"
       ,"Type":"Form - Automatic Row Processing (DML)"
       ,"Execution Chain":"None"
       ,"Form Region":"Upload media (129183447995228443)"
      }
     ,"Settings":{
        "Target Type":"Region Source"
       ,"Prevent Lost Updates":true
       ,"Lock Row":"Yes"
       ,"Return Primary Key(s) after Insert":true
      }
     ,"Execution":{
        "Sequence":10
       ,"Point":"Processing"
       ,"Run Process":"Once Per Page Visit (default)"
      }
     ,"Error":{
        "Display Location":"Inline in Notification"
      }
    }
  ]
 ,"Branches":[
    {
      "id":"129192177566228466"
     ,"Identification":{
        "Name":"Go To Page 1"
      }
     ,"Execution":{
        "Sequence":1
       ,"Point":"After Processing"
      }
     ,"Behavior":{
        "Type":"Page or URL (Redirect)"
       ,"Target":{
          "url":"f?p=\u0026APP_ID.:1:\u0026APP_SESSION.::\u0026DEBUG.:::\u0026success_msg=#SUCCESS_MSG#"
         ,"Page":"1"
        }
      }
    }
  ]
}
