{
  "id":"11"
 ,"Identification":{
    "Name":"Keyword Dictionary"
   ,"Alias":"KEYWORD-DICTIONARY"
   ,"Title":"Keyword Dictionary"
  }
 ,"Appearance":{
    "Page Mode":"Normal"
   ,"Page Template":"Theme Default"
   ,"Template Options":[
      "#DEFAULT#"
    ]
  }
 ,"Navigation Menu":{
    "Override User Interface Level":false
  }
 ,"Navigation":{
    "Cursor Focus":"Do not focus cursor"
   ,"Warn on Unsaved Changes":true
  }
 ,"Security":{
    "Authentication":"Page Requires Authentication"
   ,"Deep Linking":"Application Default"
   ,"Page Access Protection":"Arguments Must Have Checksum"
   ,"Form Auto Complete":"Off"
   ,"Browser Cache":"Application Default"
  }
 ,"Session Management":{
    "Rejoin Sessions":"Application Default"
  }
 ,"Advanced":{
    "Enable duplicate page submissions":"Yes - Enable page to be re-posted"
   ,"Reload on Submit":"Only for Success"
  }
 ,"Server Cache":{
    "Caching":"Disabled"
  }
 ,"Regions":[
    {
      "id":"129236664621341463"
     ,"Identification":{
        "Title":"Keyword Dictionary"
       ,"Type":"Interactive Report"
      }
     ,"Source":{
        "Location":"Local Database"
       ,"Type":"Table \/ View"
       ,"Table Owner":"Parsing Schema"
       ,"Table Name":"HSSE_KEYWORDS"
       ,"Include ROWID Column":false
      }
     ,"Layout":{
        "Sequence":10
       ,"Parent Region":"No Parent"
       ,"Position":"BODY"
       ,"Start New Layout":false
       ,"Start New Row":true
       ,"Column":"Automatic"
       ,"New Column":true
       ,"Column Span":"Automatic"
      }
     ,"Appearance":{
        "Template":"Interactive Report (127768465335976693)"
       ,"Template Options":[
          "#DEFAULT#"
        ]
       ,"Render Components":"Above Content"
      }
     ,"Accessibility":{
        "Use Landmark":true
       ,"Landmark Type":"Template Default"
      }
     ,"Advanced":{
        "Region Display Selector":false
       ,"Exclude Title from Translation":false
      }
     ,"Server Cache":{
        "Caching":"Disabled"
      }
     ,"Customization":{
        "Customizable":"Not Customizable By End Users"
      }
     ,"Attributes":{
        "id":"129236775287341463"
       ,"Link":{
          "Link Column":"Link to Custom Target"
         ,"Target":{
            "url":"f?p=\u0026APP_ID.:12:\u0026APP_SESSION.::\u0026DEBUG.:RP:P12_ID:\u005C#ID#\u005C"
           ,"Page":"12"
           ,"Clear Cache":"RP"
           ,"Values":{
              "P12_ID":"#ID#"
            }
          }
         ,"Link Icon":"\u003Cspan role=\"img\" aria-label=\"Edit\" class=\"fa fa-edit\" title=\"Edit\"\u003E\u003C\/span\u003E"
        }
       ,"Pagination":{
          "Type":"Row Ranges X to Y"
         ,"Display Position":"Bottom - Right"
        }
       ,"Performance":{
          "Lazy Loading":false
        }
       ,"Messages":{
          "When No Data Found":"No data found."
         ,"When More Data Found":"The maximum row count for this report is #MAX_ROW_COUNT# rows.  Please apply a filter to reduce the number of records in your query."
        }
       ,"Search Bar":{
          "Include Search Bar":true
         ,"Search Field":true
         ,"Finder Drop Down":true
         ,"Reports Select List":true
         ,"Rows Per Page Selector":false
        }
       ,"Actions Menu":{
          "Include Actions Menu":true
         ,"Filter":true
         ,"Select Columns":true
         ,"Rows Per Page":true
         ,"Sort":true
         ,"Control Break":true
         ,"Highlight":true
         ,"Compute":true
         ,"Aggregate":true
         ,"Chart":true
         ,"Group By":true
         ,"Pivot":true
         ,"Flashback":true
         ,"Save Report":true
         ,"Save Public Report":false
         ,"Reset":true
         ,"Help":true
         ,"Download":true
         ,"Subscription":true
        }
       ,"Download":{
          "Formats":[
            "CSV"
           ,"HTML"
           ,"Excel"
           ,"PDF"
          ]
         ,"Send as Email":true
        }
       ,"Heading":{
          "Fixed To":"Page"
        }
       ,"Icon View":{
          "Show":false
        }
       ,"Detail View":{
          "Show":false
        }
       ,"Saved Reports":[
          {
            "id":"129241279457342812"
           ,"Identification":{
              "Name":"Primary Report"
             ,"Alias":"1292413"
            }
          }
        ]
       ,"Columns":[
          {
            "id":"129237142868341466"
           ,"Identification":{
              "Column Name":"ID"
             ,"Type":"Hidden Column"
            }
           ,"Heading":{
              "Heading":"ID"
            }
           ,"Layout":{
              "Sequence":0
            }
           ,"Source":{
              "Primary Key":true
            }
           ,"Security":{
              "Escape special characters":true
            }
          }
         ,{
            "id":"129237513015341468"
           ,"Identification":{
              "Column Name":"KEYWORD"
             ,"Type":"Plain Text"
            }
           ,"Heading":{
              "Heading":"Keyword"
             ,"Alignment":"start"
            }
           ,"Single Row View":{
              "Use Column Heading":true
            }
           ,"Layout":{
              "Sequence":2
             ,"Column Alignment":"start"
            }
           ,"Accessibility":{
              "Value Identifies Row":false
            }
           ,"Source":{
              "Primary Key":false
            }
           ,"Column Filter":{
              "Type":"Default Based on Column Type"
            }
           ,"Enable Users To":{
              "Hide":true
             ,"Sort":true
             ,"Filter":true
             ,"Highlight":true
             ,"Control Break":true
             ,"Aggregate":true
             ,"Compute":true
             ,"Chart":true
             ,"Group By":true
             ,"Pivot":true
            }
           ,"Security":{
              "Escape special characters":true
            }
          }
         ,{
            "id":"129237991054341468"
           ,"Identification":{
              "Column Name":"CATEGORY"
             ,"Type":"Plain Text"
            }
           ,"Heading":{
              "Heading":"Category"
             ,"Alignment":"start"
            }
           ,"Single Row View":{
              "Use Column Heading":true
            }
           ,"Layout":{
              "Sequence":3
             ,"Column Alignment":"start"
            }
           ,"Accessibility":{
              "Value Identifies Row":false
            }
           ,"Source":{
              "Primary Key":false
            }
           ,"Column Filter":{
              "Type":"Default Based on Column Type"
            }
           ,"Enable Users To":{
              "Hide":true
             ,"Sort":true
             ,"Filter":true
             ,"Highlight":true
             ,"Control Break":true
             ,"Aggregate":true
             ,"Compute":true
             ,"Chart":true
             ,"Group By":true
             ,"Pivot":true
            }
           ,"Security":{
              "Escape special characters":true
            }
          }
         ,{
            "id":"129238366565341468"
           ,"Identification":{
              "Column Name":"ACTIVE"
             ,"Type":"Plain Text"
            }
           ,"Heading":{
              "Heading":"Active"
             ,"Alignment":"start"
            }
           ,"Single Row View":{
              "Use Column Heading":true
            }
           ,"Layout":{
              "Sequence":4
             ,"Column Alignment":"start"
            }
           ,"Accessibility":{
              "Value Identifies Row":false
            }
           ,"Source":{
              "Primary Key":false
            }
           ,"Column Filter":{
              "Type":"Default Based on Column Type"
            }
           ,"Enable Users To":{
              "Hide":true
             ,"Sort":true
             ,"Filter":true
             ,"Highlight":true
             ,"Control Break":true
             ,"Aggregate":true
             ,"Compute":true
             ,"Chart":true
             ,"Group By":true
             ,"Pivot":true
            }
           ,"Security":{
              "Escape special characters":true
            }
          }
        ]
       ,"Printing":{
          "Output":{
            "View File As":"Attachment"
          }
         ,"Page":{
            "Size":"Letter"
           ,"Orientation":"Landscape"
           ,"Units":"Inches"
           ,"Width":11
           ,"Height":8.5
           ,"Border Width":0.5
           ,"Border Color":"#666666"
          }
         ,"Page Header":{
            "Font":"Helvetica"
           ,"Font Weight":"Normal"
           ,"Font Size":12
           ,"Font Color":"#000000"
           ,"Alignment":"center"
           ,"Page Header Text":"Keyword Dictionary"
          }
         ,"Column Headings":{
            "Font":"Helvetica"
           ,"Font Weight":"Bold"
           ,"Font Size":10
           ,"Font Color":"#000000"
           ,"Background Color":"#EEEEEE"
          }
         ,"Columns":{
            "Font":"Helvetica"
           ,"Font Weight":"Normal"
           ,"Font Size":10
           ,"Font Color":"#000000"
           ,"Background Color":"#FFFFFF"
          }
         ,"Page Footer":{
            "Font":"Helvetica"
           ,"Font Weight":"Normal"
           ,"Font Size":12
           ,"Font Color":"#000000"
           ,"Alignment":"center"
          }
        }
      }
    }
   ,{
      "id":"129240415152341472"
     ,"Identification":{
        "Title":"Breadcrumb"
       ,"Type":"Breadcrumb"
      }
     ,"Source":{
        "Breadcrumb":"Breadcrumb (127708887208976605)"
      }
     ,"Layout":{
        "Sequence":10
       ,"Parent Region":"No Parent"
       ,"Position":"REGION_POSITION_01"
       ,"Start New Layout":false
       ,"Start New Row":true
       ,"Column":"Automatic"
       ,"New Column":true
       ,"Column Span":"Automatic"
      }
     ,"Appearance":{
        "Template":"Title Bar (127781995781976697)"
       ,"Template Options":[
          "#DEFAULT#"
         ,"t-BreadcrumbRegion--useBreadcrumbTitle"
        ]
       ,"Render Components":"Above Content"
      }
     ,"Accessibility":{
        "Use Landmark":true
       ,"Landmark Type":"Template Default"
      }
     ,"Advanced":{
        "Region Display Selector":false
       ,"Exclude Title from Translation":false
      }
     ,"Server Cache":{
        "Caching":"Disabled"
      }
     ,"Customization":{
        "Customizable":"Not Customizable By End Users"
      }
     ,"Attributes":{
        "Appearance":{
          "Breadcrumb Template":"Breadcrumb (127886952360976789)"
         ,"Template Options":[
            "#DEFAULT#"
          ]
        }
      }
    }
  ]
 ,"Buttons":[
    {
      "id":"129238813573341468"
     ,"Identification":{
        "Button Name":"CREATE"
       ,"Label":"Create"
      }
     ,"Layout":{
        "Sequence":10
       ,"Region":"Keyword Dictionary (129236664621341463)"
       ,"Position":"RIGHT_OF_IR_SEARCH_BAR"
       ,"Start New Layout":false
       ,"Start New Row":true
       ,"Column":"Automatic"
       ,"New Column":true
       ,"Column Span":"Automatic"
      }
     ,"Appearance":{
        "Button Template":"Text (127885381033976787)"
       ,"Hot":true
       ,"Template Options":[
          "#DEFAULT#"
        ]
      }
     ,"Behavior":{
        "Action":"Redirect to Page in this Application"
       ,"Target":{
          "url":"f?p=\u0026APP_ID.:12:\u0026APP_SESSION.::\u0026DEBUG.:12::"
         ,"Page":"12"
         ,"Clear Cache":"12"
        }
       ,"Warn on Unsaved Changes":"Do Not Check"
      }
    }
  ]
 ,"Dynamic Actions":[
    {
      "id":"129239147433341469"
     ,"Identification":{
        "Name":"Edit Report - Dialog Closed"
      }
     ,"Execution":{
        "Sequence":10
       ,"Event Scope":"Static"
       ,"Type":"Immediate"
      }
     ,"When":{
        "Event":"EVENT.EVENT.FAMEWORK.APEXAFTERCLOSEDIALOG"
       ,"Selection Type":"Region"
       ,"Region":"Keyword Dictionary (129236664621341463)"
      }
     ,"Actions":[
        {
          "id":"129239630077341470"
         ,"Identification":{
            "Action":"Refresh"
          }
         ,"Affected Elements":{
            "Selection Type":"Region"
           ,"Region":"Keyword Dictionary (129236664621341463)"
          }
         ,"Execution":{
            "Sequence":10
           ,"Event":"Edit Report - Dialog Closed (129239147433341469)"
           ,"Fire When Event Result Is":"True"
           ,"Fire on Initialization":false
          }
        }
      ]
    }
  ]
}
