{
  "id":"8"
 ,"Identification":{
    "Name":"News Feed"
   ,"Alias":"NEWS-FEED"
   ,"Title":"News Feed"
  }
 ,"Appearance":{
    "Page Mode":"Normal"
   ,"Page Template":"Theme Default"
   ,"Template Options":[
      "#DEFAULT#"
    ]
  }
 ,"Navigation Menu":{
    "Override User Interface Level":false
  }
 ,"Navigation":{
    "Cursor Focus":"Do not focus cursor"
   ,"Warn on Unsaved Changes":true
  }
 ,"Security":{
    "Authentication":"Page Requires Authentication"
   ,"Deep Linking":"Application Default"
   ,"Page Access Protection":"Arguments Must Have Checksum"
   ,"Form Auto Complete":"Off"
   ,"Browser Cache":"Application Default"
  }
 ,"Session Management":{
    "Rejoin Sessions":"Application Default"
  }
 ,"Advanced":{
    "Enable duplicate page submissions":"Yes - Enable page to be re-posted"
   ,"Reload on Submit":"Only for Success"
  }
 ,"Server Cache":{
    "Caching":"Disabled"
  }
 ,"Regions":[
    {
      "id":"129218137570079938"
     ,"Identification":{
        "Title":"Breadcrumb"
       ,"Type":"Breadcrumb"
      }
     ,"Source":{
        "Breadcrumb":"Breadcrumb (127708887208976605)"
      }
     ,"Layout":{
        "Sequence":10
       ,"Parent Region":"No Parent"
       ,"Position":"REGION_POSITION_01"
       ,"Start New Layout":false
       ,"Start New Row":true
       ,"Column":"Automatic"
       ,"New Column":true
       ,"Column Span":"Automatic"
      }
     ,"Appearance":{
        "Template":"Title Bar (127781995781976697)"
       ,"Template Options":[
          "#DEFAULT#"
         ,"t-BreadcrumbRegion--useBreadcrumbTitle"
        ]
       ,"Render Components":"Above Content"
      }
     ,"Accessibility":{
        "Use Landmark":true
       ,"Landmark Type":"Template Default"
      }
     ,"Advanced":{
        "Region Display Selector":false
       ,"Exclude Title from Translation":false
      }
     ,"Server Cache":{
        "Caching":"Disabled"
      }
     ,"Customization":{
        "Customizable":"Not Customizable By End Users"
      }
     ,"Attributes":{
        "Appearance":{
          "Breadcrumb Template":"Breadcrumb (127886952360976789)"
         ,"Template Options":[
            "#DEFAULT#"
          ]
        }
      }
    }
   ,{
      "id":"129218856268079945"
     ,"Identification":{
        "Title":"News Feed"
       ,"Type":"Classic Report"
      }
     ,"Source":{
        "Location":"Local Database"
       ,"Type":"Table \/ View"
       ,"Table Owner":"Parsing Schema"
       ,"Table Name":"HSSE_RSS_ARTICLES"
       ,"Include ROWID Column":false
      }
     ,"Order By":{
        "Type":"None"
      }
     ,"Layout":{
        "Sequence":10
       ,"Parent Region":"No Parent"
       ,"Position":"BODY"
       ,"Start New Layout":false
       ,"Start New Row":true
       ,"Column":"Automatic"
       ,"New Column":true
       ,"Column Span":"Automatic"
      }
     ,"Appearance":{
        "Template":"Standard (127820918811976719)"
       ,"Template Options":[
          "#DEFAULT#"
         ,"t-Region--noPadding"
         ,"t-Region--accent2"
         ,"t-Region--scrollBody"
        ]
       ,"Render Components":"Above Content"
      }
     ,"Accessibility":{
        "Use Landmark":true
       ,"Landmark Type":"Template Default"
      }
     ,"Advanced":{
        "Region Display Selector":false
       ,"Exclude Title from Translation":false
      }
     ,"Server Cache":{
        "Caching":"Disabled"
      }
     ,"Customization":{
        "Customizable":"Not Customizable By End Users"
      }
     ,"Attributes":{
        "Layout":{
          "Number of Rows Type":"Static Value"
         ,"Number of Rows":15
        }
       ,"Appearance":{
          "Template Type":"Theme"
         ,"Template":"Cards (127851727349976743)"
         ,"Template Options":[
            "#DEFAULT#"
           ,"t-Cards--basic"
           ,"t-Cards--3cols"
           ,"t-Cards--animColorFill"
          ]
        }
       ,"Pagination":{
          "Type":"Row Ranges X to Y (with next and previous links)"
         ,"Display Position":"Bottom - Right"
         ,"Partial Page Refresh":true
        }
       ,"Performance":{
          "Lazy Loading":false
        }
       ,"Break Formatting":{
          "Break Columns":"No Break"
        }
       ,"Advanced":{
          "Strip HTML":false
         ,"Sort Nulls":"Last"
        }
       ,"Heading":{
          "Type":"Custom Headings"
        }
       ,"Download":{
          "CSV Export Enabled":false
        }
       ,"Printing":{
          "Enabled":false
        }
      }
     ,"Columns":[
        {
          "id":"128652688664989421"
         ,"Identification":{
            "Column Name":"ID"
           ,"Type":"Plain Text"
          }
         ,"Heading":{
            "Heading":"Id"
           ,"Alignment":"end"
          }
         ,"Layout":{
            "Sequence":10
           ,"Column Alignment":"end"
          }
         ,"Accessibility":{
            "Value Identifies Row":false
          }
         ,"Sorting":{
            "Sortable":true
          }
         ,"Export \/ Printing":{
            "Include In Export \/ Print":true
          }
         ,"Advanced":{
            "Compute Sum":false
          }
         ,"UI Defaults Reference":{
            "Table Owner":"Parsing Schema"
          }
         ,"Security":{
            "Escape special characters":true
          }
        }
       ,{
          "id":"128652720905989422"
         ,"Identification":{
            "Column Name":"TITLE"
           ,"Type":"Plain Text"
          }
         ,"Heading":{
            "Heading":"Title"
           ,"Alignment":"start"
          }
         ,"Layout":{
            "Sequence":20
           ,"Column Alignment":"start"
          }
         ,"Accessibility":{
            "Value Identifies Row":false
          }
         ,"Sorting":{
            "Sortable":true
          }
         ,"Export \/ Printing":{
            "Include In Export \/ Print":true
          }
         ,"Advanced":{
            "Compute Sum":false
          }
         ,"UI Defaults Reference":{
            "Table Owner":"Parsing Schema"
          }
         ,"Security":{
            "Escape special characters":true
          }
        }
       ,{
          "id":"128652817216989423"
         ,"Identification":{
            "Column Name":"LINK"
           ,"Type":"Plain Text"
          }
         ,"Heading":{
            "Heading":"Link"
           ,"Alignment":"start"
          }
         ,"Layout":{
            "Sequence":30
           ,"Column Alignment":"start"
          }
         ,"Accessibility":{
            "Value Identifies Row":false
          }
         ,"Sorting":{
            "Sortable":true
          }
         ,"Export \/ Printing":{
            "Include In Export \/ Print":true
          }
         ,"Advanced":{
            "Compute Sum":false
          }
         ,"UI Defaults Reference":{
            "Table Owner":"Parsing Schema"
          }
         ,"Security":{
            "Escape special characters":true
          }
        }
       ,{
          "id":"128652919582989424"
         ,"Identification":{
            "Column Name":"SOURCE"
           ,"Type":"Plain Text"
          }
         ,"Heading":{
            "Heading":"Source"
           ,"Alignment":"start"
          }
         ,"Layout":{
            "Sequence":40
           ,"Column Alignment":"start"
          }
         ,"Accessibility":{
            "Value Identifies Row":false
          }
         ,"Sorting":{
            "Sortable":true
          }
         ,"Export \/ Printing":{
            "Include In Export \/ Print":true
          }
         ,"Advanced":{
            "Compute Sum":false
          }
         ,"UI Defaults Reference":{
            "Table Owner":"Parsing Schema"
          }
         ,"Security":{
            "Escape special characters":true
          }
        }
       ,{
          "id":"128653034785989425"
         ,"Identification":{
            "Column Name":"MATCHED_KEYWORD"
           ,"Type":"Plain Text"
          }
         ,"Heading":{
            "Heading":"Matched Keyword"
           ,"Alignment":"start"
          }
         ,"Layout":{
            "Sequence":50
           ,"Column Alignment":"start"
          }
         ,"Accessibility":{
            "Value Identifies Row":false
          }
         ,"Sorting":{
            "Sortable":true
          }
         ,"Export \/ Printing":{
            "Include In Export \/ Print":true
          }
         ,"Advanced":{
            "Compute Sum":false
          }
         ,"UI Defaults Reference":{
            "Table Owner":"Parsing Schema"
          }
         ,"Security":{
            "Escape special characters":true
          }
        }
       ,{
          "id":"128653133211989426"
         ,"Identification":{
            "Column Name":"PUBLISHED_DATE"
           ,"Type":"Plain Text"
          }
         ,"Heading":{
            "Heading":"Published Date"
           ,"Alignment":"start"
          }
         ,"Layout":{
            "Sequence":60
           ,"Column Alignment":"start"
          }
         ,"Accessibility":{
            "Value Identifies Row":false
          }
         ,"Sorting":{
            "Sortable":true
          }
         ,"Export \/ Printing":{
            "Include In Export \/ Print":true
          }
         ,"Advanced":{
            "Compute Sum":false
          }
         ,"UI Defaults Reference":{
            "Table Owner":"Parsing Schema"
          }
         ,"Security":{
            "Escape special characters":true
          }
        }
      ]
    }
  ]
}
