{
  "id":"10"
 ,"Identification":{
    "Name":"Quiz Question Selector Page"
   ,"Alias":"QUIZ-QUESTION-SELECTOR-PAGE"
   ,"Title":"Quiz Question Selector Page"
  }
 ,"Appearance":{
    "Page Mode":"Normal"
   ,"Page Template":"Theme Default"
   ,"Template Options":[
      "#DEFAULT#"
    ]
  }
 ,"Navigation Menu":{
    "Override User Interface Level":false
  }
 ,"Navigation":{
    "Cursor Focus":"Do not focus cursor"
   ,"Warn on Unsaved Changes":true
  }
 ,"Security":{
    "Authentication":"Page Is Public"
   ,"Deep Linking":"Application Default"
   ,"Page Access Protection":"Arguments Must Have Checksum"
   ,"Form Auto Complete":"Off"
   ,"Browser Cache":"Application Default"
  }
 ,"Session Management":{
    "Rejoin Sessions":"Application Default"
  }
 ,"Advanced":{
    "Enable Meta Tags":false
   ,"Enable duplicate page submissions":"Yes - Enable page to be re-posted"
   ,"Reload on Submit":"Only for Success"
  }
 ,"Server Cache":{
    "Caching":"Disabled"
  }
 ,"Regions":[
    {
      "id":"129151754167940633"
     ,"Identification":{
        "Title":"Quiz Questions"
       ,"Type":"Classic Report"
      }
     ,"Source":{
        "Location":"Local Database"
       ,"Type":"SQL Query"
       ,"SQL Query":"select ID,\n       SESSION_ID,\n       QUESTION_ID,\n       QUESTION_ORDER\n  from HSSE_QUIZ_SESSIONS\n  WHERE SESSION_ID = :APP_SESSION"
      }
     ,"Layout":{
        "Sequence":10
       ,"Parent Region":"No Parent"
       ,"Position":"BODY"
       ,"Start New Layout":false
       ,"Start New Row":true
       ,"Column":"Automatic"
       ,"New Column":true
       ,"Column Span":"Automatic"
      }
     ,"Appearance":{
        "Template":"Standard (127820918811976719)"
       ,"Template Options":[
          "#DEFAULT#"
         ,"t-Region--scrollBody"
        ]
       ,"Render Components":"Above Content"
      }
     ,"Accessibility":{
        "Use Landmark":true
       ,"Landmark Type":"Template Default"
      }
     ,"Advanced":{
        "Region Display Selector":false
       ,"Exclude Title from Translation":false
      }
     ,"Server Cache":{
        "Caching":"Disabled"
      }
     ,"Customization":{
        "Customizable":"Not Customizable By End Users"
      }
     ,"Attributes":{
        "Layout":{
          "Number of Rows Type":"Static Value"
         ,"Number of Rows":15
        }
       ,"Appearance":{
          "Template Type":"Theme"
         ,"Template":"Standard (127847713509976741)"
         ,"Template Options":[
            "#DEFAULT#"
           ,"t-Report--altRowsDefault"
           ,"t-Report--rowHighlight"
          ]
        }
       ,"Pagination":{
          "Type":"Row Ranges X to Y (with next and previous links)"
         ,"Display Position":"Bottom - Right"
         ,"Partial Page Refresh":true
        }
       ,"Performance":{
          "Lazy Loading":false
        }
       ,"Break Formatting":{
          "Break Columns":"No Break"
        }
       ,"Advanced":{
          "Strip HTML":false
         ,"Sort Nulls":"Last"
        }
       ,"Heading":{
          "Type":"Custom Headings"
        }
       ,"Download":{
          "CSV Export Enabled":false
        }
       ,"Printing":{
          "Enabled":false
        }
      }
     ,"Columns":[
        {
          "id":"129151888856940634"
         ,"Identification":{
            "Column Name":"ID"
           ,"Type":"Hidden Column"
          }
         ,"Layout":{
            "Sequence":10
          }
         ,"UI Defaults Reference":{
            "Table Owner":"Parsing Schema"
          }
         ,"Security":{
            "Escape special characters":true
          }
        }
       ,{
          "id":"129153226272940648"
         ,"Identification":{
            "Column Name":"SESSION_ID"
           ,"Type":"Hidden Column"
          }
         ,"Layout":{
            "Sequence":20
          }
         ,"UI Defaults Reference":{
            "Table Owner":"Parsing Schema"
          }
         ,"Security":{
            "Escape special characters":true
          }
        }
       ,{
          "id":"129153300659940649"
         ,"Identification":{
            "Column Name":"QUESTION_ID"
           ,"Type":"Plain Text (based on List of Values)"
          }
         ,"Heading":{
            "Heading":"Question Id"
           ,"Alignment":"end"
          }
         ,"Layout":{
            "Sequence":30
           ,"Column Alignment":"end"
          }
         ,"Accessibility":{
            "Value Identifies Row":false
          }
         ,"List of Values":{
            "Type":"SQL Query"
           ,"SQL Query":"SELECT question_text d, id r from hsse_quiz_questions;"
          }
         ,"Sorting":{
            "Sortable":true
          }
         ,"Export \/ Printing":{
            "Include In Export \/ Print":true
          }
         ,"Advanced":{
            "Compute Sum":false
          }
         ,"UI Defaults Reference":{
            "Table Owner":"Parsing Schema"
          }
         ,"Security":{
            "Escape special characters":true
          }
        }
       ,{
          "id":"129153462040940650"
         ,"Identification":{
            "Column Name":"QUESTION_ORDER"
           ,"Type":"Plain Text"
          }
         ,"Heading":{
            "Heading":"Question Order"
           ,"Alignment":"end"
          }
         ,"Layout":{
            "Sequence":40
           ,"Column Alignment":"end"
          }
         ,"Accessibility":{
            "Value Identifies Row":false
          }
         ,"Sorting":{
            "Sortable":true
          }
         ,"Export \/ Printing":{
            "Include In Export \/ Print":true
          }
         ,"Advanced":{
            "Compute Sum":false
          }
         ,"UI Defaults Reference":{
            "Table Owner":"Parsing Schema"
          }
         ,"Security":{
            "Escape special characters":true
          }
        }
      ]
    }
  ]
 ,"Page Items":[
    {
      "id":"129151278047940628"
     ,"Identification":{
        "Name":"P10_NEXT_QUESTION_ID"
       ,"Type":"Hidden"
      }
     ,"Settings":{
        "Value Protected":false
      }
     ,"Layout":{
        "Sequence":60
       ,"Region":"No Parent"
       ,"Position":"BODY"
      }
     ,"Advanced":{
        "Warn on Unsaved Changes":"Page Default"
      }
     ,"Source":{
        "Type":"Null"
       ,"Used":"Only when current value in session state is null"
      }
     ,"Session State":{
        "Data Type":"VARCHAR2"
       ,"Storage":"Per Session (Persistent)"
      }
     ,"Security":{
        "Session State Protection":"Unrestricted"
       ,"Store value encrypted in session state":true
       ,"Restricted Characters":"All characters can be saved."
      }
    }
   ,{
      "id":"129437748017507301"
     ,"Identification":{
        "Name":"P10_QUESTION1_ANSWER"
       ,"Type":"Select List"
      }
     ,"Label":{
        "Label":"Question 1 Answer"
       ,"Alignment":"Left"
      }
     ,"Settings":{
        "Page Action on Selection":"None"
       ,"Allow Multi Selection":false
      }
     ,"Layout":{
        "Sequence":20
       ,"Region":"No Parent"
       ,"Position":"BODY"
       ,"Alignment":"Left"
       ,"Start New Layout":false
       ,"Start New Row":true
       ,"Column":"Automatic"
       ,"New Column":true
       ,"Column Span":"Automatic"
       ,"Label Column Span":"Page Template Default"
      }
     ,"Appearance":{
        "Template":"Optional - Floating (127882895985976781)"
       ,"Template Options":[
          "#DEFAULT#"
        ]
       ,"Height":1
      }
     ,"Validation":{
        "Value Required":false
      }
     ,"List of Values":{
        "Type":"Static Values"
       ,"Static Values":"STATIC:True;True,False;False"
       ,"Display Extra Values":true
       ,"Display Null Value":true
      }
     ,"Advanced":{
        "Warn on Unsaved Changes":"Page Default"
      }
     ,"Source":{
        "Type":"Null"
       ,"Used":"Only when current value in session state is null"
      }
     ,"Session State":{
        "Storage":"Per Session (Persistent)"
      }
     ,"Quick Picks":{
        "Show Quick Picks":false
      }
     ,"Security":{
        "Session State Protection":"Unrestricted"
       ,"Store value encrypted in session state":true
       ,"Restricted Characters":"All characters can be saved."
      }
    }
   ,{
      "id":"129438069834507304"
     ,"Identification":{
        "Name":"P10_QUESTION_ANSWER2"
       ,"Type":"Select List"
      }
     ,"Label":{
        "Label":"Question 2 Answer"
       ,"Alignment":"Left"
      }
     ,"Settings":{
        "Page Action on Selection":"None"
       ,"Allow Multi Selection":false
      }
     ,"Layout":{
        "Sequence":30
       ,"Region":"No Parent"
       ,"Position":"BODY"
       ,"Alignment":"Left"
       ,"Start New Layout":false
       ,"Start New Row":true
       ,"Column":"Automatic"
       ,"New Column":true
       ,"Column Span":"Automatic"
       ,"Label Column Span":"Page Template Default"
      }
     ,"Appearance":{
        "Template":"Optional - Floating (127882895985976781)"
       ,"Template Options":[
          "#DEFAULT#"
        ]
       ,"Height":1
      }
     ,"Validation":{
        "Value Required":false
      }
     ,"List of Values":{
        "Type":"Static Values"
       ,"Static Values":"STATIC:True;True,False;False"
       ,"Display Extra Values":true
       ,"Display Null Value":true
      }
     ,"Advanced":{
        "Warn on Unsaved Changes":"Page Default"
      }
     ,"Source":{
        "Type":"Null"
       ,"Used":"Only when current value in session state is null"
      }
     ,"Session State":{
        "Storage":"Per Session (Persistent)"
      }
     ,"Quick Picks":{
        "Show Quick Picks":false
      }
     ,"Security":{
        "Session State Protection":"Unrestricted"
       ,"Store value encrypted in session state":true
       ,"Restricted Characters":"All characters can be saved."
      }
    }
   ,{
      "id":"129438104375507305"
     ,"Identification":{
        "Name":"P10_QUESTION_ANSWER3"
       ,"Type":"Select List"
      }
     ,"Label":{
        "Label":"Question 3 Answer"
       ,"Alignment":"Left"
      }
     ,"Settings":{
        "Page Action on Selection":"None"
       ,"Allow Multi Selection":false
      }
     ,"Layout":{
        "Sequence":40
       ,"Region":"No Parent"
       ,"Position":"BODY"
       ,"Alignment":"Left"
       ,"Start New Layout":false
       ,"Start New Row":true
       ,"Column":"Automatic"
       ,"New Column":true
       ,"Column Span":"Automatic"
       ,"Label Column Span":"Page Template Default"
      }
     ,"Appearance":{
        "Template":"Optional - Floating (127882895985976781)"
       ,"Template Options":[
          "#DEFAULT#"
        ]
       ,"Height":1
      }
     ,"Validation":{
        "Value Required":false
      }
     ,"List of Values":{
        "Type":"Static Values"
       ,"Static Values":"STATIC:True;True,False;False"
       ,"Display Extra Values":true
       ,"Display Null Value":true
      }
     ,"Advanced":{
        "Warn on Unsaved Changes":"Page Default"
      }
     ,"Source":{
        "Type":"Null"
       ,"Used":"Only when current value in session state is null"
      }
     ,"Session State":{
        "Storage":"Per Session (Persistent)"
      }
     ,"Quick Picks":{
        "Show Quick Picks":false
      }
     ,"Security":{
        "Session State Protection":"Unrestricted"
       ,"Store value encrypted in session state":true
       ,"Restricted Characters":"All characters can be saved."
      }
    }
  ]
 ,"Buttons":[
    {
      "id":"129438268106507306"
     ,"Identification":{
        "Button Name":"Submit"
       ,"Label":"Submit"
      }
     ,"Layout":{
        "Sequence":10
       ,"Region":"Quiz Questions (129151754167940633)"
       ,"Position":"COPY"
       ,"Start New Layout":false
       ,"Start New Row":true
       ,"Column":"Automatic"
       ,"New Column":true
       ,"Column Span":"Automatic"
      }
     ,"Appearance":{
        "Button Template":"Text with Icon (127885498762976787)"
       ,"Hot":true
       ,"Template Options":[
          "#DEFAULT#"
         ,"t-Button--iconLeft"
        ]
      }
     ,"Behavior":{
        "Action":"Submit Page"
       ,"Execute Validations":true
       ,"Warn on Unsaved Changes":"Do Not Check"
      }
    }
  ]
 ,"Processes":[
    {
      "id":"129150318801940619"
     ,"Identification":{
        "Name":"Select Next Question"
       ,"Type":"Execute Code"
       ,"Execution Chain":"None"
      }
     ,"Source":{
        "Location":"Local Database"
       ,"Language":"PL\/SQL"
       ,"PL\/SQL Code":"DECLARE\n    l_exists NUMBER;\nBEGIN\n    -- Step 1: Check if this session already has 10 questions\n    SELECT COUNT(*) INTO l_exists\n    FROM hsse_quiz_sessions\n    WHERE session_id = :APP_SESSION;\n\n    IF l_exists = 0 THEN\n        INSERT INTO hsse_quiz_sessions (session_id, question_id, question_order)\n        SELECT :APP_SESSION, id, ROWNUM\n        FROM (\n            SELECT id\n            FROM hsse_quiz_questions\n            WHERE is_active = \u0027Y\u0027\n            ORDER BY DBMS_RANDOM.VALUE\n        )\n        WHERE ROWNUM \u003C= 3;\n    END IF;\n\/*-- Don\u0027t do this anymore because of that URL thing\n    -- Step 2: Find next unanswered question\n    BEGIN\n        SELECT s.question_id\n        INTO :P10_NEXT_QUESTION_ID\n        FROM hsse_quiz_sessions s\n        WHERE s.session_id = :APP_SESSION\n        AND NOT EXISTS (\n            SELECT 1 FROM hsse_quiz_responses r\n            WHERE r.session_id = s.session_id\n            AND r.question_id = s.question_id\n        )\n        ORDER BY s.question_order\n        FETCH FIRST 1 ROWS ONLY;\n\n    EXCEPTION\n        WHEN NO_DATA_FOUND THEN\n            -- No more questions, leave P10_NEXT_QUESTION_ID NULL\n            :P10_NEXT_QUESTION_ID := NULL;\n    END; *\/\nEND;\n"
      }
     ,"Execution":{
        "Sequence":10
       ,"Point":"Before Header"
       ,"Run Process":"Once Per Page Visit (default)"
      }
    }
   ,{
      "id":"129438353733507307"
     ,"Identification":{
        "Name":"New"
       ,"Type":"Execute Code"
       ,"Execution Chain":"None"
      }
     ,"Source":{
        "Location":"Local Database"
       ,"Language":"PL\/SQL"
       ,"PL\/SQL Code":"declare\nv_q1 number;\nv_q2 number;\nv_q3 number;\nbegin \nselect question_id \ninto v_q1 from hsse_quiz_sessions where question_order = 1 and session_id = :app_session;\n\nselect question_id \ninto v_q2 from hsse_quiz_sessions where question_order = 2 and session_id = :app_session;\n\nselect question_id \ninto v_q3 from hsse_quiz_sessions where question_order = 3 and session_id = :app_session;\n\n\nINSERT INTO hsse_quiz_responses(session_id, question_id, user_answer, is_correct, response_date)\nVALUES (:APP_SESSION, v_q1, :P10_QUESTION1_ANSWER, f_check_answer(v_q1,:P10_QUESTION1_ANSWER), sysdate);\n\nINSERT INTO hsse_quiz_responses(session_id, question_id, user_answer, is_correct, response_date)\nVALUES (:APP_SESSION, v_q2, :P10_QUESTION_ANSWER2, f_check_answer(v_q2,:P10_QUESTION_ANSWER2), sysdate);\n\nINSERT INTO hsse_quiz_responses(session_id, question_id, user_answer, is_correct, response_date)\nVALUES (:APP_SESSION, v_q3, :P10_QUESTION_ANSWER3, f_check_answer(v_q3,:P10_QUESTION_ANSWER3), sysdate);\n\nEND;"
      }
     ,"Execution":{
        "Sequence":10
       ,"Point":"Processing"
       ,"Run Process":"Once Per Page Visit (default)"
      }
     ,"Error":{
        "Display Location":"Inline in Notification"
      }
     ,"Server-side Condition":{
        "When Button Pressed":"Submit (129438268106507306)"
      }
    }
  ]
 ,"Branches":[
    {
      "id":"129438432872507308"
     ,"Identification":{
        "Name":"gO TO PAGE 14"
      }
     ,"Execution":{
        "Sequence":10
       ,"Point":"After Processing"
      }
     ,"Behavior":{
        "Type":"Page or URL (Redirect)"
       ,"Target":{
          "url":"f?p=\u0026APP_ID.:14:\u0026SESSION.::\u0026DEBUG.:::\u0026success_msg=#SUCCESS_MSG#"
         ,"Page":"14"
        }
      }
    }
  ]
}
