{
  "id":"14"
 ,"Identification":{
    "Name":"Quiz Score"
   ,"Alias":"QUIZ-SCORE"
   ,"Title":"Quiz Score"
  }
 ,"Appearance":{
    "Page Mode":"Normal"
   ,"Page Template":"Theme Default"
   ,"Template Options":[
      "#DEFAULT#"
    ]
  }
 ,"Navigation Menu":{
    "Override User Interface Level":false
  }
 ,"Navigation":{
    "Cursor Focus":"Do not focus cursor"
   ,"Warn on Unsaved Changes":true
  }
 ,"Security":{
    "Authentication":"Page Requires Authentication"
   ,"Deep Linking":"Application Default"
   ,"Page Access Protection":"Arguments Must Have Checksum"
   ,"Form Auto Complete":"Off"
   ,"Browser Cache":"Application Default"
  }
 ,"Session Management":{
    "Rejoin Sessions":"Application Default"
  }
 ,"Advanced":{
    "Enable duplicate page submissions":"Yes - Enable page to be re-posted"
   ,"Reload on Submit":"Only for Success"
  }
 ,"Server Cache":{
    "Caching":"Disabled"
  }
 ,"Regions":[
    {
      "id":"129245671989585076"
     ,"Identification":{
        "Title":"Quiz Score"
       ,"Type":"Classic Report"
      }
     ,"Source":{
        "Location":"Local Database"
       ,"Type":"SQL Query"
       ,"SQL Query":"SELECT\n    COUNT(*) AS total_questions,\n    SUM(CASE WHEN is_correct = \u0027Y\u0027 THEN 1 ELSE 0 END) AS correct_answers,\n    ROUND(SUM(CASE WHEN is_correct = \u0027Y\u0027 THEN 1 ELSE 0 END) * 100 \/ COUNT(*), 2) AS score_percent\nFROM hsse_quiz_responses\nWHERE session_id = :APP_SESSION\nAND question_id IN (\n    SELECT question_id FROM hsse_quiz_sessions WHERE session_id = :APP_SESSION\n)"
      }
     ,"Layout":{
        "Sequence":10
       ,"Parent Region":"No Parent"
       ,"Position":"BODY"
       ,"Start New Layout":false
       ,"Start New Row":true
       ,"Column":"Automatic"
       ,"New Column":true
       ,"Column Span":"Automatic"
      }
     ,"Appearance":{
        "Template":"Standard (127820918811976719)"
       ,"Template Options":[
          "#DEFAULT#"
         ,"t-Region--noPadding"
         ,"t-Region--hideHeader"
         ,"t-Region--scrollBody"
        ]
       ,"Render Components":"Above Content"
      }
     ,"Accessibility":{
        "Use Landmark":true
       ,"Landmark Type":"Template Default"
      }
     ,"Advanced":{
        "Region Display Selector":false
       ,"Exclude Title from Translation":false
      }
     ,"Server Cache":{
        "Caching":"Disabled"
      }
     ,"Customization":{
        "Customizable":"Not Customizable By End Users"
      }
     ,"Attributes":{
        "Layout":{
          "Number of Rows Type":"Static Value"
         ,"Number of Rows":50
        }
       ,"Appearance":{
          "Template Type":"Theme"
         ,"Template":"Standard (127847713509976741)"
         ,"Template Options":[
            "#DEFAULT#"
           ,"t-Report--stretch"
           ,"t-Report--staticRowColors"
           ,"t-Report--rowHighlight"
           ,"t-Report--inline"
           ,"t-Report--hideNoPagination"
          ]
        }
       ,"Pagination":{
          "Type":"Row Ranges X to Y (with next and previous links)"
         ,"Display Position":"Bottom - Right"
         ,"Partial Page Refresh":true
        }
       ,"Performance":{
          "Lazy Loading":false
         ,"Maximum Rows to Process":500
        }
       ,"Messages":{
          "When No Data Found":"no data found"
        }
       ,"Break Formatting":{
          "Break Columns":"No Break"
        }
       ,"Advanced":{
          "Strip HTML":false
         ,"Sort Nulls":"Last"
        }
       ,"Heading":{
          "Type":"Custom Headings"
        }
       ,"Download":{
          "CSV Export Enabled":false
        }
       ,"Printing":{
          "Enabled":false
        }
      }
     ,"Columns":[
        {
          "id":"129246018649585080"
         ,"Identification":{
            "Column Name":"TOTAL_QUESTIONS"
           ,"Type":"Plain Text"
          }
         ,"Heading":{
            "Heading":"Total Questions"
           ,"Alignment":"end"
          }
         ,"Layout":{
            "Sequence":1
           ,"Column Alignment":"end"
          }
         ,"Accessibility":{
            "Value Identifies Row":false
          }
         ,"Sorting":{
            "Sortable":true
          }
         ,"Export \/ Printing":{
            "Include In Export \/ Print":true
          }
         ,"Advanced":{
            "Compute Sum":false
          }
         ,"UI Defaults Reference":{
            "Table Owner":"Parsing Schema"
          }
         ,"Security":{
            "Escape special characters":true
          }
        }
       ,{
          "id":"129246464027585082"
         ,"Identification":{
            "Column Name":"CORRECT_ANSWERS"
           ,"Type":"Plain Text"
          }
         ,"Heading":{
            "Heading":"Correct Answers"
           ,"Alignment":"end"
          }
         ,"Layout":{
            "Sequence":2
           ,"Column Alignment":"end"
          }
         ,"Accessibility":{
            "Value Identifies Row":false
          }
         ,"Sorting":{
            "Sortable":true
          }
         ,"Export \/ Printing":{
            "Include In Export \/ Print":true
          }
         ,"Advanced":{
            "Compute Sum":false
          }
         ,"UI Defaults Reference":{
            "Table Owner":"Parsing Schema"
          }
         ,"Security":{
            "Escape special characters":true
          }
        }
       ,{
          "id":"129246814398585083"
         ,"Identification":{
            "Column Name":"SCORE_PERCENT"
           ,"Type":"Plain Text"
          }
         ,"Heading":{
            "Heading":"Score Percent"
           ,"Alignment":"end"
          }
         ,"Layout":{
            "Sequence":3
           ,"Column Alignment":"end"
          }
         ,"Accessibility":{
            "Value Identifies Row":false
          }
         ,"Sorting":{
            "Sortable":true
          }
         ,"Export \/ Printing":{
            "Include In Export \/ Print":true
          }
         ,"Advanced":{
            "Compute Sum":false
          }
         ,"UI Defaults Reference":{
            "Table Owner":"Parsing Schema"
          }
         ,"Security":{
            "Escape special characters":true
          }
        }
      ]
    }
  ]
}
