{
  "id":"13"
 ,"Identification":{
    "Name":"Quiz Question"
   ,"Alias":"QUIZ-QUESTION"
   ,"Title":"Quiz Question"
  }
 ,"Appearance":{
    "Page Mode":"Normal"
   ,"Page Template":"Theme Default"
   ,"Template Options":[
      "#DEFAULT#"
    ]
  }
 ,"Navigation Menu":{
    "Override User Interface Level":false
  }
 ,"Navigation":{
    "Cursor Focus":"Do not focus cursor"
   ,"Warn on Unsaved Changes":true
  }
 ,"Security":{
    "Authentication":"Page Requires Authentication"
   ,"Deep Linking":"Application Default"
   ,"Page Access Protection":"Arguments Must Have Checksum"
   ,"Form Auto Complete":"Off"
   ,"Browser Cache":"Application Default"
  }
 ,"Session Management":{
    "Rejoin Sessions":"Application Default"
  }
 ,"Advanced":{
    "Enable duplicate page submissions":"Yes - Enable page to be re-posted"
   ,"Reload on Submit":"Only for Success"
  }
 ,"Server Cache":{
    "Caching":"Disabled"
  }
 ,"Regions":[
    {
      "id":"129150889682940624"
     ,"Identification":{
        "Title":"New"
       ,"Type":"Classic Report"
      }
     ,"Source":{
        "Location":"Local Database"
       ,"Type":"SQL Query"
       ,"SQL Query":"SELECT question_text FROM hsse_quiz_questions WHERE id = :P13_QUESTION_ID\n"
       ,"Page Items to Submit":[
          "P13_QUESTION_ID"
        ]
      }
     ,"Layout":{
        "Sequence":10
       ,"Parent Region":"No Parent"
       ,"Position":"BODY"
       ,"Start New Layout":false
       ,"Start New Row":true
       ,"Column":"Automatic"
       ,"New Column":true
       ,"Column Span":"Automatic"
      }
     ,"Appearance":{
        "Template":"Standard (127820918811976719)"
       ,"Template Options":[
          "#DEFAULT#"
         ,"t-Region--scrollBody"
        ]
       ,"Render Components":"Above Content"
      }
     ,"Accessibility":{
        "Use Landmark":true
       ,"Landmark Type":"Template Default"
      }
     ,"Advanced":{
        "Region Display Selector":false
       ,"Exclude Title from Translation":false
      }
     ,"Read Only":{
        "Type":"Always"
      }
     ,"Server Cache":{
        "Caching":"Disabled"
      }
     ,"Customization":{
        "Customizable":"Not Customizable By End Users"
      }
     ,"Attributes":{
        "Layout":{
          "Number of Rows Type":"Static Value"
         ,"Number of Rows":15
        }
       ,"Appearance":{
          "Template Type":"Theme"
         ,"Template":"Standard (127847713509976741)"
         ,"Template Options":[
            "#DEFAULT#"
           ,"t-Report--altRowsDefault"
           ,"t-Report--rowHighlight"
          ]
        }
       ,"Pagination":{
          "Type":"Row Ranges X to Y (with next and previous links)"
         ,"Display Position":"Bottom - Right"
         ,"Partial Page Refresh":true
        }
       ,"Performance":{
          "Lazy Loading":false
        }
       ,"Break Formatting":{
          "Break Columns":"No Break"
        }
       ,"Advanced":{
          "Strip HTML":false
         ,"Sort Nulls":"Last"
        }
       ,"Heading":{
          "Type":"Custom Headings"
        }
       ,"Download":{
          "CSV Export Enabled":false
        }
       ,"Printing":{
          "Enabled":false
        }
      }
     ,"Columns":[
        {
          "id":"129150956071940625"
         ,"Identification":{
            "Column Name":"QUESTION_TEXT"
           ,"Type":"Plain Text"
          }
         ,"Heading":{
            "Heading":"Question Text"
           ,"Alignment":"start"
          }
         ,"Layout":{
            "Sequence":10
           ,"Column Alignment":"start"
          }
         ,"Accessibility":{
            "Value Identifies Row":false
          }
         ,"Sorting":{
            "Sortable":true
          }
         ,"Export \/ Printing":{
            "Include In Export \/ Print":true
          }
         ,"Advanced":{
            "Compute Sum":false
          }
         ,"UI Defaults Reference":{
            "Table Owner":"Parsing Schema"
          }
         ,"Security":{
            "Escape special characters":true
          }
        }
      ]
    }
  ]
 ,"Page Items":[
    {
      "id":"129150487895940620"
     ,"Identification":{
        "Name":"P13_QUESTION_ID"
       ,"Type":"Hidden"
      }
     ,"Settings":{
        "Value Protected":false
      }
     ,"Layout":{
        "Sequence":30
       ,"Region":"No Parent"
       ,"Position":"BODY"
      }
     ,"Advanced":{
        "Warn on Unsaved Changes":"Page Default"
      }
     ,"Source":{
        "Type":"Null"
       ,"Used":"Only when current value in session state is null"
      }
     ,"Session State":{
        "Data Type":"VARCHAR2"
       ,"Storage":"Per Session (Persistent)"
      }
     ,"Security":{
        "Session State Protection":"Unrestricted"
       ,"Store value encrypted in session state":true
       ,"Restricted Characters":"All characters can be saved."
      }
    }
   ,{
      "id":"129150532049940621"
     ,"Identification":{
        "Name":"P13_ANSWER"
       ,"Type":"Radio Group"
      }
     ,"Label":{
        "Label":"Answer"
       ,"Alignment":"Left"
      }
     ,"Settings":{
        "Number of Columns":2
       ,"Page Action on Selection":"None"
      }
     ,"Layout":{
        "Sequence":20
       ,"Region":"No Parent"
       ,"Position":"BODY"
       ,"Alignment":"Left"
       ,"Start New Layout":false
       ,"Start New Row":false
       ,"Column":"Automatic"
       ,"New Column":false
       ,"Column Span":"Automatic"
       ,"Label Column Span":"Page Template Default"
      }
     ,"Appearance":{
        "Template":"Optional - Floating (127882895985976781)"
       ,"Template Options":[
          "#DEFAULT#"
        ]
      }
     ,"Validation":{
        "Value Required":true
      }
     ,"List of Values":{
        "Type":"Static Values"
       ,"Static Values":"STATIC:TRUE;True,FALSE;False"
       ,"Display Extra Values":false
       ,"Display Null Value":false
      }
     ,"Advanced":{
        "Warn on Unsaved Changes":"Page Default"
      }
     ,"Source":{
        "Type":"Null"
       ,"Used":"Only when current value in session state is null"
      }
     ,"Session State":{
        "Storage":"Per Session (Persistent)"
      }
     ,"Security":{
        "Session State Protection":"Unrestricted"
       ,"Store value encrypted in session state":true
       ,"Escape special characters":true
       ,"Restricted Characters":"All characters can be saved."
      }
    }
  ]
 ,"Buttons":[
    {
      "id":"129151043498940626"
     ,"Identification":{
        "Button Name":"SUBMIT"
       ,"Label":"Submit"
      }
     ,"Layout":{
        "Sequence":10
       ,"Region":"New (129150889682940624)"
       ,"Position":"CHANGE"
       ,"Start New Layout":false
       ,"Start New Row":true
       ,"Column":"Automatic"
       ,"New Column":true
       ,"Column Span":"Automatic"
      }
     ,"Appearance":{
        "Button Template":"Text with Icon (127885498762976787)"
       ,"Hot":true
       ,"Template Options":[
          "#DEFAULT#"
         ,"t-Button--iconLeft"
        ]
      }
     ,"Behavior":{
        "Action":"Submit Page"
       ,"Execute Validations":false
       ,"Warn on Unsaved Changes":"Do Not Check"
      }
    }
  ]
 ,"Processes":[
    {
      "id":"129150676706940622"
     ,"Identification":{
        "Name":"New"
       ,"Type":"Execute Code"
       ,"Execution Chain":"None"
      }
     ,"Source":{
        "Location":"Local Database"
       ,"Language":"PL\/SQL"
       ,"PL\/SQL Code":"DECLARE\n    l_correct_answer VARCHAR2(5);\nBEGIN\n    SELECT correct_answer\n    INTO l_correct_answer\n    FROM hsse_quiz_questions\n    WHERE id = :P13_QUESTION_ID;\n\n    INSERT INTO hsse_quiz_responses (\n        session_id,\n        question_id,\n        user_answer,\n        is_correct\n    ) VALUES (\n        :APP_SESSION,\n        :P13_QUESTION_ID,\n        :P13_USER_ANSWER,\n        CASE WHEN :P13_USER_ANSWER = l_correct_answer THEN \u0027Y\u0027 ELSE \u0027N\u0027 END\n    );\nEND;\n"
      }
     ,"Execution":{
        "Sequence":10
       ,"Point":"After Submit"
       ,"Run Process":"Once Per Page Visit (default)"
      }
     ,"Error":{
        "Display Location":"Inline in Notification"
      }
     ,"Server-side Condition":{
        "When Button Pressed":"SUBMIT (129151043498940626)"
      }
    }
  ]
 ,"Branches":[
    {
      "id":"129150739273940623"
     ,"Identification":{
        "Name":"Go To Page 10"
      }
     ,"Execution":{
        "Sequence":10
       ,"Point":"After Processing"
      }
     ,"Behavior":{
        "Type":"Page or URL (Redirect)"
       ,"Target":{
          "url":"f?p=\u0026APP_ID.:10:\u0026SESSION.::\u0026DEBUG.:::\u0026success_msg=#SUCCESS_MSG#"
         ,"Page":"10"
        }
      }
     ,"Server-side Condition":{
        "When Button Pressed":"SUBMIT (129151043498940626)"
       ,"Type":"Item is NOT NULL"
       ,"Item":"P13_ANSWER"
      }
    }
  ]
}
