{
  "id":"3"
 ,"Identification":{
    "Name":"Reports"
   ,"Alias":"REPORTS"
   ,"Title":"Reports"
  }
 ,"Appearance":{
    "Page Mode":"Normal"
   ,"Page Template":"Theme Default"
   ,"Template Options":[
      "#DEFAULT#"
    ]
  }
 ,"Navigation Menu":{
    "Override User Interface Level":false
  }
 ,"Navigation":{
    "Cursor Focus":"Do not focus cursor"
   ,"Warn on Unsaved Changes":true
  }
 ,"JavaScript":{
    "File URLs":[
      null
     ,null
    ]
  }
 ,"CSS":{
    "File URLs":[
      null
     ,null
    ]
  }
 ,"Security":{
    "Authentication":"Page Requires Authentication"
   ,"Deep Linking":"Application Default"
   ,"Page Access Protection":"Arguments Must Have Checksum"
   ,"Form Auto Complete":"Off"
   ,"Browser Cache":"Application Default"
  }
 ,"Session Management":{
    "Rejoin Sessions":"Application Default"
  }
 ,"Advanced":{
    "Enable duplicate page submissions":"Yes - Enable page to be re-posted"
   ,"Reload on Submit":"Only for Success"
  }
 ,"Server Cache":{
    "Caching":"Disabled"
  }
 ,"Regions":[
    {
      "id":"128033797099089708"
     ,"Identification":{
        "Title":"List of Reports"
       ,"Type":"Interactive Report"
      }
     ,"Source":{
        "Location":"Local Database"
       ,"Type":"SQL Query"
       ,"SQL Query":"select \nid, title, description, category, regulation_class, cause_of_death, location, longitude, latitude, death_y_n, reporter_name, anonymous_flag, employer_info, status, report_time \nfrom hsse_reports"
      }
     ,"Layout":{
        "Sequence":10
       ,"Parent Region":"No Parent"
       ,"Position":"BODY"
       ,"Start New Layout":false
       ,"Start New Row":true
       ,"Column":"Automatic"
       ,"New Column":true
       ,"Column Span":"Automatic"
      }
     ,"Appearance":{
        "Template":"Standard (127820918811976719)"
       ,"Template Options":[
          "#DEFAULT#"
         ,"t-Region--showIcon"
         ,"t-Region--accent1"
         ,"t-Region--scrollBody"
        ]
       ,"Render Components":"Above Content"
      }
     ,"Accessibility":{
        "Use Landmark":true
       ,"Landmark Type":"Template Default"
      }
     ,"Advanced":{
        "Region Display Selector":true
       ,"Exclude Title from Translation":false
      }
     ,"Server Cache":{
        "Caching":"Disabled"
      }
     ,"Customization":{
        "Customizable":"Not Customizable By End Users"
      }
     ,"Attributes":{
        "id":"128391964621455816"
       ,"Link":{
          "Link Column":"Exclude Link Column"
        }
       ,"Appearance":{
          "Show Null Values as":"-"
        }
       ,"Pagination":{
          "Type":"Row Ranges X to Y"
         ,"Display Position":"Bottom - Right"
        }
       ,"Performance":{
          "Lazy Loading":true
        }
       ,"Search Bar":{
          "Include Search Bar":true
         ,"Search Field":true
         ,"Finder Drop Down":true
         ,"Reports Select List":true
         ,"Rows Per Page Selector":false
         ,"Maximum Rows Per Page":"10"
        }
       ,"Actions Menu":{
          "Include Actions Menu":true
         ,"Filter":true
         ,"Select Columns":true
         ,"Rows Per Page":true
         ,"Sort":true
         ,"Control Break":true
         ,"Highlight":true
         ,"Compute":true
         ,"Aggregate":true
         ,"Chart":true
         ,"Group By":true
         ,"Pivot":true
         ,"Flashback":true
         ,"Save Report":true
         ,"Save Public Report":false
         ,"Reset":true
         ,"Help":true
         ,"Download":true
         ,"Subscription":true
        }
       ,"Download":{
          "Formats":[
            "CSV"
           ,"HTML"
           ,"Excel"
           ,"PDF"
          ]
         ,"Send as Email":true
        }
       ,"Heading":{
          "Fixed To":"Page"
        }
       ,"Icon View":{
          "Show":false
        }
       ,"Detail View":{
          "Show":false
        }
       ,"Saved Reports":[
          {
            "id":"128439061950515982"
           ,"Identification":{
              "Name":"Primary Report"
             ,"Alias":"1284391"
            }
          }
        ]
       ,"Columns":[
          {
            "id":"128392064814455817"
           ,"Identification":{
              "Column Name":"ID"
             ,"Type":"Link"
            }
           ,"Heading":{
              "Heading":"Edit"
             ,"Alignment":"center"
            }
           ,"Single Row View":{
              "Use Column Heading":true
            }
           ,"Layout":{
              "Sequence":10
             ,"Column Alignment":"center"
            }
           ,"Accessibility":{
              "Value Identifies Row":false
            }
           ,"Link":{
              "Target":{
                "url":"f?p=\u0026APP_ID.:5:\u0026SESSION.::\u0026DEBUG.:::"
               ,"Page":"5"
              }
             ,"Link Text":"\u003Cimg src=\"#APEX_FILES#app_ui\/img\/icons\/apex-edit-pencil-alt.png\" class=\"apex-edit-pencil-alt\" alt=\"\"\u003E"
            }
           ,"Source":{
              "Primary Key":false
            }
           ,"Column Filter":{
              "Type":"Default Based on Column Type"
            }
           ,"Enable Users To":{
              "Hide":true
             ,"Sort":true
             ,"Filter":true
             ,"Highlight":true
             ,"Control Break":true
             ,"Aggregate":true
             ,"Compute":true
             ,"Chart":true
             ,"Group By":true
             ,"Pivot":true
            }
           ,"Security":{
              "Escape special characters":true
            }
          }
         ,{
            "id":"128392172198455818"
           ,"Identification":{
              "Column Name":"TITLE"
             ,"Type":"Plain Text"
            }
           ,"Heading":{
              "Heading":"Type of Accident"
             ,"Alignment":"start"
            }
           ,"Single Row View":{
              "Use Column Heading":true
            }
           ,"Layout":{
              "Sequence":20
             ,"Column Alignment":"start"
            }
           ,"Accessibility":{
              "Value Identifies Row":false
            }
           ,"Source":{
              "Primary Key":false
            }
           ,"Column Filter":{
              "Type":"Default Based on Column Type"
            }
           ,"Enable Users To":{
              "Hide":true
             ,"Sort":true
             ,"Filter":true
             ,"Highlight":true
             ,"Control Break":true
             ,"Aggregate":true
             ,"Compute":true
             ,"Chart":true
             ,"Group By":true
             ,"Pivot":true
            }
           ,"Security":{
              "Escape special characters":true
            }
          }
         ,{
            "id":"128392286755455819"
           ,"Identification":{
              "Column Name":"DESCRIPTION"
             ,"Type":"Plain Text"
            }
           ,"Heading":{
              "Heading":"Description"
             ,"Alignment":"start"
            }
           ,"Single Row View":{
              "Use Column Heading":true
            }
           ,"Layout":{
              "Sequence":30
             ,"Column Alignment":"start"
            }
           ,"Accessibility":{
              "Value Identifies Row":false
            }
           ,"Source":{
              "Primary Key":false
            }
           ,"Column Filter":{
              "Type":"None"
            }
           ,"Enable Users To":{
              "Hide":true
             ,"Sort":false
             ,"Filter":true
             ,"Highlight":true
             ,"Control Break":false
             ,"Aggregate":false
             ,"Compute":false
             ,"Chart":false
             ,"Group By":false
             ,"Pivot":false
            }
           ,"Security":{
              "Escape special characters":true
            }
          }
         ,{
            "id":"128392394195455820"
           ,"Identification":{
              "Column Name":"CATEGORY"
             ,"Type":"Plain Text"
            }
           ,"Heading":{
              "Heading":"Category"
             ,"Alignment":"start"
            }
           ,"Single Row View":{
              "Use Column Heading":true
            }
           ,"Layout":{
              "Sequence":40
             ,"Column Alignment":"start"
            }
           ,"Accessibility":{
              "Value Identifies Row":false
            }
           ,"Source":{
              "Primary Key":false
            }
           ,"Column Filter":{
              "Type":"Default Based on Column Type"
            }
           ,"Enable Users To":{
              "Hide":true
             ,"Sort":true
             ,"Filter":true
             ,"Highlight":true
             ,"Control Break":true
             ,"Aggregate":true
             ,"Compute":true
             ,"Chart":true
             ,"Group By":true
             ,"Pivot":true
            }
           ,"Security":{
              "Escape special characters":true
            }
          }
         ,{
            "id":"128392431537455821"
           ,"Identification":{
              "Column Name":"REGULATION_CLASS"
             ,"Type":"Plain Text"
            }
           ,"Heading":{
              "Heading":"Regulation Class"
             ,"Alignment":"start"
            }
           ,"Single Row View":{
              "Use Column Heading":true
            }
           ,"Layout":{
              "Sequence":50
             ,"Column Alignment":"start"
            }
           ,"Accessibility":{
              "Value Identifies Row":false
            }
           ,"Source":{
              "Primary Key":false
            }
           ,"Column Filter":{
              "Type":"Default Based on Column Type"
            }
           ,"Enable Users To":{
              "Hide":true
             ,"Sort":true
             ,"Filter":true
             ,"Highlight":true
             ,"Control Break":true
             ,"Aggregate":true
             ,"Compute":true
             ,"Chart":true
             ,"Group By":true
             ,"Pivot":true
            }
           ,"Security":{
              "Escape special characters":true
            }
          }
         ,{
            "id":"128392597767455822"
           ,"Identification":{
              "Column Name":"CAUSE_OF_DEATH"
             ,"Type":"Plain Text"
            }
           ,"Heading":{
              "Heading":"Cause Of Death"
             ,"Alignment":"start"
            }
           ,"Single Row View":{
              "Use Column Heading":true
            }
           ,"Layout":{
              "Sequence":60
             ,"Column Alignment":"start"
            }
           ,"Accessibility":{
              "Value Identifies Row":false
            }
           ,"Source":{
              "Primary Key":false
            }
           ,"Column Filter":{
              "Type":"Default Based on Column Type"
            }
           ,"Enable Users To":{
              "Hide":true
             ,"Sort":true
             ,"Filter":true
             ,"Highlight":true
             ,"Control Break":true
             ,"Aggregate":true
             ,"Compute":true
             ,"Chart":true
             ,"Group By":true
             ,"Pivot":true
            }
           ,"Security":{
              "Escape special characters":true
            }
          }
         ,{
            "id":"128392690494455823"
           ,"Identification":{
              "Column Name":"LOCATION"
             ,"Type":"Plain Text"
            }
           ,"Heading":{
              "Heading":"Location"
             ,"Alignment":"start"
            }
           ,"Single Row View":{
              "Use Column Heading":true
            }
           ,"Layout":{
              "Sequence":70
             ,"Column Alignment":"start"
            }
           ,"Accessibility":{
              "Value Identifies Row":false
            }
           ,"Source":{
              "Primary Key":false
            }
           ,"Column Filter":{
              "Type":"Default Based on Column Type"
            }
           ,"Enable Users To":{
              "Hide":true
             ,"Sort":true
             ,"Filter":true
             ,"Highlight":true
             ,"Control Break":true
             ,"Aggregate":true
             ,"Compute":true
             ,"Chart":true
             ,"Group By":true
             ,"Pivot":true
            }
           ,"Security":{
              "Escape special characters":true
            }
          }
         ,{
            "id":"128392849910455825"
           ,"Identification":{
              "Column Name":"REPORTER_NAME"
             ,"Type":"Plain Text"
            }
           ,"Heading":{
              "Heading":"Reporter Name"
             ,"Alignment":"start"
            }
           ,"Single Row View":{
              "Use Column Heading":true
            }
           ,"Layout":{
              "Sequence":90
             ,"Column Alignment":"start"
            }
           ,"Accessibility":{
              "Value Identifies Row":false
            }
           ,"Source":{
              "Primary Key":false
            }
           ,"Column Filter":{
              "Type":"Default Based on Column Type"
            }
           ,"Enable Users To":{
              "Hide":true
             ,"Sort":true
             ,"Filter":true
             ,"Highlight":true
             ,"Control Break":true
             ,"Aggregate":true
             ,"Compute":true
             ,"Chart":true
             ,"Group By":true
             ,"Pivot":true
            }
           ,"Security":{
              "Escape special characters":true
            }
          }
         ,{
            "id":"128392969894455826"
           ,"Identification":{
              "Column Name":"ANONYMOUS_FLAG"
             ,"Type":"Plain Text"
            }
           ,"Heading":{
              "Heading":"Anonymous User"
             ,"Alignment":"start"
            }
           ,"Single Row View":{
              "Use Column Heading":true
            }
           ,"Layout":{
              "Sequence":100
             ,"Column Alignment":"start"
            }
           ,"Accessibility":{
              "Value Identifies Row":false
            }
           ,"Source":{
              "Primary Key":false
            }
           ,"Column Filter":{
              "Type":"Default Based on Column Type"
            }
           ,"Enable Users To":{
              "Hide":true
             ,"Sort":true
             ,"Filter":true
             ,"Highlight":true
             ,"Control Break":true
             ,"Aggregate":true
             ,"Compute":true
             ,"Chart":true
             ,"Group By":true
             ,"Pivot":true
            }
           ,"Security":{
              "Escape special characters":true
            }
          }
         ,{
            "id":"128393063151455827"
           ,"Identification":{
              "Column Name":"EMPLOYER_INFO"
             ,"Type":"Plain Text"
            }
           ,"Heading":{
              "Heading":"Employer Info"
             ,"Alignment":"start"
            }
           ,"Single Row View":{
              "Use Column Heading":true
            }
           ,"Layout":{
              "Sequence":110
             ,"Column Alignment":"start"
            }
           ,"Accessibility":{
              "Value Identifies Row":false
            }
           ,"Source":{
              "Primary Key":false
            }
           ,"Column Filter":{
              "Type":"Default Based on Column Type"
            }
           ,"Enable Users To":{
              "Hide":true
             ,"Sort":true
             ,"Filter":true
             ,"Highlight":true
             ,"Control Break":true
             ,"Aggregate":true
             ,"Compute":true
             ,"Chart":true
             ,"Group By":true
             ,"Pivot":true
            }
           ,"Security":{
              "Escape special characters":true
            }
          }
         ,{
            "id":"128393102787455828"
           ,"Identification":{
              "Column Name":"STATUS"
             ,"Type":"Plain Text"
            }
           ,"Heading":{
              "Heading":"Status"
             ,"Alignment":"start"
            }
           ,"Single Row View":{
              "Use Column Heading":true
            }
           ,"Layout":{
              "Sequence":120
             ,"Column Alignment":"start"
            }
           ,"Accessibility":{
              "Value Identifies Row":false
            }
           ,"Source":{
              "Primary Key":false
            }
           ,"Column Filter":{
              "Type":"Default Based on Column Type"
            }
           ,"Enable Users To":{
              "Hide":true
             ,"Sort":true
             ,"Filter":true
             ,"Highlight":true
             ,"Control Break":true
             ,"Aggregate":true
             ,"Compute":true
             ,"Chart":true
             ,"Group By":true
             ,"Pivot":true
            }
           ,"Security":{
              "Escape special characters":true
            }
          }
         ,{
            "id":"128393275362455829"
           ,"Identification":{
              "Column Name":"REPORT_TIME"
             ,"Type":"Plain Text"
            }
           ,"Heading":{
              "Heading":"Report Time"
             ,"Alignment":"start"
            }
           ,"Single Row View":{
              "Use Column Heading":true
            }
           ,"Layout":{
              "Sequence":130
             ,"Column Alignment":"start"
            }
           ,"Accessibility":{
              "Value Identifies Row":false
            }
           ,"Source":{
              "Primary Key":false
            }
           ,"Column Filter":{
              "Type":"Default Based on Column Type"
             ,"Date Ranges":"All"
            }
           ,"Enable Users To":{
              "Hide":true
             ,"Sort":true
             ,"Filter":true
             ,"Highlight":true
             ,"Control Break":true
             ,"Aggregate":true
             ,"Compute":true
             ,"Chart":true
             ,"Group By":true
             ,"Pivot":true
            }
           ,"Security":{
              "Escape special characters":true
            }
          }
         ,{
            "id":"128394226148455839"
           ,"Identification":{
              "Column Name":"LONGITUDE"
             ,"Type":"Plain Text"
            }
           ,"Heading":{
              "Heading":"Longitude"
             ,"Alignment":"end"
            }
           ,"Single Row View":{
              "Use Column Heading":true
            }
           ,"Layout":{
              "Sequence":140
             ,"Column Alignment":"end"
            }
           ,"Accessibility":{
              "Value Identifies Row":false
            }
           ,"Source":{
              "Primary Key":false
            }
           ,"Column Filter":{
              "Type":"Default Based on Column Type"
            }
           ,"Enable Users To":{
              "Hide":true
             ,"Sort":true
             ,"Filter":true
             ,"Highlight":true
             ,"Control Break":true
             ,"Aggregate":true
             ,"Compute":true
             ,"Chart":true
             ,"Group By":true
             ,"Pivot":true
            }
           ,"Security":{
              "Escape special characters":true
            }
          }
         ,{
            "id":"128394327972455840"
           ,"Identification":{
              "Column Name":"LATITUDE"
             ,"Type":"Plain Text"
            }
           ,"Heading":{
              "Heading":"Latitude"
             ,"Alignment":"end"
            }
           ,"Single Row View":{
              "Use Column Heading":true
            }
           ,"Layout":{
              "Sequence":150
             ,"Column Alignment":"end"
            }
           ,"Accessibility":{
              "Value Identifies Row":false
            }
           ,"Source":{
              "Primary Key":false
            }
           ,"Column Filter":{
              "Type":"Default Based on Column Type"
            }
           ,"Enable Users To":{
              "Hide":true
             ,"Sort":true
             ,"Filter":true
             ,"Highlight":true
             ,"Control Break":true
             ,"Aggregate":true
             ,"Compute":true
             ,"Chart":true
             ,"Group By":true
             ,"Pivot":true
            }
           ,"Security":{
              "Escape special characters":true
            }
          }
         ,{
            "id":"128394437429455841"
           ,"Identification":{
              "Column Name":"DEATH_Y_N"
             ,"Type":"Plain Text"
            }
           ,"Heading":{
              "Heading":"Death Y N"
             ,"Alignment":"start"
            }
           ,"Single Row View":{
              "Use Column Heading":true
            }
           ,"Layout":{
              "Sequence":160
             ,"Column Alignment":"start"
            }
           ,"Accessibility":{
              "Value Identifies Row":false
            }
           ,"Source":{
              "Primary Key":false
            }
           ,"Column Filter":{
              "Type":"Default Based on Column Type"
            }
           ,"Enable Users To":{
              "Hide":true
             ,"Sort":true
             ,"Filter":true
             ,"Highlight":true
             ,"Control Break":true
             ,"Aggregate":true
             ,"Compute":true
             ,"Chart":true
             ,"Group By":true
             ,"Pivot":true
            }
           ,"Security":{
              "Escape special characters":true
            }
          }
        ]
       ,"Printing":{
          "Output":{
            "View File As":"Attachment"
          }
         ,"Page":{
            "Size":"Letter"
           ,"Orientation":"Landscape"
           ,"Units":"Inches"
           ,"Width":11
           ,"Height":8.5
           ,"Border Width":0.5
           ,"Border Color":"#666666"
          }
         ,"Page Header":{
            "Font":"Helvetica"
           ,"Font Weight":"Normal"
           ,"Font Size":12
           ,"Font Color":"#000000"
           ,"Alignment":"center"
           ,"Page Header Text":"List of Reports"
          }
         ,"Column Headings":{
            "Font":"Helvetica"
           ,"Font Weight":"Bold"
           ,"Font Size":10
           ,"Font Color":"#000000"
           ,"Background Color":"#EEEEEE"
          }
         ,"Columns":{
            "Font":"Helvetica"
           ,"Font Weight":"Normal"
           ,"Font Size":10
           ,"Font Color":"#000000"
           ,"Background Color":"#FFFFFF"
          }
         ,"Page Footer":{
            "Font":"Helvetica"
           ,"Font Weight":"Normal"
           ,"Font Size":12
           ,"Font Color":"#000000"
           ,"Alignment":"center"
          }
        }
      }
    }
   ,{
      "id":"128360294498320509"
     ,"Identification":{
        "Title":"Breadcrumb"
       ,"Type":"Breadcrumb"
      }
     ,"Source":{
        "Breadcrumb":"Breadcrumb (127708887208976605)"
      }
     ,"Layout":{
        "Sequence":20
       ,"Parent Region":"No Parent"
       ,"Position":"REGION_POSITION_01"
       ,"Start New Layout":false
       ,"Start New Row":true
       ,"Column":"Automatic"
       ,"New Column":true
       ,"Column Span":"Automatic"
      }
     ,"Appearance":{
        "Template":"Title Bar (127781995781976697)"
       ,"Template Options":[
          "#DEFAULT#"
         ,"t-BreadcrumbRegion--useBreadcrumbTitle"
        ]
       ,"Render Components":"Above Content"
      }
     ,"Accessibility":{
        "Use Landmark":true
       ,"Landmark Type":"Template Default"
      }
     ,"Advanced":{
        "Region Display Selector":false
       ,"Exclude Title from Translation":false
      }
     ,"Server Cache":{
        "Caching":"Disabled"
      }
     ,"Customization":{
        "Customizable":"Not Customizable By End Users"
      }
     ,"Attributes":{
        "Appearance":{
          "Breadcrumb Template":"Breadcrumb (127886952360976789)"
         ,"Template Options":[
            "#DEFAULT#"
          ]
        }
      }
    }
   ,{
      "id":"128394527526455842"
     ,"Identification":{
        "Title":"Location"
       ,"Type":"Map"
      }
     ,"Source":{
        "Location":"Local Database"
       ,"Type":"Table \/ View"
       ,"Table Owner":"Parsing Schema"
       ,"Table Name":"HSSE_REPORTS"
       ,"Include ROWID Column":false
      }
     ,"Layout":{
        "Sequence":20
       ,"Parent Region":"Location of Reported Incidents (128394803736455845)"
       ,"Position":"SUB_REGIONS"
       ,"Start New Layout":false
       ,"Start New Row":true
       ,"Column":"Automatic"
       ,"New Column":true
       ,"Column Span":"Automatic"
      }
     ,"Appearance":{
        "Template":"Interactive Report (127768465335976693)"
       ,"Template Options":[
          "#DEFAULT#"
        ]
       ,"Render Components":"Above Content"
      }
     ,"Accessibility":{
        "Use Landmark":true
       ,"Landmark Type":"Template Default"
      }
     ,"Advanced":{
        "Region Display Selector":false
       ,"Exclude Title from Translation":false
      }
     ,"Server Cache":{
        "Caching":"Disabled"
      }
     ,"Customization":{
        "Customizable":"Not Customizable By End Users"
      }
     ,"Attributes":{
        "id":"128394618123455843"
       ,"Map":{
          "Background":"Default"
         ,"Height":640
        }
       ,"Controls":{
          "Navigation Bar":"Zoom and Compass"
         ,"Navigation Bar Position":"End"
         ,"Options":[
            "Scale Bar"
           ,"Infinite Map"
           ,"Rectangle Zoom"
          ]
        }
       ,"Initial Position and Zoom":{
          "Type":"Based on Spatial Results"
        }
       ,"Legend":{
          "Show":true
         ,"Position":"End"
        }
       ,"Attributes":{
          "Messages Position":"Below"
         ,"Unit System":"Metric"
        }
       ,"Performance":{
          "Lazy Loading":true
        }
       ,"Layers":[
          {
            "id":"128394767436455844"
           ,"Identification":{
              "Name":"New"
             ,"Layer Type":"Points"
            }
           ,"Label":{
              "Label":"Location of Reported Incidents"
            }
           ,"Layout":{
              "Sequence":10
            }
           ,"Source":{
              "Location":"Local Database"
             ,"Type":"Table \/ View"
             ,"Table Owner":"Parsing Schema"
             ,"Table Name":"HSSE_REPORTS"
             ,"Include ROWID Column":false
             ,"Use Spatial Index":false
            }
           ,"Column Mapping":{
              "Geometry Column Data Type":"Longitude\/Latitude"
             ,"Longitude Column":"LONGITUDE"
             ,"Latitude Column":"LATITUDE"
             ,"Primary Key Column":"ID"
            }
           ,"Point Objects":{
              "Style":"SVG"
             ,"Shape":"Default"
            }
           ,"Point Clustering":{
              "Enable":false
            }
           ,"Tooltip":{
              "Advanced Formatting":false
            }
           ,"Info Window":{
              "Advanced Formatting":false
            }
           ,"Legend":{
              "Show":true
             ,"Enable to Hide":true
            }
          }
        ]
      }
    }
   ,{
      "id":"128394803736455845"
     ,"Identification":{
        "Title":"Location of Reported Incidents"
       ,"Type":"Static Content"
      }
     ,"Layout":{
        "Sequence":40
       ,"Parent Region":"No Parent"
       ,"Position":"BODY"
       ,"Start New Layout":false
       ,"Start New Row":true
       ,"Column":"Automatic"
       ,"New Column":true
       ,"Column Span":"Automatic"
      }
     ,"Appearance":{
        "Template":"Standard (127820918811976719)"
       ,"Template Options":[
          "#DEFAULT#"
         ,"t-Region--accent1"
         ,"t-Region--scrollBody"
        ]
       ,"Render Components":"Above Content"
      }
     ,"Accessibility":{
        "Use Landmark":true
       ,"Landmark Type":"Template Default"
      }
     ,"Advanced":{
        "Region Display Selector":false
       ,"Exclude Title from Translation":false
      }
     ,"Server Cache":{
        "Caching":"Disabled"
      }
     ,"Customization":{
        "Customizable":"Not Customizable By End Users"
      }
     ,"Attributes":{
        "Settings":{
          "Output As":"HTML"
         ,"Expand Shortcuts":false
        }
      }
    }
  ]
 ,"Buttons":[
    {
      "id":"128394974122455846"
     ,"Identification":{
        "Button Name":"CREATE"
       ,"Label":"Create"
      }
     ,"Layout":{
        "Sequence":10
       ,"Region":"List of Reports (128033797099089708)"
       ,"Position":"EDIT"
       ,"Start New Layout":false
       ,"Start New Row":true
       ,"Column":"Automatic"
       ,"New Column":true
       ,"Column Span":"Automatic"
      }
     ,"Appearance":{
        "Button Template":"Text with Icon (127885498762976787)"
       ,"Hot":false
       ,"Template Options":[
          "#DEFAULT#"
         ,"t-Button--warning"
         ,"t-Button--iconLeft"
        ]
       ,"Icon":"fa-plus"
      }
     ,"Behavior":{
        "Action":"Redirect to Page in this Application"
       ,"Target":{
          "url":"f?p=\u0026APP_ID.:5:\u0026SESSION.::\u0026DEBUG.:5:P5_ID:#ID#"
         ,"Page":"5"
         ,"Clear Cache":"5"
         ,"Values":{
            "P5_ID":"#ID#"
          }
        }
       ,"Warn on Unsaved Changes":"Do Not Check"
      }
    }
  ]
}
