{
  "id":"5"
 ,"Identification":{
    "Name":"Create\/ Edit Report"
   ,"Alias":"CREATE-EDIT-REPORT"
   ,"Title":"Create\/ Edit Report"
  }
 ,"Appearance":{
    "Page Mode":"Modal Dialog"
   ,"Dialog Template":"Theme Default"
   ,"Template Options":[
      "#DEFAULT#"
    ]
  }
 ,"Dialog":{
    "Chained":true
  }
 ,"Navigation Menu":{
    "Override User Interface Level":false
  }
 ,"Navigation":{
    "Cursor Focus":"Do not focus cursor"
   ,"Warn on Unsaved Changes":true
  }
 ,"Security":{
    "Authentication":"Page Requires Authentication"
   ,"Deep Linking":"Application Default"
   ,"Page Access Protection":"Arguments Must Have Checksum"
   ,"Form Auto Complete":"Off"
   ,"Browser Cache":"Application Default"
  }
 ,"Session Management":{
    "Rejoin Sessions":"Application Default"
  }
 ,"Advanced":{
    "Enable duplicate page submissions":"Yes - Enable page to be re-posted"
   ,"Reload on Submit":"Only for Success"
  }
 ,"Server Cache":{
    "Caching":"Disabled"
  }
 ,"Regions":[
    {
      "id":"128449623453625239"
     ,"Identification":{
        "Title":"Create\/ Edit Report"
       ,"Type":"Form"
      }
     ,"Source":{
        "Location":"Local Database"
       ,"Type":"Table \/ View"
       ,"Table Owner":"Parsing Schema"
       ,"Table Name":"HSSE_REPORTS"
       ,"Include ROWID Column":false
      }
     ,"Layout":{
        "Sequence":10
       ,"Parent Region":"No Parent"
       ,"Position":"BODY"
       ,"Start New Layout":false
       ,"Start New Row":true
       ,"Column":"Automatic"
       ,"New Column":true
       ,"Column Span":"Automatic"
      }
     ,"Appearance":{
        "Template":"Standard (127820918811976719)"
       ,"Template Options":[
          "#DEFAULT#"
         ,"t-Region--scrollBody"
        ]
       ,"Render Components":"Above Content"
      }
     ,"Accessibility":{
        "Use Landmark":true
       ,"Landmark Type":"Template Default"
      }
     ,"Advanced":{
        "Region Display Selector":false
       ,"Exclude Title from Translation":false
      }
     ,"Server Cache":{
        "Caching":"Disabled"
      }
     ,"Customization":{
        "Customizable":"Not Customizable By End Users"
      }
     ,"Attributes":{
        "Edit":{
          "Enabled":true
         ,"Allowed Operations":[
            "Add Row"
           ,"Update Row"
           ,"Delete Row"
          ]
         ,"Lost Update Type":"Row Values"
        }
      }
    }
   ,{
      "id":"128459135173625268"
     ,"Identification":{
        "Title":"Buttons"
       ,"Type":"Static Content"
      }
     ,"Layout":{
        "Sequence":20
       ,"Parent Region":"No Parent"
       ,"Position":"REGION_POSITION_03"
       ,"Start New Layout":false
       ,"Start New Row":true
       ,"Column":"Automatic"
       ,"New Column":true
       ,"Column Span":"Automatic"
      }
     ,"Appearance":{
        "Template":"Buttons Container (127773077670976695)"
       ,"Template Options":[
          "#DEFAULT#"
        ]
       ,"Render Components":"Above Content"
      }
     ,"Accessibility":{
        "Use Landmark":true
       ,"Landmark Type":"Template Default"
      }
     ,"Advanced":{
        "Region Display Selector":false
       ,"Exclude Title from Translation":false
      }
     ,"Server Cache":{
        "Caching":"Disabled"
      }
     ,"Customization":{
        "Customizable":"Not Customizable By End Users"
      }
     ,"Attributes":{
        "Settings":{
          "Output As":"Text (escape special characters)"
         ,"Show Line Breaks":true
        }
      }
    }
  ]
 ,"Page Items":[
    {
      "id":"128393450049455831"
     ,"Identification":{
        "Name":"P5_DEATH_Y_N"
       ,"Type":"Radio Group"
      }
     ,"Label":{
        "Label":"Did the person(s) die in incident? "
       ,"Alignment":"Left"
      }
     ,"Settings":{
        "Number of Columns":2
       ,"Page Action on Selection":"None"
      }
     ,"Layout":{
        "Sequence":100
       ,"Region":"Create\/ Edit Report (128449623453625239)"
       ,"Position":"BODY"
       ,"Alignment":"Left"
       ,"Start New Layout":false
       ,"Start New Row":true
       ,"Column":"Automatic"
       ,"New Column":true
       ,"Column Span":"Automatic"
       ,"Label Column Span":"Page Template Default"
      }
     ,"Appearance":{
        "Template":"Optional - Floating (127882895985976781)"
       ,"Template Options":[
          "#DEFAULT#"
        ]
      }
     ,"Validation":{
        "Value Required":true
      }
     ,"List of Values":{
        "Type":"Static Values"
       ,"Static Values":"STATIC:YES;Y,NO;N"
       ,"Display Extra Values":false
       ,"Display Null Value":false
      }
     ,"Advanced":{
        "Warn on Unsaved Changes":"Page Default"
      }
     ,"Source":{
        "Form Region":"Create\/ Edit Report (128449623453625239)"
       ,"Column":"DEATH_Y_N"
       ,"Data Type":"VARCHAR2"
       ,"Query Only":false
       ,"Primary Key":false
      }
     ,"Session State":{
        "Storage":"Per Request (Memory Only)"
      }
     ,"Security":{
        "Session State Protection":"Unrestricted"
       ,"Store value encrypted in session state":true
       ,"Escape special characters":true
       ,"Restricted Characters":"All characters can be saved."
      }
    }
   ,{
      "id":"128450053893625245"
     ,"Identification":{
        "Name":"P5_ID"
       ,"Type":"Hidden"
      }
     ,"Settings":{
        "Value Protected":true
      }
     ,"Layout":{
        "Sequence":10
       ,"Region":"Create\/ Edit Report (128449623453625239)"
       ,"Position":"BODY"
      }
     ,"Advanced":{
        "Warn on Unsaved Changes":"Page Default"
      }
     ,"Source":{
        "Form Region":"Create\/ Edit Report (128449623453625239)"
       ,"Column":"ID"
       ,"Data Type":"NUMBER"
       ,"Query Only":true
       ,"Primary Key":true
      }
     ,"Session State":{
        "Data Type":"VARCHAR2"
       ,"Storage":"Per Request (Memory Only)"
      }
     ,"Security":{
        "Session State Protection":"Checksum Required - Session Level"
       ,"Store value encrypted in session state":true
       ,"Restricted Characters":"All characters can be saved."
      }
    }
   ,{
      "id":"128450433574625253"
     ,"Identification":{
        "Name":"P5_TITLE"
       ,"Type":"Text Field"
      }
     ,"Label":{
        "Label":"Type of Accident"
       ,"Alignment":"Left"
      }
     ,"Settings":{
        "Subtype":"Text"
       ,"Trim Spaces":"None"
       ,"Text Case":"NO CHANGE"
       ,"Submit when Enter pressed":false
       ,"Disabled":false
      }
     ,"Layout":{
        "Sequence":40
       ,"Region":"Create\/ Edit Report (128449623453625239)"
       ,"Position":"BODY"
       ,"Alignment":"Left"
       ,"Start New Layout":false
       ,"Start New Row":true
       ,"Column":"Automatic"
       ,"New Column":true
       ,"Column Span":"Automatic"
       ,"Label Column Span":"Page Template Default"
      }
     ,"Appearance":{
        "Template":"Optional - Floating (127882895985976781)"
       ,"Template Options":[
          "#DEFAULT#"
        ]
       ,"Width":32
      }
     ,"Validation":{
        "Value Required":false
       ,"Maximum Length":200
      }
     ,"Advanced":{
        "Warn on Unsaved Changes":"Page Default"
      }
     ,"Source":{
        "Form Region":"Create\/ Edit Report (128449623453625239)"
       ,"Column":"TITLE"
       ,"Data Type":"VARCHAR2"
       ,"Query Only":false
       ,"Primary Key":false
      }
     ,"Session State":{
        "Storage":"Per Request (Memory Only)"
      }
     ,"Quick Picks":{
        "Show Quick Picks":false
      }
     ,"Security":{
        "Session State Protection":"Unrestricted"
       ,"Store value encrypted in session state":true
       ,"Restricted Characters":"All characters can be saved."
      }
    }
   ,{
      "id":"128450897631625260"
     ,"Identification":{
        "Name":"P5_DESCRIPTION"
       ,"Type":"Textarea"
      }
     ,"Label":{
        "Label":"Description"
       ,"Alignment":"Left"
      }
     ,"Settings":{
        "Resizable":true
       ,"Auto-Height":false
       ,"Character Counter":false
       ,"Trim Spaces":"Leading and Trailing"
      }
     ,"Layout":{
        "Sequence":50
       ,"Region":"Create\/ Edit Report (128449623453625239)"
       ,"Position":"BODY"
       ,"Alignment":"Left"
       ,"Start New Layout":false
       ,"Start New Row":true
       ,"Column":"Automatic"
       ,"New Column":true
       ,"Column Span":"Automatic"
       ,"Label Column Span":"Page Template Default"
      }
     ,"Appearance":{
        "Template":"Optional - Floating (127882895985976781)"
       ,"Template Options":[
          "#DEFAULT#"
        ]
       ,"Width":60
       ,"Height":4
      }
     ,"Validation":{
        "Value Required":false
      }
     ,"Advanced":{
        "Warn on Unsaved Changes":"Page Default"
      }
     ,"Source":{
        "Form Region":"Create\/ Edit Report (128449623453625239)"
       ,"Column":"DESCRIPTION"
       ,"Data Type":"CLOB"
       ,"Query Only":false
       ,"Primary Key":false
      }
     ,"Session State":{
        "Data Type":"CLOB"
       ,"Storage":"Per Request (Memory Only)"
      }
     ,"Quick Picks":{
        "Show Quick Picks":false
      }
     ,"Security":{
        "Session State Protection":"Unrestricted"
       ,"Store value encrypted in session state":true
       ,"Restricted Characters":"All characters can be saved."
      }
    }
   ,{
      "id":"128451224351625262"
     ,"Identification":{
        "Name":"P5_CATEGORY"
       ,"Type":"Select List"
      }
     ,"Label":{
        "Label":"Category"
       ,"Alignment":"Left"
      }
     ,"Settings":{
        "Page Action on Selection":"None"
       ,"Allow Multi Selection":false
      }
     ,"Layout":{
        "Sequence":60
       ,"Region":"Create\/ Edit Report (128449623453625239)"
       ,"Position":"BODY"
       ,"Alignment":"Left"
       ,"Start New Layout":false
       ,"Start New Row":true
       ,"Column":"Automatic"
       ,"New Column":true
       ,"Column Span":"Automatic"
       ,"Label Column Span":"Page Template Default"
      }
     ,"Appearance":{
        "Template":"Optional - Floating (127882895985976781)"
       ,"Template Options":[
          "#DEFAULT#"
        ]
       ,"Height":1
      }
     ,"Validation":{
        "Value Required":false
      }
     ,"List of Values":{
        "Type":"Static Values"
       ,"Static Values":"STATIC:Fire\/ Explosion;FE,Injury\/ Illness;II,Chemical Spill\/ Exposure;CSE,Contractor Incident;CI,Health \u0026 Safety;HS,Equipment \/ Machinery Failure;EMF,Vehicle \/ Road Incident;VRI,Security Breach \/ Theft;SBT,Workplace Violence \/ Threat;WVT,Electrical Incident;EI"
       ,"Display Extra Values":false
       ,"Display Null Value":false
      }
     ,"Advanced":{
        "Warn on Unsaved Changes":"Page Default"
      }
     ,"Source":{
        "Form Region":"Create\/ Edit Report (128449623453625239)"
       ,"Column":"CATEGORY"
       ,"Data Type":"VARCHAR2"
       ,"Query Only":false
       ,"Primary Key":false
      }
     ,"Session State":{
        "Storage":"Per Request (Memory Only)"
      }
     ,"Quick Picks":{
        "Show Quick Picks":false
      }
     ,"Security":{
        "Session State Protection":"Unrestricted"
       ,"Store value encrypted in session state":true
       ,"Restricted Characters":"All characters can be saved."
      }
    }
   ,{
      "id":"128451631405625262"
     ,"Identification":{
        "Name":"P5_REGULATION_CLASS"
       ,"Type":"Select List"
      }
     ,"Label":{
        "Label":"Regulation Class"
       ,"Alignment":"Left"
      }
     ,"Settings":{
        "Page Action on Selection":"None"
       ,"Allow Multi Selection":false
      }
     ,"Layout":{
        "Sequence":90
       ,"Region":"Create\/ Edit Report (128449623453625239)"
       ,"Position":"BODY"
       ,"Alignment":"Left"
       ,"Start New Layout":false
       ,"Start New Row":true
       ,"Column":"Automatic"
       ,"New Column":true
       ,"Column Span":"Automatic"
       ,"Label Column Span":"Page Template Default"
      }
     ,"Appearance":{
        "Template":"Optional - Floating (127882895985976781)"
       ,"Template Options":[
          "#DEFAULT#"
        ]
       ,"Height":1
      }
     ,"Validation":{
        "Value Required":true
      }
     ,"List of Values":{
        "Type":"Static Values"
       ,"Static Values":"STATIC:General Workplace Safety;GWS,Occupational Health;OH,Fire and Emergency Safety;FES,Electrical Safety;ES,Construction Site Safety;CSS,Environmental Health \u0026 Safety (EHS);EHS,Mining Safety;MS,Contractor \u0026 Visitor Safety;CVS"
       ,"Display Extra Values":false
       ,"Display Null Value":true
      }
     ,"Advanced":{
        "Warn on Unsaved Changes":"Page Default"
      }
     ,"Source":{
        "Form Region":"Create\/ Edit Report (128449623453625239)"
       ,"Column":"REGULATION_CLASS"
       ,"Data Type":"VARCHAR2"
       ,"Query Only":false
       ,"Primary Key":false
      }
     ,"Session State":{
        "Storage":"Per Request (Memory Only)"
      }
     ,"Quick Picks":{
        "Show Quick Picks":false
      }
     ,"Security":{
        "Session State Protection":"Unrestricted"
       ,"Store value encrypted in session state":true
       ,"Restricted Characters":"All characters can be saved."
      }
    }
   ,{
      "id":"128452088394625262"
     ,"Identification":{
        "Name":"P5_CAUSE_OF_DEATH"
       ,"Type":"Select List"
      }
     ,"Label":{
        "Label":"Cause Of Death"
       ,"Alignment":"Left"
      }
     ,"Settings":{
        "Page Action on Selection":"None"
       ,"Allow Multi Selection":false
      }
     ,"Layout":{
        "Sequence":110
       ,"Region":"Create\/ Edit Report (128449623453625239)"
       ,"Position":"BODY"
       ,"Alignment":"Left"
       ,"Start New Layout":false
       ,"Start New Row":false
       ,"Column":"Automatic"
       ,"New Column":true
       ,"Column Span":"Automatic"
       ,"Label Column Span":"Page Template Default"
      }
     ,"Appearance":{
        "Template":"Optional - Floating (127882895985976781)"
       ,"Template Options":[
          "#DEFAULT#"
        ]
       ,"Height":1
      }
     ,"Validation":{
        "Value Required":false
      }
     ,"List of Values":{
        "Type":"Static Values"
       ,"Static Values":"STATIC:Internal bleeding;IB,Severe burns;SB,Asphyxiation;AN,Electrocution;EN, Blunt force trauma;BFT,Crush injuries;CI,Drowning ;D,Heatstroke or hypothermia;HH,Animal attack;AA"
       ,"Display Extra Values":true
       ,"Display Null Value":true
      }
     ,"Advanced":{
        "Warn on Unsaved Changes":"Page Default"
      }
     ,"Source":{
        "Form Region":"Create\/ Edit Report (128449623453625239)"
       ,"Column":"CAUSE_OF_DEATH"
       ,"Data Type":"VARCHAR2"
       ,"Query Only":false
       ,"Primary Key":false
      }
     ,"Session State":{
        "Storage":"Per Request (Memory Only)"
      }
     ,"Quick Picks":{
        "Show Quick Picks":false
      }
     ,"Security":{
        "Session State Protection":"Unrestricted"
       ,"Store value encrypted in session state":true
       ,"Restricted Characters":"All characters can be saved."
      }
    }
   ,{
      "id":"128452454451625263"
     ,"Identification":{
        "Name":"P5_LOCATION"
       ,"Type":"Text Field"
      }
     ,"Label":{
        "Label":"Location"
       ,"Alignment":"Left"
      }
     ,"Settings":{
        "Subtype":"Text"
       ,"Trim Spaces":"None"
       ,"Text Case":"NO CHANGE"
       ,"Submit when Enter pressed":false
       ,"Disabled":false
      }
     ,"Layout":{
        "Sequence":120
       ,"Region":"Create\/ Edit Report (128449623453625239)"
       ,"Position":"BODY"
       ,"Alignment":"Left"
       ,"Start New Layout":false
       ,"Start New Row":true
       ,"Column":"Automatic"
       ,"New Column":true
       ,"Column Span":"Automatic"
       ,"Label Column Span":"Page Template Default"
      }
     ,"Appearance":{
        "Template":"Optional - Floating (127882895985976781)"
       ,"Template Options":[
          "#DEFAULT#"
        ]
       ,"Width":32
      }
     ,"Validation":{
        "Value Required":true
       ,"Maximum Length":255
      }
     ,"Advanced":{
        "Warn on Unsaved Changes":"Page Default"
      }
     ,"Source":{
        "Form Region":"Create\/ Edit Report (128449623453625239)"
       ,"Column":"LOCATION"
       ,"Data Type":"VARCHAR2"
       ,"Query Only":false
       ,"Primary Key":false
      }
     ,"Session State":{
        "Storage":"Per Request (Memory Only)"
      }
     ,"Quick Picks":{
        "Show Quick Picks":false
      }
     ,"Security":{
        "Session State Protection":"Unrestricted"
       ,"Store value encrypted in session state":true
       ,"Restricted Characters":"All characters can be saved."
      }
    }
   ,{
      "id":"128453256554625263"
     ,"Identification":{
        "Name":"P5_REPORTER_NAME"
       ,"Type":"Text Field"
      }
     ,"Label":{
        "Label":"Enter your name"
       ,"Alignment":"Left"
      }
     ,"Settings":{
        "Subtype":"Text"
       ,"Trim Spaces":"None"
       ,"Text Case":"NO CHANGE"
       ,"Submit when Enter pressed":false
       ,"Disabled":false
      }
     ,"Layout":{
        "Sequence":160
       ,"Region":"Create\/ Edit Report (128449623453625239)"
       ,"Position":"BODY"
       ,"Alignment":"Left"
       ,"Start New Layout":false
       ,"Start New Row":false
       ,"Column":"Automatic"
       ,"New Column":true
       ,"Column Span":"Automatic"
       ,"Label Column Span":"Page Template Default"
      }
     ,"Appearance":{
        "Template":"Optional - Floating (127882895985976781)"
       ,"Template Options":[
          "#DEFAULT#"
        ]
       ,"Width":32
      }
     ,"Validation":{
        "Value Required":false
       ,"Maximum Length":100
      }
     ,"Advanced":{
        "Warn on Unsaved Changes":"Page Default"
      }
     ,"Source":{
        "Form Region":"Create\/ Edit Report (128449623453625239)"
       ,"Column":"REPORTER_NAME"
       ,"Data Type":"VARCHAR2"
       ,"Query Only":false
       ,"Primary Key":false
      }
     ,"Session State":{
        "Storage":"Per Request (Memory Only)"
      }
     ,"Quick Picks":{
        "Show Quick Picks":false
      }
     ,"Security":{
        "Session State Protection":"Unrestricted"
       ,"Store value encrypted in session state":true
       ,"Restricted Characters":"All characters can be saved."
      }
    }
   ,{
      "id":"128453607739625263"
     ,"Identification":{
        "Name":"P5_ANONYMOUS_FLAG"
       ,"Type":"Radio Group"
      }
     ,"Label":{
        "Label":"Would you like to be anonymous?"
       ,"Alignment":"Left"
      }
     ,"Settings":{
        "Number of Columns":2
       ,"Page Action on Selection":"None"
      }
     ,"Layout":{
        "Sequence":150
       ,"Region":"Create\/ Edit Report (128449623453625239)"
       ,"Position":"BODY"
       ,"Alignment":"Left"
       ,"Start New Layout":false
       ,"Start New Row":true
       ,"Column":"Automatic"
       ,"New Column":true
       ,"Column Span":"Automatic"
       ,"Label Column Span":"Page Template Default"
      }
     ,"Appearance":{
        "Template":"Optional - Floating (127882895985976781)"
       ,"Template Options":[
          "#DEFAULT#"
        ]
      }
     ,"Validation":{
        "Value Required":true
      }
     ,"List of Values":{
        "Type":"Static Values"
       ,"Static Values":"STATIC:Yes;Y,NO;N"
       ,"Display Extra Values":false
       ,"Display Null Value":false
      }
     ,"Advanced":{
        "Warn on Unsaved Changes":"Page Default"
      }
     ,"Source":{
        "Form Region":"Create\/ Edit Report (128449623453625239)"
       ,"Column":"ANONYMOUS_FLAG"
       ,"Data Type":"VARCHAR2"
       ,"Query Only":false
       ,"Primary Key":false
      }
     ,"Session State":{
        "Storage":"Per Request (Memory Only)"
      }
     ,"Security":{
        "Session State Protection":"Unrestricted"
       ,"Store value encrypted in session state":true
       ,"Escape special characters":true
       ,"Restricted Characters":"All characters can be saved."
      }
    }
   ,{
      "id":"128454027681625263"
     ,"Identification":{
        "Name":"P5_EMPLOYER_INFO"
       ,"Type":"Text Field"
      }
     ,"Label":{
        "Label":"Employer Info"
       ,"Alignment":"Left"
      }
     ,"Settings":{
        "Subtype":"Text"
       ,"Trim Spaces":"None"
       ,"Text Case":"NO CHANGE"
       ,"Submit when Enter pressed":false
       ,"Disabled":false
      }
     ,"Layout":{
        "Sequence":170
       ,"Region":"Create\/ Edit Report (128449623453625239)"
       ,"Position":"BODY"
       ,"Alignment":"Left"
       ,"Start New Layout":false
       ,"Start New Row":true
       ,"Column":"Automatic"
       ,"New Column":true
       ,"Column Span":"Automatic"
       ,"Label Column Span":"Page Template Default"
      }
     ,"Appearance":{
        "Template":"Optional - Floating (127882895985976781)"
       ,"Template Options":[
          "#DEFAULT#"
        ]
       ,"Width":32
      }
     ,"Validation":{
        "Value Required":false
       ,"Maximum Length":255
      }
     ,"Advanced":{
        "Warn on Unsaved Changes":"Page Default"
      }
     ,"Source":{
        "Form Region":"Create\/ Edit Report (128449623453625239)"
       ,"Column":"EMPLOYER_INFO"
       ,"Data Type":"VARCHAR2"
       ,"Query Only":false
       ,"Primary Key":false
      }
     ,"Session State":{
        "Storage":"Per Request (Memory Only)"
      }
     ,"Quick Picks":{
        "Show Quick Picks":false
      }
     ,"Security":{
        "Session State Protection":"Unrestricted"
       ,"Store value encrypted in session state":true
       ,"Restricted Characters":"All characters can be saved."
      }
    }
   ,{
      "id":"128454401578625263"
     ,"Identification":{
        "Name":"P5_STATUS"
       ,"Type":"Select List"
      }
     ,"Label":{
        "Label":"Status of Incident"
       ,"Alignment":"Left"
      }
     ,"Settings":{
        "Page Action on Selection":"None"
       ,"Allow Multi Selection":false
      }
     ,"Layout":{
        "Sequence":200
       ,"Region":"Create\/ Edit Report (128449623453625239)"
       ,"Position":"BODY"
       ,"Alignment":"Left"
       ,"Start New Layout":false
       ,"Start New Row":false
       ,"Column":"Automatic"
       ,"New Column":true
       ,"Column Span":"Automatic"
       ,"Label Column Span":"Page Template Default"
      }
     ,"Appearance":{
        "Template":"Optional - Floating (127882895985976781)"
       ,"Template Options":[
          "#DEFAULT#"
        ]
       ,"Height":1
      }
     ,"Validation":{
        "Value Required":true
      }
     ,"List of Values":{
        "Type":"Static Values"
       ,"Static Values":"STATIC:Open;OPEN,Closed;CLOSED,Under Investigation;UNDER_INVESTIGATION,Resolved;RESOLVED"
       ,"Display Extra Values":false
       ,"Display Null Value":true
      }
     ,"Advanced":{
        "Warn on Unsaved Changes":"Page Default"
      }
     ,"Source":{
        "Form Region":"Create\/ Edit Report (128449623453625239)"
       ,"Column":"STATUS"
       ,"Data Type":"VARCHAR2"
       ,"Query Only":false
       ,"Primary Key":false
      }
     ,"Session State":{
        "Storage":"Per Request (Memory Only)"
      }
     ,"Quick Picks":{
        "Show Quick Picks":false
      }
     ,"Security":{
        "Session State Protection":"Unrestricted"
       ,"Store value encrypted in session state":true
       ,"Restricted Characters":"All characters can be saved."
      }
    }
   ,{
      "id":"128454854565625264"
     ,"Identification":{
        "Name":"P5_REPORT_TIME"
       ,"Type":"Date Picker"
      }
     ,"Label":{
        "Label":"Report Time"
       ,"Alignment":"Left"
      }
     ,"Settings":{
        "Show Time":true
       ,"Display As":"Popup"
       ,"Minimum Date":"None"
       ,"Maximum Date":"None"
       ,"Multiple Months":"No"
       ,"Use Defaults":false
       ,"Appearance \u0026 Behavior":"SHOW-WEEK:MONTH-PICKER:YEAR-PICKER:TODAY-BUTTON"
       ,"Days Outside Month":"Visible"
       ,"Show On":"Item Focus"
      }
     ,"Layout":{
        "Sequence":180
       ,"Region":"Create\/ Edit Report (128449623453625239)"
       ,"Position":"BODY"
       ,"Alignment":"Left"
       ,"Start New Layout":false
       ,"Start New Row":false
       ,"Column":"Automatic"
       ,"New Column":false
       ,"Column Span":"Automatic"
       ,"Label Column Span":"Page Template Default"
      }
     ,"Appearance":{
        "Template":"Optional - Floating (127882895985976781)"
       ,"Template Options":[
          "#DEFAULT#"
        ]
       ,"Format Mask":"DD-MON-YYYY HH:MIPM"
       ,"Width":32
      }
     ,"Validation":{
        "Value Required":false
       ,"Maximum Length":255
      }
     ,"Advanced":{
        "Warn on Unsaved Changes":"Page Default"
      }
     ,"Source":{
        "Form Region":"Create\/ Edit Report (128449623453625239)"
       ,"Column":"REPORT_TIME"
       ,"Data Type":"DATE"
       ,"Query Only":false
       ,"Primary Key":false
      }
     ,"Session State":{
        "Storage":"Per Request (Memory Only)"
      }
     ,"Quick Picks":{
        "Show Quick Picks":false
      }
     ,"Security":{
        "Session State Protection":"Unrestricted"
       ,"Store value encrypted in session state":true
       ,"Restricted Characters":"All characters can be saved."
      }
    }
   ,{
      "id":"129270733420584211"
     ,"Identification":{
        "Name":"P5_LONGITUDE"
       ,"Type":"Number Field"
      }
     ,"Label":{
        "Label":"Longitude"
       ,"Alignment":"Left"
      }
     ,"Settings":{
        "Number Alignment":"Start"
       ,"Virtual Keyboard":"Decimal"
      }
     ,"Layout":{
        "Sequence":140
       ,"Region":"Create\/ Edit Report (128449623453625239)"
       ,"Position":"BODY"
       ,"Alignment":"Left"
       ,"Start New Layout":false
       ,"Start New Row":false
       ,"Column":"Automatic"
       ,"New Column":true
       ,"Column Span":"Automatic"
       ,"Label Column Span":"Page Template Default"
      }
     ,"Appearance":{
        "Template":"Optional - Floating (127882895985976781)"
       ,"Template Options":[
          "#DEFAULT#"
        ]
       ,"Width":30
      }
     ,"Validation":{
        "Value Required":false
      }
     ,"Advanced":{
        "Warn on Unsaved Changes":"Page Default"
      }
     ,"Source":{
        "Type":"Database Column"
       ,"Database Column":"LONGITUDE"
       ,"Used":"Always, replacing any existing value in session state"
      }
     ,"Session State":{
        "Storage":"Per Session (Persistent)"
      }
     ,"Quick Picks":{
        "Show Quick Picks":false
      }
     ,"Security":{
        "Session State Protection":"Unrestricted"
       ,"Store value encrypted in session state":true
       ,"Restricted Characters":"All characters can be saved."
      }
    }
   ,{
      "id":"129270803077584212"
     ,"Identification":{
        "Name":"P5_LATITUDE"
       ,"Type":"Text Field"
      }
     ,"Label":{
        "Label":"Latitude"
       ,"Alignment":"Left"
      }
     ,"Settings":{
        "Subtype":"Text"
       ,"Trim Spaces":"Leading and Trailing"
       ,"Text Case":"NO CHANGE"
       ,"Submit when Enter pressed":false
       ,"Disabled":false
      }
     ,"Layout":{
        "Sequence":130
       ,"Region":"Create\/ Edit Report (128449623453625239)"
       ,"Position":"BODY"
       ,"Alignment":"Left"
       ,"Start New Layout":false
       ,"Start New Row":false
       ,"Column":"Automatic"
       ,"New Column":true
       ,"Column Span":"Automatic"
       ,"Label Column Span":"Page Template Default"
      }
     ,"Appearance":{
        "Template":"Optional - Floating (127882895985976781)"
       ,"Template Options":[
          "#DEFAULT#"
        ]
       ,"Width":30
      }
     ,"Validation":{
        "Value Required":false
      }
     ,"Advanced":{
        "Warn on Unsaved Changes":"Page Default"
      }
     ,"Source":{
        "Type":"Database Column"
       ,"Database Column":"LATITUDE"
       ,"Used":"Always, replacing any existing value in session state"
      }
     ,"Session State":{
        "Storage":"Per Session (Persistent)"
      }
     ,"Quick Picks":{
        "Show Quick Picks":false
      }
     ,"Security":{
        "Session State Protection":"Unrestricted"
       ,"Store value encrypted in session state":true
       ,"Restricted Characters":"All characters can be saved."
      }
    }
   ,{
      "id":"129270907254584213"
     ,"Identification":{
        "Name":"P5_ESCALATED"
       ,"Type":"Radio Group"
      }
     ,"Label":{
        "Label":"Has this case been escalated?"
       ,"Alignment":"Left"
      }
     ,"Settings":{
        "Number of Columns":2
       ,"Page Action on Selection":"None"
      }
     ,"Layout":{
        "Sequence":190
       ,"Region":"Create\/ Edit Report (128449623453625239)"
       ,"Position":"BODY"
       ,"Alignment":"Left"
       ,"Start New Layout":false
       ,"Start New Row":true
       ,"Column":"Automatic"
       ,"New Column":true
       ,"Column Span":"Automatic"
       ,"Label Column Span":"Page Template Default"
      }
     ,"Appearance":{
        "Template":"Optional - Floating (127882895985976781)"
       ,"Template Options":[
          "#DEFAULT#"
        ]
      }
     ,"Validation":{
        "Value Required":true
      }
     ,"List of Values":{
        "Type":"Static Values"
       ,"Static Values":"STATIC:NO;N,YES;Y"
       ,"Display Extra Values":false
       ,"Display Null Value":false
      }
     ,"Advanced":{
        "Warn on Unsaved Changes":"Page Default"
      }
     ,"Source":{
        "Type":"Database Column"
       ,"Database Column":"ESCALATED"
       ,"Used":"Always, replacing any existing value in session state"
      }
     ,"Session State":{
        "Storage":"Per Session (Persistent)"
      }
     ,"Security":{
        "Session State Protection":"Unrestricted"
       ,"Store value encrypted in session state":true
       ,"Escape special characters":true
       ,"Restricted Characters":"All characters can be saved."
      }
    }
   ,{
      "id":"129273226488584236"
     ,"Identification":{
        "Name":"P5_SEVERITY"
       ,"Type":"Radio Group"
      }
     ,"Label":{
        "Label":"Severity Level"
       ,"Alignment":"Left"
      }
     ,"Settings":{
        "Number of Columns":3
       ,"Page Action on Selection":"None"
      }
     ,"Layout":{
        "Sequence":80
       ,"Region":"Create\/ Edit Report (128449623453625239)"
       ,"Position":"BODY"
       ,"Alignment":"Left"
       ,"Start New Layout":false
       ,"Start New Row":false
       ,"Column":"Automatic"
       ,"New Column":true
       ,"Column Span":"Automatic"
       ,"Label Column Span":"Page Template Default"
      }
     ,"Appearance":{
        "Template":"Optional - Floating (127882895985976781)"
       ,"Template Options":[
          "#DEFAULT#"
         ,"t-Form-fieldContainer--stretchInputs"
         ,"t-Form-fieldContainer--radioButtonGroup"
        ]
      }
     ,"Validation":{
        "Value Required":true
      }
     ,"List of Values":{
        "Type":"Static Values"
       ,"Static Values":"STATIC2:Low;1,Moderate;2,Critical;3"
       ,"Display Extra Values":false
       ,"Display Null Value":false
      }
     ,"Advanced":{
        "Warn on Unsaved Changes":"Page Default"
      }
     ,"Source":{
        "Type":"Database Column"
       ,"Database Column":"SEVERITY"
       ,"Used":"Always, replacing any existing value in session state"
      }
     ,"Default":{
        "Type":"Static"
       ,"Static Value":"Low\n"
      }
     ,"Session State":{
        "Storage":"Per Session (Persistent)"
      }
     ,"Security":{
        "Session State Protection":"Unrestricted"
       ,"Store value encrypted in session state":true
       ,"Escape special characters":true
       ,"Restricted Characters":"All characters can be saved."
      }
    }
  ]
 ,"Buttons":[
    {
      "id":"128459503801625269"
     ,"Identification":{
        "Button Name":"CANCEL"
       ,"Label":"Cancel"
      }
     ,"Layout":{
        "Sequence":10
       ,"Region":"Buttons (128459135173625268)"
       ,"Position":"CLOSE"
       ,"Start New Layout":false
       ,"Start New Row":true
       ,"Column":"Automatic"
       ,"New Column":true
       ,"Column Span":"Automatic"
      }
     ,"Appearance":{
        "Button Template":"Text (127885381033976787)"
       ,"Hot":false
       ,"Template Options":[
          "#DEFAULT#"
        ]
      }
     ,"Behavior":{
        "Action":"Defined by Dynamic Action"
       ,"Execute Validations":true
      }
    }
   ,{
      "id":"128460850510625274"
     ,"Identification":{
        "Button Name":"DELETE"
       ,"Label":"Delete"
      }
     ,"Layout":{
        "Sequence":20
       ,"Region":"Buttons (128459135173625268)"
       ,"Position":"DELETE"
       ,"Start New Layout":false
       ,"Start New Row":true
       ,"Column":"Automatic"
       ,"New Column":true
       ,"Column Span":"Automatic"
      }
     ,"Appearance":{
        "Button Template":"Text (127885381033976787)"
       ,"Hot":false
       ,"Template Options":[
          "#DEFAULT#"
        ]
      }
     ,"Behavior":{
        "Action":"Submit Page"
       ,"Execute Validations":false
       ,"Warn on Unsaved Changes":"Do Not Check"
       ,"Database Action":"SQL DELETE action"
      }
     ,"Confirmation":{
        "Message":"\u0026APP_TEXT$DELETE_MSG!RAW."
       ,"Style":"Danger"
      }
     ,"Server-side Condition":{
        "Type":"Item is NOT NULL"
       ,"Item":"P5_ID"
      }
    }
   ,{
      "id":"128461205750625274"
     ,"Identification":{
        "Button Name":"SAVE"
       ,"Label":"Apply Changes"
      }
     ,"Layout":{
        "Sequence":30
       ,"Region":"Buttons (128459135173625268)"
       ,"Position":"NEXT"
       ,"Start New Layout":false
       ,"Start New Row":true
       ,"Column":"Automatic"
       ,"New Column":true
       ,"Column Span":"Automatic"
      }
     ,"Appearance":{
        "Button Template":"Text (127885381033976787)"
       ,"Hot":true
       ,"Template Options":[
          "#DEFAULT#"
        ]
      }
     ,"Behavior":{
        "Action":"Submit Page"
       ,"Execute Validations":true
       ,"Warn on Unsaved Changes":"Do Not Check"
       ,"Database Action":"SQL UPDATE action"
      }
     ,"Server-side Condition":{
        "Type":"Item is NOT NULL"
       ,"Item":"P5_ID"
      }
    }
   ,{
      "id":"128461607893625274"
     ,"Identification":{
        "Button Name":"CREATE"
       ,"Label":"Create"
      }
     ,"Layout":{
        "Sequence":40
       ,"Region":"Buttons (128459135173625268)"
       ,"Position":"NEXT"
       ,"Start New Layout":false
       ,"Start New Row":true
       ,"Column":"Automatic"
       ,"New Column":true
       ,"Column Span":"Automatic"
      }
     ,"Appearance":{
        "Button Template":"Text (127885381033976787)"
       ,"Hot":true
       ,"Template Options":[
          "#DEFAULT#"
        ]
      }
     ,"Behavior":{
        "Action":"Submit Page"
       ,"Execute Validations":true
       ,"Warn on Unsaved Changes":"Do Not Check"
       ,"Database Action":"SQL INSERT action"
      }
     ,"Server-side Condition":{
        "Type":"Item is NULL"
       ,"Item":"P5_ID"
      }
    }
  ]
 ,"Dynamic Actions":[
    {
      "id":"128393544544455832"
     ,"Identification":{
        "Name":"Death?"
      }
     ,"Execution":{
        "Sequence":20
       ,"Event Scope":"Static"
       ,"Type":"Immediate"
      }
     ,"When":{
        "Event":"EVENT.EVENT.BROWSER.CHANGE"
       ,"Selection Type":"Item(s)"
       ,"Item(s)":[
          "P5_DEATH_Y_N"
        ]
      }
     ,"Actions":[
        {
          "id":"128393662662455833"
         ,"Identification":{
            "Action":"Show"
          }
         ,"Affected Elements":{
            "Selection Type":"Item(s)"
           ,"Item(s)":[
              "P5_CAUSE_OF_DEATH"
            ]
          }
         ,"Execution":{
            "Sequence":10
           ,"Event":"Death? (128393544544455832)"
           ,"Fire When Event Result Is":"True"
           ,"Fire on Initialization":false
          }
        }
       ,{
          "id":"128393894500455835"
         ,"Identification":{
            "Action":"Hide"
          }
         ,"Affected Elements":{
            "Selection Type":"Item(s)"
           ,"Item(s)":[
              "P5_CAUSE_OF_DEATH"
            ]
          }
         ,"Execution":{
            "Sequence":10
           ,"Event":"Death? (128393544544455832)"
           ,"Fire When Event Result Is":"True"
           ,"Fire on Initialization":true
          }
         ,"Client-side Condition":{
            "Type":"Item = Value"
           ,"Item":"P5_DEATH_Y_N"
           ,"Value":"N"
          }
        }
      ]
    }
   ,{
      "id":"128393939827455836"
     ,"Identification":{
        "Name":"Anonymous?"
      }
     ,"Execution":{
        "Sequence":30
       ,"Event Scope":"Static"
       ,"Type":"Immediate"
      }
     ,"When":{
        "Event":"EVENT.EVENT.BROWSER.CHANGE"
       ,"Selection Type":"Item(s)"
       ,"Item(s)":[
          "P5_ANONYMOUS_FLAG"
        ]
      }
     ,"Actions":[
        {
          "id":"128394042517455837"
         ,"Identification":{
            "Action":"Show"
          }
         ,"Affected Elements":{
            "Selection Type":"Item(s)"
           ,"Item(s)":[
              "P5_REPORTER_NAME"
            ]
          }
         ,"Execution":{
            "Sequence":10
           ,"Event":"Anonymous? (128393939827455836)"
           ,"Fire When Event Result Is":"True"
           ,"Fire on Initialization":false
          }
        }
       ,{
          "id":"128394184665455838"
         ,"Identification":{
            "Action":"Hide"
          }
         ,"Affected Elements":{
            "Selection Type":"Item(s)"
           ,"Item(s)":[
              "P5_REPORTER_NAME"
            ]
          }
         ,"Execution":{
            "Sequence":10
           ,"Event":"Anonymous? (128393939827455836)"
           ,"Fire When Event Result Is":"True"
           ,"Fire on Initialization":false
          }
         ,"Client-side Condition":{
            "Type":"Item = Value"
           ,"Item":"P5_ANONYMOUS_FLAG"
           ,"Value":"Y"
          }
        }
      ]
    }
   ,{
      "id":"128459656270625269"
     ,"Identification":{
        "Name":"Cancel Dialog"
      }
     ,"Execution":{
        "Sequence":10
       ,"Event Scope":"Static"
       ,"Type":"Immediate"
      }
     ,"When":{
        "Event":"EVENT.EVENT.BROWSER.CLICK"
       ,"Selection Type":"Button"
       ,"Button":"CANCEL (128459503801625269)"
      }
     ,"Actions":[
        {
          "id":"128393727839455834"
         ,"Identification":{
            "Action":"Hide"
          }
         ,"Affected Elements":{
            "Selection Type":"Item(s)"
           ,"Item(s)":[
              "P5_CAUSE_OF_DEATH"
            ]
          }
         ,"Execution":{
            "Sequence":10
           ,"Event":"Cancel Dialog (128459656270625269)"
           ,"Fire When Event Result Is":"True"
           ,"Fire on Initialization":false
          }
        }
       ,{
          "id":"128460303317625273"
         ,"Identification":{
            "Action":"Cancel Dialog"
          }
         ,"Execution":{
            "Sequence":10
           ,"Event":"Cancel Dialog (128459656270625269)"
           ,"Fire When Event Result Is":"True"
           ,"Fire on Initialization":false
          }
        }
      ]
    }
  ]
 ,"Processes":[
    {
      "id":"128462014611625277"
     ,"Identification":{
        "Name":"Initialize form Create\/ Edit Report"
       ,"Type":"Form - Initialization"
       ,"Execution Chain":"None"
       ,"Form Region":"Create\/ Edit Report (128449623453625239)"
      }
     ,"Execution":{
        "Sequence":10
       ,"Point":"Before Header"
       ,"Run Process":"Once Per Page Visit (default)"
      }
    }
   ,{
      "id":"128462490778625278"
     ,"Identification":{
        "Name":"Process form Create\/ Edit Report"
       ,"Type":"Form - Automatic Row Processing (DML)"
       ,"Execution Chain":"None"
       ,"Form Region":"Create\/ Edit Report (128449623453625239)"
      }
     ,"Settings":{
        "Target Type":"Region Source"
       ,"Prevent Lost Updates":true
       ,"Lock Row":"Yes"
       ,"Return Primary Key(s) after Insert":true
      }
     ,"Execution":{
        "Sequence":10
       ,"Point":"Processing"
       ,"Run Process":"Once Per Page Visit (default)"
      }
     ,"Error":{
        "Display Location":"Inline in Notification"
      }
    }
   ,{
      "id":"128462829955625278"
     ,"Identification":{
        "Name":"Close Dialog"
       ,"Type":"Close Dialog"
       ,"Execution Chain":"None"
      }
     ,"Settings":{
        "Show Success Messages":true
      }
     ,"Execution":{
        "Sequence":50
       ,"Point":"Processing"
       ,"Run Process":"Once Per Page Visit (default)"
      }
     ,"Error":{
        "Display Location":"Inline in Notification"
      }
     ,"Server-side Condition":{
        "Type":"Request is contained in Value"
       ,"Value":"CREATE,SAVE,DELETE"
      }
    }
  ]
}
