{
  "id":"2"
 ,"Identification":{
    "Name":"Data Analysis"
   ,"Alias":"DATA-ANALYSIS"
   ,"Title":"Data Analysis"
  }
 ,"Appearance":{
    "Page Mode":"Normal"
   ,"Page Template":"Theme Default"
   ,"Template Options":[
      "#DEFAULT#"
    ]
  }
 ,"Navigation Menu":{
    "Override User Interface Level":false
  }
 ,"Navigation":{
    "Cursor Focus":"Do not focus cursor"
   ,"Warn on Unsaved Changes":true
  }
 ,"Security":{
    "Authentication":"Page Requires Authentication"
   ,"Deep Linking":"Application Default"
   ,"Page Access Protection":"Arguments Must Have Checksum"
   ,"Form Auto Complete":"Off"
   ,"Browser Cache":"Application Default"
  }
 ,"Session Management":{
    "Rejoin Sessions":"Application Default"
  }
 ,"Advanced":{
    "Enable duplicate page submissions":"Yes - Enable page to be re-posted"
   ,"Reload on Submit":"Only for Success"
  }
 ,"Server Cache":{
    "Caching":"Disabled"
  }
 ,"Regions":[
    {
      "id":"129049037600467336"
     ,"Identification":{
        "Title":"Total No. of Anonymous Users"
       ,"Type":"Cards"
      }
     ,"Source":{
        "Location":"Local Database"
       ,"Type":"SQL Query"
       ,"SQL Query":"SELECT COUNT(*) AS total_non_anonymous\nFROM hsse_reports\nWHERE anonymous_flag = \u0027N\u0027;"
      }
     ,"Layout":{
        "Sequence":40
       ,"Parent Region":"No Parent"
       ,"Position":"BODY"
       ,"Start New Layout":false
       ,"Start New Row":false
       ,"Column":"Automatic"
       ,"New Column":true
       ,"Column Span":"Automatic"
      }
     ,"Appearance":{
        "Template":"Cards Container (127766396700976691)"
       ,"Template Options":[
          "#DEFAULT#"
         ,"t-CardsRegion--styleB"
         ,"t-Form--standardPadding"
        ]
       ,"Render Components":"Above Content"
      }
     ,"Accessibility":{
        "Use Landmark":true
       ,"Landmark Type":"Template Default"
      }
     ,"Advanced":{
        "Region Display Selector":false
       ,"Exclude Title from Translation":false
      }
     ,"Server Cache":{
        "Caching":"Disabled"
      }
     ,"Customization":{
        "Customizable":"Not Customizable By End Users"
      }
     ,"Attributes":{
        "id":"129049105646467337"
       ,"Appearance":{
          "Layout":"Grid"
         ,"Grid Columns":"Auto"
        }
       ,"Title":{
          "Advanced Formatting":true
         ,"HTML Expression":"\u003Cdiv style=\"font-weight: 700; font-size: 25px; color: green;\"\u003E\n  \u003Cbr\u003ETotal No. of Anonymous Users\u003Cbr\u003E\u003Cbr\u003E\n\u003C\/div\u003E\n"
        }
       ,"Subtitle":{
          "Advanced Formatting":true
         ,"HTML Expression":"\u003Cdiv style = \"font-weight: 500; font-size: 25px; color: black\"\u003E\u003Cbr\u003E\u0026TOTAL_NON_ANONYMOUS.\u003Cbr\u003E\u003Cbr\u003E\u003C\/div\u003E\n"
        }
       ,"Body":{
          "Advanced Formatting":false
        }
       ,"Secondary Body":{
          "Advanced Formatting":false
        }
       ,"Icon and Badge":{
          "Icon Source":"Image URL"
         ,"Image URL":"https:\/\/cdn-icons-png.flaticon.com\/128\/1828\/1828833.png"
         ,"Icon Position":"Start"
        }
       ,"Media":{
          "Advanced Formatting":false
         ,"Source":"No Media"
        }
       ,"Performance":{
          "Lazy Loading":false
        }
       ,"Pagination":{
          "Type":"Scroll"
         ,"Show Total Count":false
        }
      }
    }
   ,{
      "id":"129049253189467338"
     ,"Identification":{
        "Title":"Total No. of Fatal Cases"
       ,"Type":"Cards"
      }
     ,"Source":{
        "Location":"Local Database"
       ,"Type":"SQL Query"
       ,"SQL Query":"SELECT COUNT(*) AS total_deaths\nFROM hsse_reports\nWHERE death_Y_N= \u0027Y\u0027;"
      }
     ,"Layout":{
        "Sequence":60
       ,"Parent Region":"No Parent"
       ,"Position":"BODY"
       ,"Start New Layout":false
       ,"Start New Row":false
       ,"Column":"Automatic"
       ,"New Column":true
       ,"Column Span":"Automatic"
      }
     ,"Appearance":{
        "Template":"Cards Container (127766396700976691)"
       ,"Template Options":[
          "#DEFAULT#"
         ,"t-CardsRegion--styleB"
         ,"t-Form--standardPadding"
        ]
       ,"Render Components":"Above Content"
      }
     ,"Accessibility":{
        "Use Landmark":true
       ,"Landmark Type":"Template Default"
      }
     ,"Advanced":{
        "Region Display Selector":false
       ,"Exclude Title from Translation":false
      }
     ,"Server Cache":{
        "Caching":"Disabled"
      }
     ,"Customization":{
        "Customizable":"Not Customizable By End Users"
      }
     ,"Attributes":{
        "id":"129049397116467339"
       ,"Appearance":{
          "Layout":"Grid"
         ,"Grid Columns":"Auto"
        }
       ,"Title":{
          "Advanced Formatting":true
         ,"HTML Expression":"\u003Cdiv style=\"font-weight: 700; font-size: 25px; color: green;\"\u003E\n  \u003Cbr\u003ETotal No. of Fatal Cases\u003Cbr\u003E\u003Cbr\u003E\n\u003C\/div\u003E\n"
        }
       ,"Subtitle":{
          "Advanced Formatting":true
         ,"HTML Expression":"\u003Cdiv style = \"font-weight: 500; font-size: 25px; color: black\"\u003E\u003Cbr\u003E\u0026TOTAL_DEATHS.\u003Cbr\u003E\u003Cbr\u003E\u003C\/div\u003E\n"
        }
       ,"Body":{
          "Advanced Formatting":false
        }
       ,"Secondary Body":{
          "Advanced Formatting":false
        }
       ,"Icon and Badge":{
          "Icon Source":"Image URL"
         ,"Image URL":"https:\/\/cdn-icons-png.flaticon.com\/128\/11425\/11425552.png"
         ,"Icon Position":"Start"
        }
       ,"Media":{
          "Advanced Formatting":false
         ,"Source":"No Media"
        }
       ,"Performance":{
          "Lazy Loading":false
        }
       ,"Pagination":{
          "Type":"Scroll"
         ,"Show Total Count":false
        }
      }
    }
   ,{
      "id":"129049488401467340"
     ,"Identification":{
        "Title":"Incidents by Type"
       ,"Type":"Chart"
      }
     ,"Source":{
        "Location":"Local Database"
       ,"Type":"SQL Query"
       ,"SQL Query":"SELECT category AS label,\n       COUNT(*) AS value\nFROM hsse_reports\nGROUP BY category"
      }
     ,"Layout":{
        "Sequence":90
       ,"Parent Region":"No Parent"
       ,"Position":"BODY"
       ,"Start New Layout":false
       ,"Start New Row":true
       ,"Column":"Automatic"
       ,"New Column":true
       ,"Column Span":"Automatic"
      }
     ,"Appearance":{
        "Template":"Standard (127820918811976719)"
       ,"Template Options":[
          "#DEFAULT#"
         ,"t-Region--showIcon"
         ,"js-headingLevel-2"
         ,"t-Region--scrollBody"
        ]
       ,"Render Components":"Above Content"
      }
     ,"Accessibility":{
        "Use Landmark":true
       ,"Landmark Type":"Template Default"
      }
     ,"Advanced":{
        "Region Display Selector":false
       ,"Exclude Title from Translation":false
      }
     ,"Security":{
        "Escape special characters":true
      }
     ,"Server Cache":{
        "Caching":"Disabled"
      }
     ,"Customization":{
        "Customizable":"Not Customizable By End Users"
      }
     ,"Attributes":{
        "id":"129049571462467341"
       ,"Chart":{
          "Type":"Donut"
        }
       ,"Layout":{
          "Height":400
        }
       ,"Data Cursor":{
          "Cursor":"Automatic"
         ,"Behavior":"Smooth"
         ,"Dim On Hover":true
        }
       ,"Settings":{
          "Pie Selection Effect":"Highlight And Explode"
        }
       ,"Value":{
          "Pie Chart Other Threshold":0
         ,"Format":"Decimal"
         ,"Decimal Places":0
         ,"Format Scaling":"None"
        }
       ,"Animation":{
          "On Display":"Automatic"
         ,"On Data Change":"Automatic"
        }
       ,"Tooltip":{
          "Show":true
         ,"Show Series Name":false
         ,"Show Value":true
        }
       ,"Legend":{
          "Show":true
         ,"Position":"Start"
         ,"Hide and Show Behavior":"None"
         ,"Font Size":"16"
         ,"Font Color":"#000000"
        }
       ,"Series":[
          {
            "id":"129049606577467342"
           ,"Identification":{
              "Name":"New"
            }
           ,"Execution":{
              "Sequence":10
            }
           ,"Source":{
              "Location":"Local Database"
             ,"Type":"SQL Query"
             ,"SQL Query":"SELECT category AS label,\n       COUNT(*) AS value\nFROM hsse_reports\nGROUP BY category"
            }
           ,"Column Mapping":{
              "Label":"LABEL"
             ,"Value":"VALUE"
            }
           ,"Label":{
              "Show":false
            }
          }
        ]
      }
    }
   ,{
      "id":"129049971434467345"
     ,"Identification":{
        "Title":"Incidents by Class"
       ,"Type":"Chart"
      }
     ,"Source":{
        "Location":"Local Database"
       ,"Type":"SQL Query"
       ,"SQL Query":"SELECT regulation_class AS label,\n       COUNT(*) AS value\nFROM hsse_reports\nGROUP BY regulation_class"
      }
     ,"Layout":{
        "Sequence":100
       ,"Parent Region":"No Parent"
       ,"Position":"BODY"
       ,"Start New Layout":false
       ,"Start New Row":false
       ,"Column":"Automatic"
       ,"New Column":true
       ,"Column Span":"Automatic"
      }
     ,"Appearance":{
        "Template":"Standard (127820918811976719)"
       ,"Template Options":[
          "#DEFAULT#"
         ,"js-showMaximizeButton"
         ,"js-headingLevel-2"
         ,"t-Region--scrollBody"
        ]
       ,"Render Components":"Above Content"
      }
     ,"Accessibility":{
        "Use Landmark":true
       ,"Landmark Type":"Template Default"
      }
     ,"Advanced":{
        "Region Display Selector":false
       ,"Exclude Title from Translation":false
      }
     ,"Security":{
        "Escape special characters":true
      }
     ,"Server Cache":{
        "Caching":"Disabled"
      }
     ,"Customization":{
        "Customizable":"Not Customizable By End Users"
      }
     ,"Attributes":{
        "id":"129050066553467346"
       ,"Chart":{
          "Type":"Bar"
        }
       ,"Appearance":{
          "Orientation":"Horizontal"
         ,"Stack":true
         ,"Stack Label":true
        }
       ,"Layout":{
          "Height":400
        }
       ,"Data Cursor":{
          "Cursor":"Automatic"
         ,"Behavior":"Automatic"
         ,"Dim On Hover":true
        }
       ,"Multi-Series Chart Data":{
          "Fill Gaps in Chart Data":true
         ,"Sort Order":"Label - Ascending"
         ,"Render Gap as Zero":true
        }
       ,"Settings":{
          "Time Axis Type":"Disabled"
         ,"Zoom and Scroll":"No"
        }
       ,"Animation":{
          "On Display":"Automatic"
         ,"On Data Change":"Automatic"
        }
       ,"Tooltip":{
          "Show":true
         ,"Show Series Name":true
         ,"Show Group Name":true
         ,"Show Value":true
        }
       ,"Legend":{
          "Show":false
        }
       ,"Series":[
          {
            "id":"129050168745467347"
           ,"Identification":{
              "Name":"Regulation Classes"
            }
           ,"Execution":{
              "Sequence":10
            }
           ,"Source":{
              "Location":"Local Database"
             ,"Type":"SQL Query"
             ,"SQL Query":"SELECT regulation_class AS label,\n       COUNT(*) AS value\nFROM hsse_reports\nGROUP BY regulation_class"
            }
           ,"Column Mapping":{
              "Label":"LABEL"
             ,"Value":"VALUE"
            }
           ,"Appearance":{
              "Color":"#ff9500"
             ,"Assigned To Y2 Axis":true
            }
           ,"Label":{
              "Show":true
             ,"Position":"Automatic"
            }
          }
        ]
       ,"Axes":[
          {
            "id":"129271729130584221"
           ,"Identification":{
              "Name":"x"
             ,"Show Axis":true
            }
           ,"Value":{
              "Format Scaling":"Automatic"
             ,"Baseline Scaling":"Zero"
             ,"Scale":"Linear"
            }
           ,"Major Ticks":{
              "Show":"Yes"
            }
           ,"Minor Ticks":{
              "Show":false
            }
           ,"Tick Label":{
              "Show":true
             ,"Rotation":true
             ,"Position":"Outside"
            }
          }
         ,{
            "id":"129271837179584222"
           ,"Identification":{
              "Name":"y"
             ,"Show Axis":true
            }
           ,"Value":{
              "Format":"Decimal"
             ,"Decimal Places":0
             ,"Format Scaling":"None"
             ,"Baseline Scaling":"Zero"
             ,"Scale":"Linear"
            }
           ,"Appearance":{
              "Position":"Automatic"
            }
           ,"Major Ticks":{
              "Show":"Yes"
            }
           ,"Minor Ticks":{
              "Show":false
            }
           ,"Tick Label":{
              "Show":true
            }
          }
         ,{
            "id":"129271940633584223"
           ,"Identification":{
              "Name":"y2"
             ,"Show Axis":true
            }
           ,"Value":{
              "Format Scaling":"Automatic"
             ,"Baseline Scaling":"Zero"
             ,"Scale":"Linear"
            }
           ,"Appearance":{
              "Position":"Automatic"
            }
           ,"Major Ticks":{
              "Show":"Yes"
            }
           ,"Minor Ticks":{
              "Show":false
            }
           ,"Tick Label":{
              "Show":true
            }
           ,"Dual Y Axes":{
              "Show":"Automatic"
            }
          }
        ]
      }
    }
   ,{
      "id":"129050234161467348"
     ,"Identification":{
        "Title":"Summary Report "
       ,"Type":"Classic Report"
      }
     ,"Source":{
        "Location":"Local Database"
       ,"Type":"SQL Query"
       ,"SQL Query":"SELECT \n    --(SELECT COUNT(*) FROM HSSE_REPORTS) AS TOTAL_REPORTS,\n    (SELECT COUNT(*) FROM HSSE_REPORTS WHERE status = \u0027Open\u0027) as TOTAL_OPEN,\n    (SELECT COUNT(*) FROM HSSE_REPORTS WHERE status = \u0027Closed\u0027) as TOTAL_CLOSE,\n    (SELECT COUNT(*) FROM HSSE_REPORTS WHERE status = \u0027Resolved\u0027) as TOTAL_RESOLVED,\n    (SELECT COUNT(*) FROM HSSE_REPORTS WHERE status = \u0027Under Investigation\u0027) as TOTAL_PENDING,\n    (SELECT COUNT(*) FROM apex_workspace_activity_log WHERE application_id = 102) as TOTAL_VISITS\n\n\nFROM dual;\n"
      }
     ,"Layout":{
        "Sequence":80
       ,"Parent Region":"No Parent"
       ,"Position":"BODY"
       ,"Start New Layout":false
       ,"Start New Row":true
       ,"Column":"Automatic"
       ,"New Column":true
       ,"Column Span":"Automatic"
      }
     ,"Appearance":{
        "Template":"Collapsible (127787084090976700)"
       ,"Template Options":[
          "#DEFAULT#"
         ,"js-useLocalStorage"
         ,"is-expanded"
         ,"t-Region--scrollBody"
        ]
       ,"Render Components":"Above Content"
      }
     ,"Accessibility":{
        "Use Landmark":true
       ,"Landmark Type":"Template Default"
      }
     ,"Advanced":{
        "Region Display Selector":false
       ,"Exclude Title from Translation":false
      }
     ,"Server Cache":{
        "Caching":"Disabled"
      }
     ,"Customization":{
        "Customizable":"Not Customizable By End Users"
      }
     ,"Attributes":{
        "Layout":{
          "Number of Rows Type":"Static Value"
         ,"Number of Rows":15
        }
       ,"Appearance":{
          "Template Type":"Theme"
         ,"Template":"Badge List (127843105378976740)"
         ,"Template Options":[
            "#DEFAULT#"
           ,"t-BadgeList--medium"
           ,"t-BadgeList--dash"
           ,"t-BadgeList--cols t-BadgeList--5cols"
           ,"t-Report--hideNoPagination"
          ]
        }
       ,"Pagination":{
          "Type":"Row Ranges X to Y (with next and previous links)"
         ,"Display Position":"Bottom - Right"
         ,"Partial Page Refresh":true
        }
       ,"Performance":{
          "Lazy Loading":false
        }
       ,"Break Formatting":{
          "Break Columns":"No Break"
        }
       ,"Advanced":{
          "Strip HTML":false
         ,"Sort Nulls":"Last"
        }
       ,"Heading":{
          "Type":"Custom Headings"
        }
       ,"Download":{
          "CSV Export Enabled":false
        }
       ,"Printing":{
          "Enabled":false
        }
      }
     ,"Columns":[
        {
          "id":"129270212683584206"
         ,"Identification":{
            "Column Name":"TOTAL_OPEN"
           ,"Type":"Plain Text"
          }
         ,"Heading":{
            "Heading":"Total Reports - Cases Open"
           ,"Alignment":"center"
          }
         ,"Layout":{
            "Sequence":20
           ,"Column Alignment":"center"
          }
         ,"Accessibility":{
            "Value Identifies Row":false
          }
         ,"Sorting":{
            "Sortable":true
          }
         ,"Export \/ Printing":{
            "Include In Export \/ Print":true
          }
         ,"Advanced":{
            "Compute Sum":false
          }
         ,"UI Defaults Reference":{
            "Table Owner":"Parsing Schema"
          }
         ,"Security":{
            "Escape special characters":true
          }
        }
       ,{
          "id":"129270305255584207"
         ,"Identification":{
            "Column Name":"TOTAL_CLOSE"
           ,"Type":"Plain Text"
          }
         ,"Heading":{
            "Heading":"Total Reports - Cases Closed"
           ,"Alignment":"end"
          }
         ,"Layout":{
            "Sequence":30
           ,"Column Alignment":"end"
          }
         ,"Accessibility":{
            "Value Identifies Row":false
          }
         ,"Sorting":{
            "Sortable":true
          }
         ,"Export \/ Printing":{
            "Include In Export \/ Print":true
          }
         ,"Advanced":{
            "Compute Sum":false
          }
         ,"UI Defaults Reference":{
            "Table Owner":"Parsing Schema"
          }
         ,"Security":{
            "Escape special characters":true
          }
        }
       ,{
          "id":"129270478147584208"
         ,"Identification":{
            "Column Name":"TOTAL_RESOLVED"
           ,"Type":"Plain Text"
          }
         ,"Heading":{
            "Heading":"Total Reports - Cases Resolved"
           ,"Alignment":"end"
          }
         ,"Layout":{
            "Sequence":40
           ,"Column Alignment":"end"
          }
         ,"Accessibility":{
            "Value Identifies Row":false
          }
         ,"Sorting":{
            "Sortable":true
          }
         ,"Export \/ Printing":{
            "Include In Export \/ Print":true
          }
         ,"Advanced":{
            "Compute Sum":false
          }
         ,"UI Defaults Reference":{
            "Table Owner":"Parsing Schema"
          }
         ,"Security":{
            "Escape special characters":true
          }
        }
       ,{
          "id":"129270552970584209"
         ,"Identification":{
            "Column Name":"TOTAL_PENDING"
           ,"Type":"Plain Text"
          }
         ,"Heading":{
            "Heading":"Total Reports - Cases Pending"
           ,"Alignment":"end"
          }
         ,"Layout":{
            "Sequence":50
           ,"Column Alignment":"end"
          }
         ,"Accessibility":{
            "Value Identifies Row":false
          }
         ,"Sorting":{
            "Sortable":true
          }
         ,"Export \/ Printing":{
            "Include In Export \/ Print":true
          }
         ,"Advanced":{
            "Compute Sum":false
          }
         ,"UI Defaults Reference":{
            "Table Owner":"Parsing Schema"
          }
         ,"Security":{
            "Escape special characters":true
          }
        }
       ,{
          "id":"129270635882584210"
         ,"Identification":{
            "Column Name":"TOTAL_VISITS"
           ,"Type":"Plain Text"
          }
         ,"Heading":{
            "Heading":"Total Application Visits"
           ,"Alignment":"end"
          }
         ,"Layout":{
            "Sequence":60
           ,"Column Alignment":"end"
          }
         ,"Accessibility":{
            "Value Identifies Row":false
          }
         ,"Sorting":{
            "Sortable":true
          }
         ,"Export \/ Printing":{
            "Include In Export \/ Print":true
          }
         ,"Advanced":{
            "Compute Sum":false
          }
         ,"UI Defaults Reference":{
            "Table Owner":"Parsing Schema"
          }
         ,"Security":{
            "Escape special characters":true
          }
        }
      ]
    }
   ,{
      "id":"129075905992892819"
     ,"Identification":{
        "Title":"Breadcrumb"
       ,"Type":"Breadcrumb"
      }
     ,"Source":{
        "Breadcrumb":"Breadcrumb (127708887208976605)"
      }
     ,"Layout":{
        "Sequence":10
       ,"Parent Region":"No Parent"
       ,"Position":"REGION_POSITION_01"
       ,"Start New Layout":false
       ,"Start New Row":true
       ,"Column":"Automatic"
       ,"New Column":true
       ,"Column Span":"Automatic"
      }
     ,"Appearance":{
        "Template":"Title Bar (127781995781976697)"
       ,"Template Options":[
          "#DEFAULT#"
         ,"t-BreadcrumbRegion--useBreadcrumbTitle"
        ]
       ,"Render Components":"Above Content"
      }
     ,"Accessibility":{
        "Use Landmark":true
       ,"Landmark Type":"Template Default"
      }
     ,"Advanced":{
        "Region Display Selector":false
       ,"Exclude Title from Translation":false
      }
     ,"Server Cache":{
        "Caching":"Disabled"
      }
     ,"Customization":{
        "Customizable":"Not Customizable By End Users"
      }
     ,"Attributes":{
        "Appearance":{
          "Breadcrumb Template":"Breadcrumb (127886952360976789)"
         ,"Template Options":[
            "#DEFAULT#"
          ]
        }
      }
    }
   ,{
      "id":"129271247154584216"
     ,"Identification":{
        "Title":"Total No. of Escalated Cases"
       ,"Type":"Cards"
      }
     ,"Source":{
        "Location":"Local Database"
       ,"Type":"SQL Query"
       ,"SQL Query":"SELECT COUNT(*) AS total_escalated\nFROM hsse_reports\nWHERE escalated = \u0027Y\u0027;"
      }
     ,"Layout":{
        "Sequence":50
       ,"Parent Region":"No Parent"
       ,"Position":"BODY"
       ,"Start New Layout":false
       ,"Start New Row":false
       ,"Column":"Automatic"
       ,"New Column":true
       ,"Column Span":"Automatic"
      }
     ,"Appearance":{
        "Template":"Cards Container (127766396700976691)"
       ,"Template Options":[
          "#DEFAULT#"
         ,"t-CardsRegion--styleB"
         ,"t-Form--standardPadding"
        ]
       ,"Render Components":"Above Content"
      }
     ,"Accessibility":{
        "Use Landmark":true
       ,"Landmark Type":"Template Default"
      }
     ,"Advanced":{
        "Region Display Selector":false
       ,"Exclude Title from Translation":false
      }
     ,"Server Cache":{
        "Caching":"Disabled"
      }
     ,"Customization":{
        "Customizable":"Not Customizable By End Users"
      }
     ,"Attributes":{
        "id":"129271380674584217"
       ,"Appearance":{
          "Layout":"Grid"
         ,"Grid Columns":"Auto"
        }
       ,"Title":{
          "Advanced Formatting":true
         ,"HTML Expression":"\u003Cdiv style=\"font-weight: 700; font-size: 25px; color: green;\"\u003E\n  \u003Cbr\u003ETotal No. of Escalated Cases\u003Cbr\u003E\u003Cbr\u003E\n\u003C\/div\u003E\n"
        }
       ,"Subtitle":{
          "Advanced Formatting":true
         ,"HTML Expression":"\u003Cdiv style = \"font-weight: 500; font-size: 25px; color: black\"\u003E\u003Cbr\u003E\u0026TOTAL_ESCALATED.\u003Cbr\u003E\u003Cbr\u003E\u003C\/div\u003E\n"
        }
       ,"Body":{
          "Advanced Formatting":false
        }
       ,"Secondary Body":{
          "Advanced Formatting":false
        }
       ,"Icon and Badge":{
          "Icon Source":"Image URL"
         ,"Image URL":"https:\/\/cdn-icons-png.flaticon.com\/128\/14034\/14034336.png"
         ,"Icon Position":"Start"
        }
       ,"Media":{
          "Advanced Formatting":false
         ,"Source":"No Media"
        }
       ,"Performance":{
          "Lazy Loading":false
        }
       ,"Pagination":{
          "Type":"Scroll"
         ,"Show Total Count":false
        }
      }
    }
   ,{
      "id":"129271428102584218"
     ,"Identification":{
        "Title":"Total No. of Reports "
       ,"Type":"Cards"
      }
     ,"Source":{
        "Location":"Local Database"
       ,"Type":"SQL Query"
       ,"SQL Query":"select count(*) as total_records\n from HSSE_REPORTS"
      }
     ,"Layout":{
        "Sequence":30
       ,"Parent Region":"No Parent"
       ,"Position":"BODY"
       ,"Start New Layout":false
       ,"Start New Row":true
       ,"Column":"Automatic"
       ,"New Column":true
       ,"Column Span":"Automatic"
      }
     ,"Appearance":{
        "Template":"Cards Container (127766396700976691)"
       ,"Template Options":[
          "#DEFAULT#"
         ,"t-CardsRegion--styleB"
         ,"t-Form--standardPadding"
        ]
       ,"Render Components":"Above Content"
      }
     ,"Accessibility":{
        "Use Landmark":true
       ,"Landmark Type":"Template Default"
      }
     ,"Advanced":{
        "Region Display Selector":false
       ,"Exclude Title from Translation":false
      }
     ,"Server Cache":{
        "Caching":"Disabled"
      }
     ,"Customization":{
        "Customizable":"Not Customizable By End Users"
      }
     ,"Attributes":{
        "id":"129271503979584219"
       ,"Appearance":{
          "Layout":"Grid"
         ,"Grid Columns":"Auto"
        }
       ,"Title":{
          "Advanced Formatting":true
         ,"HTML Expression":"\u003Cdiv style=\"font-weight: 700; font-size: 25px; color: green;\"\u003E\n  \u003Cbr\u003ETotal No. of Reports\u003Cbr\u003E\u003Cbr\u003E\n\u003C\/div\u003E\n"
        }
       ,"Subtitle":{
          "Advanced Formatting":true
         ,"HTML Expression":"\u003Cdiv style = \"font-weight: 500; font-size: 25px; color: black\"\u003E\u003Cbr\u003E\u0026TOTAL_RECORDS.\u003Cbr\u003E\u003Cbr\u003E\u003C\/div\u003E"
        }
       ,"Body":{
          "Advanced Formatting":false
        }
       ,"Secondary Body":{
          "Advanced Formatting":false
        }
       ,"Icon and Badge":{
          "Icon Source":"Image URL"
         ,"Image URL":"https:\/\/cdn-icons-png.flaticon.com\/128\/14034\/14034290.png"
         ,"Icon Position":"Start"
        }
       ,"Media":{
          "Advanced Formatting":false
         ,"Source":"No Media"
        }
       ,"Performance":{
          "Lazy Loading":false
        }
       ,"Pagination":{
          "Type":"Scroll"
         ,"Show Total Count":false
        }
      }
    }
   ,{
      "id":"129271691508584220"
     ,"Identification":{
        "Title":"Incident Date"
       ,"Type":"Calendar"
      }
     ,"Source":{
        "Location":"Local Database"
       ,"Type":"SQL Query"
       ,"SQL Query":"select title, category, regulation_class, report_time from hsse_reports\n"
      }
     ,"Layout":{
        "Sequence":130
       ,"Parent Region":"No Parent"
       ,"Position":"BODY"
       ,"Start New Layout":false
       ,"Start New Row":true
       ,"Column":"Automatic"
       ,"New Column":true
       ,"Column Span":"Automatic"
      }
     ,"Appearance":{
        "Template":"Collapsible (127787084090976700)"
       ,"Template Options":[
          "#DEFAULT#"
         ,"t-Region--noPadding"
         ,"js-useLocalStorage"
         ,"is-expanded"
         ,"t-Region--scrollBody"
         ,"t-Form--slimPadding"
        ]
       ,"Render Components":"Above Content"
      }
     ,"Accessibility":{
        "Use Landmark":true
       ,"Landmark Type":"Template Default"
      }
     ,"Advanced":{
        "Region Display Selector":false
       ,"Exclude Title from Translation":false
      }
     ,"Security":{
        "Escape special characters":true
      }
     ,"Server Cache":{
        "Caching":"Disabled"
      }
     ,"Customization":{
        "Customizable":"Not Customizable By End Users"
      }
     ,"Attributes":{
        "Settings":{
          "Display Column":"TITLE"
         ,"Start Date Column":"REPORT_TIME"
         ,"End Date Column":"REPORT_TIME"
         ,"Show Time":true
         ,"Time Format":"24 Hour"
         ,"First Hour":9
         ,"Multiple Line Events":true
         ,"Show Tooltip":true
         ,"Calendar Views and Navigation":"month:week:day:list:navigation"
         ,"View \/ Edit Link":{
            "url":"f?p=\u0026APP_ID.:5:\u0026SESSION.::\u0026DEBUG.::P5_ID,P5_ANONYMOUS_FLAG:\u0026ID.,\u0026ANONYMOUS_FLAG."
           ,"Page":"5"
           ,"Values":{
              "P5_ID":"\u0026ID."
             ,"P5_ANONYMOUS_FLAG":"\u0026ANONYMOUS_FLAG."
            }
          }
         ,"Maximum Events \/ Day":10
         ,"Show Weekend":true
        }
       ,"Performance":{
          "Lazy Loading":false
        }
      }
    }
   ,{
      "id":"129273515099584239"
     ,"Identification":{
        "Title":"Incidents by Severity"
       ,"Type":"Chart"
      }
     ,"Layout":{
        "Sequence":110
       ,"Parent Region":"No Parent"
       ,"Position":"BODY"
       ,"Start New Layout":false
       ,"Start New Row":false
       ,"Column":"Automatic"
       ,"New Column":true
       ,"Column Span":"Automatic"
      }
     ,"Appearance":{
        "Template":"Standard (127820918811976719)"
       ,"Template Options":[
          "#DEFAULT#"
         ,"t-Region--showIcon"
         ,"t-Region--scrollBody"
        ]
       ,"Render Components":"Above Content"
      }
     ,"Accessibility":{
        "Use Landmark":true
       ,"Landmark Type":"Template Default"
      }
     ,"Advanced":{
        "Region Display Selector":false
       ,"Exclude Title from Translation":false
      }
     ,"Security":{
        "Escape special characters":true
      }
     ,"Server Cache":{
        "Caching":"Disabled"
      }
     ,"Customization":{
        "Customizable":"Not Customizable By End Users"
      }
     ,"Configuration":{
        "Build Option":"Commented Out (127708202038976597)"
      }
     ,"Attributes":{
        "id":"129273641494584240"
       ,"Chart":{
          "Type":"Pyramid"
        }
       ,"Layout":{
          "Height":400
        }
       ,"Data Cursor":{
          "Cursor":"Automatic"
         ,"Behavior":"Automatic"
         ,"Dim On Hover":true
        }
       ,"Settings":{
          "Zoom and Scroll":"No"
        }
       ,"Value":{
          "Format Scaling":"Automatic"
        }
       ,"Animation":{
          "On Display":"Automatic"
         ,"On Data Change":"Automatic"
        }
       ,"Tooltip":{
          "Show":true
         ,"Show Series Name":false
         ,"Show Value":true
        }
       ,"Legend":{
          "Show":true
         ,"Hide and Show Behavior":"Rescale"
        }
       ,"Series":[
          {
            "id":"129273776694584241"
           ,"Identification":{
              "Name":"New"
            }
           ,"Execution":{
              "Sequence":10
            }
           ,"Source":{
              "Location":"Local Database"
             ,"Type":"SQL Query"
             ,"SQL Query":"SELECT COUNT(*) AS VALUE,\n       CASE WHEN SEVERITY = 1 THEN \u0027LOW\u0027 WHEN SEVERITY = 2 THEN \u0027MODERATE\u0027 ELSE \u0027HIGH\u0027 END AS LABEL\nFROM hsse_reports\nGROUP BY severity"
            }
           ,"Column Mapping":{
              "Label":"LABEL"
             ,"Value":"VALUE"
             ,"Custom Tooltip":"LABEL"
            }
           ,"Label":{
              "Show":true
             ,"Position":"Automatic"
            }
          }
        ]
      }
    }
   ,{
      "id":"129274267614584246"
     ,"Identification":{
        "Title":"Incidents by Severity"
       ,"Type":"Chart"
      }
     ,"Layout":{
        "Sequence":120
       ,"Parent Region":"No Parent"
       ,"Position":"BODY"
       ,"Start New Layout":false
       ,"Start New Row":false
       ,"Column":"Automatic"
       ,"New Column":true
       ,"Column Span":"Automatic"
      }
     ,"Appearance":{
        "Template":"Standard (127820918811976719)"
       ,"Template Options":[
          "#DEFAULT#"
         ,"t-Region--showIcon"
         ,"t-Region--scrollBody"
        ]
       ,"Render Components":"Above Content"
      }
     ,"Accessibility":{
        "Use Landmark":true
       ,"Landmark Type":"Template Default"
      }
     ,"Advanced":{
        "Region Display Selector":false
       ,"Exclude Title from Translation":false
      }
     ,"Security":{
        "Escape special characters":true
      }
     ,"Server Cache":{
        "Caching":"Disabled"
      }
     ,"Customization":{
        "Customizable":"Not Customizable By End Users"
      }
     ,"Attributes":{
        "id":"129274354675584247"
       ,"Chart":{
          "Type":"Line with Area"
        }
       ,"Appearance":{
          "Orientation":"Vertical"
         ,"Stack":false
        }
       ,"Layout":{
          "Height":400
        }
       ,"Data Cursor":{
          "Cursor":"Automatic"
         ,"Behavior":"Automatic"
         ,"Dim On Hover":true
        }
       ,"Multi-Series Chart Data":{
          "Fill Gaps in Chart Data":true
         ,"Sort Order":"Label - Ascending"
         ,"Render Gap as Zero":true
        }
       ,"Settings":{
          "Zoom and Scroll":"No"
        }
       ,"Animation":{
          "On Display":"Automatic"
         ,"On Data Change":"Automatic"
        }
       ,"Tooltip":{
          "Show":true
         ,"Show Series Name":true
         ,"Show Group Name":true
         ,"Show Value":true
        }
       ,"Legend":{
          "Show":false
        }
       ,"Series":[
          {
            "id":"129274443010584248"
           ,"Identification":{
              "Name":"New"
            }
           ,"Execution":{
              "Sequence":10
            }
           ,"Source":{
              "Location":"Local Database"
             ,"Type":"SQL Query"
             ,"SQL Query":"SELECT COUNT(*) AS VALUE,\n       CASE WHEN SEVERITY = 1 THEN \u0027LOW\u0027 WHEN SEVERITY = 2 THEN \u0027MODERATE\u0027 ELSE \u0027HIGH\u0027 END AS LABEL\nFROM hsse_reports\nGROUP BY severity"
            }
           ,"Column Mapping":{
              "Label":"LABEL"
             ,"Value":"VALUE"
             ,"Custom Tooltip":"LABEL"
            }
           ,"Appearance":{
              "Color":"#ff3b30"
             ,"Assigned To Y2 Axis":false
            }
           ,"Line":{
              "Style":"Solid"
             ,"Type":"Automatic"
            }
           ,"Marker":{
              "Show":"Automatic"
             ,"Shape":"Automatic"
            }
           ,"Label":{
              "Show":true
             ,"Position":"Automatic"
            }
          }
        ]
       ,"Axes":[
          {
            "id":"129274559462584249"
           ,"Identification":{
              "Name":"x"
             ,"Show Axis":true
            }
           ,"Value":{
              "Format Scaling":"Automatic"
             ,"Baseline Scaling":"Zero"
             ,"Scale":"Linear"
            }
           ,"Major Ticks":{
              "Show":"Yes"
            }
           ,"Minor Ticks":{
              "Show":false
            }
           ,"Tick Label":{
              "Show":true
             ,"Rotation":true
             ,"Position":"Outside"
            }
          }
         ,{
            "id":"129274617696584250"
           ,"Identification":{
              "Name":"y"
             ,"Show Axis":true
            }
           ,"Value":{
              "Format":"Decimal"
             ,"Decimal Places":0
             ,"Format Scaling":"None"
             ,"Baseline Scaling":"Zero"
             ,"Scale":"Linear"
            }
           ,"Appearance":{
              "Position":"Automatic"
            }
           ,"Major Ticks":{
              "Show":"Yes"
            }
           ,"Minor Ticks":{
              "Show":false
            }
           ,"Tick Label":{
              "Show":true
            }
          }
         ,{
            "id":"129380286639266801"
           ,"Identification":{
              "Name":"y2"
             ,"Show Axis":true
            }
           ,"Value":{
              "Format Scaling":"Automatic"
             ,"Baseline Scaling":"Zero"
             ,"Scale":"Linear"
            }
           ,"Appearance":{
              "Position":"Automatic"
            }
           ,"Major Ticks":{
              "Show":"Yes"
            }
           ,"Minor Ticks":{
              "Show":false
            }
           ,"Tick Label":{
              "Show":true
            }
           ,"Dual Y Axes":{
              "Show":"Automatic"
            }
          }
        ]
      }
    }
   ,{
      "id":"129380351398266802"
     ,"Identification":{
        "Title":"New"
       ,"Type":"Dashboard Cards"
      }
     ,"Source":{
        "Location":"Local Database"
       ,"Type":"SQL Query"
       ,"SQL Query":"SELECT 1 id_pk,\n        \u0027New Members\u0027 as title,\n        \u00278\u0027 as card_value,\n        \u002750% INCREASE\u0027 as footer_text,\n        \u0027#40af73\u0027 as background_color,\n        \u0027fa-users\u0027 as card_icon,\n        \u0027#ffffff\u0027 as font_color,\n        \u00272\u0027 as page_id\n FROM DUAL\nunion\n SELECT 2 id_pk,\n       \u0027Top Customers\u0027 as title,\n       \u00277\u0027 as card_value,\n       \u002720% INCREASE\u0027 as footer_text,\n       \u0027#317ac1\u0027 as background_color,\n       \u0027fa-badge-check\u0027 as card_icon,\n       \u0027#ffffff\u0027 as font_color,\n        \u00279\u0027 as page_id\n FROM DUAL\n union\n SELECT 3 id_pk,\n        \u0027System Alerts\u0027 as title,\n       \u00275\u0027 as card_value,\n       \u0027\u0027 as footer_text,\n       \u0027#d83f3f\u0027 as background_color,\n       \u0027fa-bell\u0027 as card_icon,\n       \u0027#ffffff\u0027 as font_color,\n        \u002710\u0027 as page_id\n FROM DUAL\n   union\n SELECT 4 id_pk, \n       \u0027Products on Sale\u0027 as title,\n       \u002710\u0027 as card_value,\n       \u002750% SALE!\u0027 as footer_text,\n       \u0027#c78e27\u0027 as background_color,\n       \u0027fa-badge-dollar\u0027 as card_icon,\n       \u0027#ffffff\u0027 as font_color,\n        \u00276\u0027 as page_id\n FROM DUAL \n    union\n SELECT 5 id_pk, \n       \u0027Today\u0027\u0027s Orders\u0027 as title,\n       \u002711\u0027 as card_value,\n       \u0027\u0027 as footer_text,\n       \u0027#c78e27\u0027 as background_color,\n       \u0027fa-shopping-cart\u0027 as card_icon,\n       \u0027#ffffff\u0027 as font_color,\n        \u00274\u0027 as page_id\n FROM DUAL\n"
      }
     ,"Layout":{
        "Sequence":140
       ,"Parent Region":"No Parent"
       ,"Position":"BODY"
       ,"Start New Layout":false
       ,"Start New Row":true
       ,"Column":"Automatic"
       ,"New Column":true
       ,"Column Span":"Automatic"
      }
     ,"Appearance":{
        "Template":"Cards Container (127766396700976691)"
       ,"Template Options":[
          "#DEFAULT#"
        ]
       ,"Render Components":"Above Content"
      }
     ,"Accessibility":{
        "Use Landmark":true
       ,"Landmark Type":"Region"
      }
     ,"Advanced":{
        "Region Display Selector":false
       ,"Exclude Title from Translation":false
      }
     ,"Server Cache":{
        "Caching":"Disabled"
      }
     ,"Customization":{
        "Customizable":"Not Customizable By End Users"
      }
     ,"Attributes":{
        "Appearance":{
          "Display":"Multiple (Report)"
        }
       ,"Settings":{
          "Title":"Summary Section"
         ,"Body":"\u0026TOTAL_REPORTS."
        }
       ,"Performance":{
          "Lazy Loading":false
        }
       ,"Pagination":{
          "Type":"Page"
         ,"Entities per Page":15
         ,"Show Total Count":false
        }
      }
     ,"Columns":[
        {
          "id":"129381639375266815"
         ,"Identification":{
            "Name":"ID_PK"
          }
         ,"Layout":{
            "Sequence":10
          }
         ,"Source":{
            "Type":"Database Column"
           ,"Database Column":"ID_PK"
           ,"Data Type":"NUMBER"
           ,"Primary Key":false
          }
        }
       ,{
          "id":"129381748631266816"
         ,"Identification":{
            "Name":"TITLE"
          }
         ,"Layout":{
            "Sequence":20
          }
         ,"Source":{
            "Type":"Database Column"
           ,"Database Column":"TITLE"
           ,"Data Type":"VARCHAR2"
           ,"Primary Key":false
          }
        }
       ,{
          "id":"129381885428266817"
         ,"Identification":{
            "Name":"CARD_VALUE"
          }
         ,"Layout":{
            "Sequence":30
          }
         ,"Source":{
            "Type":"Database Column"
           ,"Database Column":"CARD_VALUE"
           ,"Data Type":"VARCHAR2"
           ,"Primary Key":false
          }
        }
       ,{
          "id":"129381904675266818"
         ,"Identification":{
            "Name":"FOOTER_TEXT"
          }
         ,"Layout":{
            "Sequence":40
          }
         ,"Source":{
            "Type":"Database Column"
           ,"Database Column":"FOOTER_TEXT"
           ,"Data Type":"VARCHAR2"
           ,"Primary Key":false
          }
        }
       ,{
          "id":"129382051517266819"
         ,"Identification":{
            "Name":"BACKGROUND_COLOR"
          }
         ,"Layout":{
            "Sequence":50
          }
         ,"Source":{
            "Type":"Database Column"
           ,"Database Column":"BACKGROUND_COLOR"
           ,"Data Type":"VARCHAR2"
           ,"Primary Key":false
          }
        }
       ,{
          "id":"129382128615266820"
         ,"Identification":{
            "Name":"CARD_ICON"
          }
         ,"Layout":{
            "Sequence":60
          }
         ,"Source":{
            "Type":"Database Column"
           ,"Database Column":"CARD_ICON"
           ,"Data Type":"VARCHAR2"
           ,"Primary Key":false
          }
        }
       ,{
          "id":"129382296180266821"
         ,"Identification":{
            "Name":"FONT_COLOR"
          }
         ,"Layout":{
            "Sequence":70
          }
         ,"Source":{
            "Type":"Database Column"
           ,"Database Column":"FONT_COLOR"
           ,"Data Type":"VARCHAR2"
           ,"Primary Key":false
          }
        }
       ,{
          "id":"129382358908266822"
         ,"Identification":{
            "Name":"PAGE_ID"
          }
         ,"Layout":{
            "Sequence":80
          }
         ,"Source":{
            "Type":"Database Column"
           ,"Database Column":"PAGE_ID"
           ,"Data Type":"VARCHAR2"
           ,"Primary Key":false
          }
        }
      ]
    }
  ]
}
