{
  "id":"4"
 ,"Identification":{
    "Name":"Media Test"
   ,"Alias":"MEDIA-TEST"
   ,"Title":"Media Test"
  }
 ,"Appearance":{
    "Page Mode":"Normal"
   ,"Page Template":"Theme Default"
   ,"Template Options":[
      "#DEFAULT#"
    ]
  }
 ,"Navigation Menu":{
    "Override User Interface Level":false
  }
 ,"Navigation":{
    "Cursor Focus":"Do not focus cursor"
   ,"Warn on Unsaved Changes":true
  }
 ,"Security":{
    "Authentication":"Page Requires Authentication"
   ,"Deep Linking":"Application Default"
   ,"Page Access Protection":"Arguments Must Have Checksum"
   ,"Form Auto Complete":"Off"
   ,"Browser Cache":"Application Default"
  }
 ,"Session Management":{
    "Rejoin Sessions":"Application Default"
  }
 ,"Advanced":{
    "Enable duplicate page submissions":"Yes - Enable page to be re-posted"
   ,"Reload on Submit":"Only for Success"
  }
 ,"Server Cache":{
    "Caching":"Disabled"
  }
 ,"Regions":[
    {
      "id":"129148564492940601"
     ,"Identification":{
        "Title":"New"
       ,"Type":"Form"
      }
     ,"Source":{
        "Location":"Local Database"
       ,"Type":"Table \/ View"
       ,"Table Owner":"Parsing Schema"
       ,"Table Name":"HSSE_REPORT_MEDIA"
       ,"Include ROWID Column":false
      }
     ,"Layout":{
        "Sequence":10
       ,"Parent Region":"No Parent"
       ,"Position":"BODY"
       ,"Start New Layout":false
       ,"Start New Row":true
       ,"Column":"Automatic"
       ,"New Column":true
       ,"Column Span":"Automatic"
      }
     ,"Appearance":{
        "Template":"Standard (127820918811976719)"
       ,"Template Options":[
          "#DEFAULT#"
         ,"t-Region--scrollBody"
        ]
       ,"Render Components":"Above Content"
      }
     ,"Accessibility":{
        "Use Landmark":true
       ,"Landmark Type":"Template Default"
      }
     ,"Advanced":{
        "Region Display Selector":false
       ,"Exclude Title from Translation":false
      }
     ,"Server Cache":{
        "Caching":"Disabled"
      }
     ,"Customization":{
        "Customizable":"Not Customizable By End Users"
      }
     ,"Attributes":{
        "Edit":{
          "Enabled":false
        }
      }
    }
  ]
 ,"Page Items":[
    {
      "id":"129148765369940603"
     ,"Identification":{
        "Name":"P4_ID"
       ,"Type":"Hidden"
      }
     ,"Settings":{
        "Value Protected":true
      }
     ,"Layout":{
        "Sequence":10
       ,"Region":"New (129148564492940601)"
       ,"Position":"BODY"
      }
     ,"Advanced":{
        "Warn on Unsaved Changes":"Page Default"
      }
     ,"Source":{
        "Form Region":"New (129148564492940601)"
       ,"Column":"ID"
       ,"Data Type":"NUMBER"
       ,"Query Only":true
       ,"Primary Key":true
      }
     ,"Session State":{
        "Data Type":"VARCHAR2"
       ,"Storage":"Per Request (Memory Only)"
      }
     ,"Security":{
        "Session State Protection":"Checksum Required - Session Level"
       ,"Store value encrypted in session state":true
       ,"Restricted Characters":"All characters can be saved."
      }
    }
   ,{
      "id":"129148867475940604"
     ,"Identification":{
        "Name":"P4_REPORT_ID"
       ,"Type":"Number Field"
      }
     ,"Label":{
        "Label":"Report Id"
       ,"Alignment":"Left"
      }
     ,"Settings":{
        "Number Alignment":"Start"
       ,"Virtual Keyboard":"Decimal"
      }
     ,"Layout":{
        "Sequence":20
       ,"Region":"New (129148564492940601)"
       ,"Position":"BODY"
       ,"Alignment":"Left"
       ,"Start New Layout":false
       ,"Start New Row":true
       ,"Column":"Automatic"
       ,"New Column":true
       ,"Column Span":"Automatic"
       ,"Label Column Span":"Page Template Default"
      }
     ,"Appearance":{
        "Template":"Optional - Floating (127882895985976781)"
       ,"Template Options":[
          "#DEFAULT#"
        ]
       ,"Width":30
      }
     ,"Validation":{
        "Value Required":false
      }
     ,"Advanced":{
        "Warn on Unsaved Changes":"Page Default"
      }
     ,"Source":{
        "Form Region":"New (129148564492940601)"
       ,"Column":"REPORT_ID"
       ,"Data Type":"NUMBER"
       ,"Query Only":false
       ,"Primary Key":false
      }
     ,"Session State":{
        "Storage":"Per Request (Memory Only)"
      }
     ,"Quick Picks":{
        "Show Quick Picks":false
      }
     ,"Security":{
        "Session State Protection":"Unrestricted"
       ,"Store value encrypted in session state":true
       ,"Restricted Characters":"All characters can be saved."
      }
    }
   ,{
      "id":"129148911676940605"
     ,"Identification":{
        "Name":"P4_FILE_NAME"
       ,"Type":"Text Field"
      }
     ,"Label":{
        "Label":"File Name"
       ,"Alignment":"Left"
      }
     ,"Settings":{
        "Subtype":"Text"
       ,"Trim Spaces":"Leading and Trailing"
       ,"Text Case":"NO CHANGE"
       ,"Submit when Enter pressed":false
       ,"Disabled":false
      }
     ,"Layout":{
        "Sequence":30
       ,"Region":"New (129148564492940601)"
       ,"Position":"BODY"
       ,"Alignment":"Left"
       ,"Start New Layout":false
       ,"Start New Row":true
       ,"Column":"Automatic"
       ,"New Column":true
       ,"Column Span":"Automatic"
       ,"Label Column Span":"Page Template Default"
      }
     ,"Appearance":{
        "Template":"Optional - Floating (127882895985976781)"
       ,"Template Options":[
          "#DEFAULT#"
        ]
       ,"Width":30
      }
     ,"Validation":{
        "Value Required":false
       ,"Maximum Length":255
      }
     ,"Advanced":{
        "Warn on Unsaved Changes":"Page Default"
      }
     ,"Source":{
        "Form Region":"New (129148564492940601)"
       ,"Column":"FILE_NAME"
       ,"Data Type":"VARCHAR2"
       ,"Query Only":false
       ,"Primary Key":false
      }
     ,"Session State":{
        "Storage":"Per Request (Memory Only)"
      }
     ,"Quick Picks":{
        "Show Quick Picks":false
      }
     ,"Security":{
        "Session State Protection":"Unrestricted"
       ,"Store value encrypted in session state":true
       ,"Restricted Characters":"All characters can be saved."
      }
    }
   ,{
      "id":"129149006325940606"
     ,"Identification":{
        "Name":"P4_MIME_TYPE"
       ,"Type":"Text Field"
      }
     ,"Label":{
        "Label":"Mime Type"
       ,"Alignment":"Left"
      }
     ,"Settings":{
        "Subtype":"Text"
       ,"Trim Spaces":"Leading and Trailing"
       ,"Text Case":"NO CHANGE"
       ,"Submit when Enter pressed":false
       ,"Disabled":false
      }
     ,"Layout":{
        "Sequence":40
       ,"Region":"New (129148564492940601)"
       ,"Position":"BODY"
       ,"Alignment":"Left"
       ,"Start New Layout":false
       ,"Start New Row":true
       ,"Column":"Automatic"
       ,"New Column":true
       ,"Column Span":"Automatic"
       ,"Label Column Span":"Page Template Default"
      }
     ,"Appearance":{
        "Template":"Optional - Floating (127882895985976781)"
       ,"Template Options":[
          "#DEFAULT#"
        ]
       ,"Width":30
      }
     ,"Validation":{
        "Value Required":false
       ,"Maximum Length":100
      }
     ,"Advanced":{
        "Warn on Unsaved Changes":"Page Default"
      }
     ,"Source":{
        "Form Region":"New (129148564492940601)"
       ,"Column":"MIME_TYPE"
       ,"Data Type":"VARCHAR2"
       ,"Query Only":false
       ,"Primary Key":false
      }
     ,"Session State":{
        "Storage":"Per Request (Memory Only)"
      }
     ,"Quick Picks":{
        "Show Quick Picks":false
      }
     ,"Security":{
        "Session State Protection":"Unrestricted"
       ,"Store value encrypted in session state":true
       ,"Restricted Characters":"All characters can be saved."
      }
    }
   ,{
      "id":"129149108750940607"
     ,"Identification":{
        "Name":"P4_FILE_BLOB"
       ,"Type":"File Upload"
      }
     ,"Label":{
        "Label":"File Blob"
       ,"Alignment":"Left"
      }
     ,"DISPLAY":{
        "Display As":"Inline File Browse"
       ,"Display Download Link":true
       ,"Content Disposition":"Attachment"
       ,"Capture Using":"NONE"
      }
     ,"Storage:":{
        "Type":"BLOB column specified in Item Source attribute"
      }
     ,"Layout":{
        "Sequence":50
       ,"Region":"New (129148564492940601)"
       ,"Position":"BODY"
       ,"Alignment":"Left"
       ,"Start New Layout":false
       ,"Start New Row":true
       ,"Column":"Automatic"
       ,"New Column":true
       ,"Column Span":"Automatic"
       ,"Label Column Span":"Page Template Default"
      }
     ,"Appearance":{
        "Template":"Optional - Floating (127882895985976781)"
       ,"Template Options":[
          "#DEFAULT#"
        ]
       ,"Width":30
      }
     ,"Validation":{
        "Value Required":false
      }
     ,"Advanced":{
        "Warn on Unsaved Changes":"Page Default"
      }
     ,"Source":{
        "Form Region":"New (129148564492940601)"
       ,"Column":"FILE_BLOB"
       ,"Data Type":"BLOB"
       ,"Query Only":false
       ,"Primary Key":false
      }
     ,"Session State":{
        "Storage":"Per Request (Memory Only)"
      }
     ,"Security":{
        "Session State Protection":"Unrestricted"
       ,"Restricted Characters":"All characters can be saved."
      }
    }
   ,{
      "id":"129149280777940608"
     ,"Identification":{
        "Name":"P4_UPLOADED_BY"
       ,"Type":"Text Field"
      }
     ,"Label":{
        "Label":"Uploaded By"
       ,"Alignment":"Left"
      }
     ,"Settings":{
        "Subtype":"Text"
       ,"Trim Spaces":"Leading and Trailing"
       ,"Text Case":"NO CHANGE"
       ,"Submit when Enter pressed":false
       ,"Disabled":false
      }
     ,"Layout":{
        "Sequence":70
       ,"Region":"New (129148564492940601)"
       ,"Position":"BODY"
       ,"Alignment":"Left"
       ,"Start New Layout":false
       ,"Start New Row":true
       ,"Column":"Automatic"
       ,"New Column":true
       ,"Column Span":"Automatic"
       ,"Label Column Span":"Page Template Default"
      }
     ,"Appearance":{
        "Template":"Optional - Floating (127882895985976781)"
       ,"Template Options":[
          "#DEFAULT#"
        ]
       ,"Width":30
      }
     ,"Validation":{
        "Value Required":false
       ,"Maximum Length":100
      }
     ,"Advanced":{
        "Warn on Unsaved Changes":"Page Default"
      }
     ,"Source":{
        "Form Region":"New (129148564492940601)"
       ,"Column":"UPLOADED_BY"
       ,"Data Type":"VARCHAR2"
       ,"Query Only":false
       ,"Primary Key":false
      }
     ,"Session State":{
        "Storage":"Per Request (Memory Only)"
      }
     ,"Quick Picks":{
        "Show Quick Picks":false
      }
     ,"Security":{
        "Session State Protection":"Unrestricted"
       ,"Store value encrypted in session state":true
       ,"Restricted Characters":"All characters can be saved."
      }
    }
   ,{
      "id":"129149374044940609"
     ,"Identification":{
        "Name":"P4_UPLOADED_ON"
       ,"Type":"Date Picker"
      }
     ,"Label":{
        "Label":"Uploaded On"
       ,"Alignment":"Left"
      }
     ,"Settings":{
        "Show Time":false
       ,"Display As":"Popup"
       ,"Minimum Date":"None"
       ,"Maximum Date":"None"
       ,"Multiple Months":"No"
       ,"Use Defaults":true
      }
     ,"Layout":{
        "Sequence":80
       ,"Region":"New (129148564492940601)"
       ,"Position":"BODY"
       ,"Alignment":"Left"
       ,"Start New Layout":false
       ,"Start New Row":true
       ,"Column":"Automatic"
       ,"New Column":true
       ,"Column Span":"Automatic"
       ,"Label Column Span":"Page Template Default"
      }
     ,"Appearance":{
        "Template":"Optional - Floating (127882895985976781)"
       ,"Template Options":[
          "#DEFAULT#"
        ]
       ,"Width":30
      }
     ,"Validation":{
        "Value Required":false
      }
     ,"Advanced":{
        "Warn on Unsaved Changes":"Page Default"
      }
     ,"Source":{
        "Form Region":"New (129148564492940601)"
       ,"Column":"UPLOADED_ON"
       ,"Data Type":"DATE"
       ,"Query Only":false
       ,"Primary Key":false
      }
     ,"Session State":{
        "Storage":"Per Request (Memory Only)"
      }
     ,"Quick Picks":{
        "Show Quick Picks":false
      }
     ,"Security":{
        "Session State Protection":"Unrestricted"
       ,"Store value encrypted in session state":true
       ,"Restricted Characters":"All characters can be saved."
      }
    }
  ]
 ,"Buttons":[
    {
      "id":"129149497130940610"
     ,"Identification":{
        "Button Name":"RUN_DETECTION"
       ,"Label":"Run Detection"
      }
     ,"Layout":{
        "Sequence":60
       ,"Region":"New (129148564492940601)"
       ,"Position":"BODY"
       ,"Start New Layout":false
       ,"Start New Row":false
       ,"Column":"Automatic"
       ,"New Column":true
       ,"Column Span":"Automatic"
       ,"Alignment":"Left center"
      }
     ,"Appearance":{
        "Button Template":"Text with Icon (127885498762976787)"
       ,"Hot":true
       ,"Template Options":[
          "#DEFAULT#"
         ,"t-Button--iconLeft"
        ]
      }
     ,"Behavior":{
        "Action":"Submit Page"
       ,"Execute Validations":true
       ,"Warn on Unsaved Changes":"Do Not Check"
      }
    }
  ]
 ,"Processes":[
    {
      "id":"129148639427940602"
     ,"Identification":{
        "Name":"Initialize form Media Test"
       ,"Type":"Form - Initialization"
       ,"Execution Chain":"None"
       ,"Form Region":"New (129148564492940601)"
      }
     ,"Execution":{
        "Sequence":10
       ,"Point":"Before Header"
       ,"Run Process":"Once Per Page Visit (default)"
      }
    }
   ,{
      "id":"129149501084940611"
     ,"Identification":{
        "Name":"Direct to Yolo"
       ,"Type":"Execute Code"
       ,"Execution Chain":"None"
      }
     ,"Source":{
        "Location":"Local Database"
       ,"Language":"PL\/SQL"
       ,"PL\/SQL Code":"DECLARE\n    l_blob     BLOB;\n    l_base64   CLOB;\n    l_result   CLOB;\n    l_url      VARCHAR2(500) := \u0027https:\/\/4a94-168-232-147-139.ngrok-free.app\/predict\u0027;\nBEGIN\n    -- Get image\n    SELECT file_blob INTO l_blob\n    FROM hsse_report_media\n    WHERE id = 1;\n\n    -- Convert to base64\n    l_base64 := APEX_WEB_SERVICE.BLOB2CLOBBASE64(l_blob);\n\n    -- Send to YOLOv8 API\n    l_result := APEX_WEB_SERVICE.make_rest_request(\n        p_url         =\u003E l_url,\n        p_http_method =\u003E \u0027POST\u0027,\n        p_body        =\u003E \u0027{ \"image_base64\": \"\u0027 || l_base64 || \u0027\" }\u0027\n    );\n\n    -- Store response\n    UPDATE hsse_report_media\n    SET result_json = l_result,\n        status = \u0027Processed\u0027\n    WHERE id = 1;\n\n    COMMIT;\n\nEXCEPTION\n    WHEN OTHERS THEN\n        UPDATE hsse_report_media\n        SET result_json = DBMS_UTILITY.FORMAT_ERROR_STACK,\n            status = \u0027Failed\u0027\n        WHERE id = 1;\n        COMMIT;\nEND;\n"
      }
     ,"Execution":{
        "Sequence":10
       ,"Point":"Processing"
       ,"Run Process":"Once Per Page Visit (default)"
      }
     ,"Error":{
        "Display Location":"Inline in Notification"
      }
     ,"Server-side Condition":{
        "When Button Pressed":"RUN_DETECTION (129149497130940610)"
      }
    }
  ]
}
