{
  "id":"7"
 ,"Identification":{
    "Name":"Ask ChatGPT "
   ,"Alias":"CHAT-GPT-TEST"
   ,"Title":"Ask ChatGPT"
  }
 ,"Appearance":{
    "Page Mode":"Normal"
   ,"Page Template":"Theme Default"
   ,"Template Options":[
      "#DEFAULT#"
    ]
  }
 ,"Navigation Menu":{
    "Override User Interface Level":false
  }
 ,"Navigation":{
    "Cursor Focus":"Do not focus cursor"
   ,"Warn on Unsaved Changes":true
  }
 ,"Security":{
    "Authentication":"Page Is Public"
   ,"Deep Linking":"Application Default"
   ,"Page Access Protection":"Arguments Must Have Checksum"
   ,"Form Auto Complete":"Off"
   ,"Browser Cache":"Application Default"
  }
 ,"Session Management":{
    "Rejoin Sessions":"Application Default"
  }
 ,"Advanced":{
    "Enable Meta Tags":false
   ,"Enable duplicate page submissions":"Yes - Enable page to be re-posted"
   ,"Reload on Submit":"Only for Success"
  }
 ,"Server Cache":{
    "Caching":"Disabled"
  }
 ,"Page Items":[
    {
      "id":"129149891364940614"
     ,"Identification":{
        "Name":"P7_ANSWER"
       ,"Type":"Textarea"
      }
     ,"Label":{
        "Label":"Answer"
       ,"Alignment":"Left"
      }
     ,"Settings":{
        "Resizable":true
       ,"Auto-Height":false
       ,"Character Counter":false
       ,"Trim Spaces":"Leading and Trailing"
      }
     ,"Layout":{
        "Sequence":10
       ,"Region":"No Parent"
       ,"Position":"BODY"
       ,"Alignment":"Left"
       ,"Start New Layout":false
       ,"Start New Row":true
       ,"Column":"Automatic"
       ,"New Column":true
       ,"Column Span":"Automatic"
       ,"Label Column Span":"Page Template Default"
      }
     ,"Appearance":{
        "Template":"Optional - Floating (127882895985976781)"
       ,"Template Options":[
          "#DEFAULT#"
        ]
       ,"Width":30
       ,"Height":5
      }
     ,"Validation":{
        "Value Required":false
      }
     ,"Advanced":{
        "Warn on Unsaved Changes":"Page Default"
      }
     ,"Source":{
        "Type":"Null"
       ,"Used":"Only when current value in session state is null"
      }
     ,"Session State":{
        "Data Type":"VARCHAR2"
       ,"Storage":"Per Session (Persistent)"
      }
     ,"Quick Picks":{
        "Show Quick Picks":false
      }
     ,"Security":{
        "Session State Protection":"Unrestricted"
       ,"Store value encrypted in session state":true
       ,"Restricted Characters":"All characters can be saved."
      }
    }
   ,{
      "id":"129149924838940615"
     ,"Identification":{
        "Name":"P7_QUESTION"
       ,"Type":"Text Field"
      }
     ,"Label":{
        "Label":"Ask me an hsse question....I\u0027ll answer above"
       ,"Alignment":"Left"
      }
     ,"Settings":{
        "Subtype":"Text"
       ,"Trim Spaces":"Leading and Trailing"
       ,"Text Case":"NO CHANGE"
       ,"Submit when Enter pressed":false
       ,"Disabled":false
      }
     ,"Layout":{
        "Sequence":20
       ,"Region":"No Parent"
       ,"Position":"BODY"
       ,"Alignment":"Left"
       ,"Start New Layout":false
       ,"Start New Row":false
       ,"Column":"Automatic"
       ,"New Column":false
       ,"Column Span":"Automatic"
       ,"Label Column Span":"Page Template Default"
      }
     ,"Appearance":{
        "Template":"Optional - Floating (127882895985976781)"
       ,"Template Options":[
          "#DEFAULT#"
        ]
       ,"Width":30
      }
     ,"Validation":{
        "Value Required":false
      }
     ,"Advanced":{
        "Warn on Unsaved Changes":"Page Default"
      }
     ,"Source":{
        "Type":"Null"
       ,"Used":"Only when current value in session state is null"
      }
     ,"Session State":{
        "Storage":"Per Session (Persistent)"
      }
     ,"Quick Picks":{
        "Show Quick Picks":false
      }
     ,"Security":{
        "Session State Protection":"Unrestricted"
       ,"Store value encrypted in session state":true
       ,"Restricted Characters":"All characters can be saved."
      }
    }
  ]
 ,"Buttons":[
    {
      "id":"129150020488940616"
     ,"Identification":{
        "Button Name":"ASK_QUESTION"
       ,"Label":"Ask Question"
      }
     ,"Layout":{
        "Sequence":40
       ,"Region":"No Parent"
       ,"Position":"BODY"
       ,"Start New Layout":false
       ,"Start New Row":true
       ,"Column":"Automatic"
       ,"New Column":true
       ,"Column Span":"Automatic"
       ,"Alignment":"Left center"
      }
     ,"Appearance":{
        "Button Template":"Text with Icon (127885498762976787)"
       ,"Hot":true
       ,"Template Options":[
          "#DEFAULT#"
         ,"t-Button--iconLeft"
        ]
      }
     ,"Behavior":{
        "Action":"Defined by Dynamic Action"
       ,"Execute Validations":true
      }
    }
  ]
 ,"Dynamic Actions":[
    {
      "id":"129150155665940617"
     ,"Identification":{
        "Name":"New"
      }
     ,"Execution":{
        "Sequence":10
       ,"Event Scope":"Static"
       ,"Type":"Immediate"
      }
     ,"When":{
        "Event":"EVENT.EVENT.BROWSER.CLICK"
       ,"Selection Type":"Button"
       ,"Button":"ASK_QUESTION (129150020488940616)"
      }
     ,"Actions":[
        {
          "id":"129150276297940618"
         ,"Identification":{
            "Action":"Execute Server-side Code"
          }
         ,"Settings":{
            "Language":"PE.PROPERTY.SOURCE_SNIPPET_LANG.LOV.PLSQL.D"
           ,"PL\/SQL Code":"BEGIN\n    :P7_ANSWER := ask_chatgpt(:P7_QUESTION, :AI_API_KEY);\n\nEND;\n"
           ,"Items to Submit":[
              "P7_QUESTION"
             ,"AI_API_KEY"
            ]
           ,"Items to Return":[
              "P7_ANSWER"
            ]
           ,"Suppress Change Event":false
          }
         ,"Execution":{
            "Sequence":10
           ,"Event":"New (129150155665940617)"
           ,"Fire When Event Result Is":"True"
           ,"Fire on Initialization":false
           ,"Stop Execution On Error":true
           ,"Wait For Result":true
          }
        }
      ]
    }
  ]
}
