{
  "id":"20"
 ,"Identification":{
    "Name":"Challenge Dashboard"
   ,"Alias":"CHALLENGE-DASHBOARD"
   ,"Title":"Challenge Dashboard"
  }
 ,"Appearance":{
    "Page Mode":"Normal"
   ,"Page Template":"Theme Default"
   ,"Template Options":[
      "#DEFAULT#"
    ]
  }
 ,"Navigation Menu":{
    "Override User Interface Level":false
  }
 ,"Navigation":{
    "Cursor Focus":"Do not focus cursor"
   ,"Warn on Unsaved Changes":true
  }
 ,"Security":{
    "Authentication":"Page Requires Authentication"
   ,"Deep Linking":"Application Default"
   ,"Page Access Protection":"Arguments Must Have Checksum"
   ,"Form Auto Complete":"Off"
   ,"Browser Cache":"Application Default"
  }
 ,"Session Management":{
    "Rejoin Sessions":"Application Default"
  }
 ,"Advanced":{
    "Enable duplicate page submissions":"Yes - Enable page to be re-posted"
   ,"Reload on Submit":"Only for Success"
  }
 ,"Server Cache":{
    "Caching":"Disabled"
  }
 ,"Regions":[
    {
      "id":"129468050369817584"
     ,"Identification":{
        "Title":"Breadcrumb"
       ,"Type":"Breadcrumb"
      }
     ,"Source":{
        "Breadcrumb":"Breadcrumb (127708887208976605)"
      }
     ,"Layout":{
        "Sequence":10
       ,"Parent Region":"No Parent"
       ,"Position":"REGION_POSITION_01"
       ,"Start New Layout":false
       ,"Start New Row":true
       ,"Column":"Automatic"
       ,"New Column":true
       ,"Column Span":"Automatic"
      }
     ,"Appearance":{
        "Template":"Title Bar (127781995781976697)"
       ,"Template Options":[
          "#DEFAULT#"
         ,"t-BreadcrumbRegion--useBreadcrumbTitle"
        ]
       ,"Render Components":"Above Content"
      }
     ,"Accessibility":{
        "Use Landmark":true
       ,"Landmark Type":"Template Default"
      }
     ,"Advanced":{
        "Region Display Selector":false
       ,"Exclude Title from Translation":false
      }
     ,"Server Cache":{
        "Caching":"Disabled"
      }
     ,"Customization":{
        "Customizable":"Not Customizable By End Users"
      }
     ,"Attributes":{
        "Appearance":{
          "Breadcrumb Template":"Breadcrumb (127886952360976789)"
         ,"Template Options":[
            "#DEFAULT#"
          ]
        }
      }
    }
   ,{
      "id":"129468706835817589"
     ,"Identification":{
        "Title":"Challenge Dashboard"
       ,"Type":"Chart"
      }
     ,"Layout":{
        "Sequence":10
       ,"Parent Region":"No Parent"
       ,"Position":"BODY"
       ,"Start New Layout":false
       ,"Start New Row":true
       ,"Column":"Automatic"
       ,"New Column":true
       ,"Column Span":"Automatic"
      }
     ,"Appearance":{
        "Template":"Standard (127820918811976719)"
       ,"Template Options":[
          "#DEFAULT#"
         ,"t-Region--scrollBody"
        ]
       ,"Render Components":"Above Content"
      }
     ,"Accessibility":{
        "Use Landmark":true
       ,"Landmark Type":"Template Default"
      }
     ,"Advanced":{
        "Region Display Selector":false
       ,"Exclude Title from Translation":false
      }
     ,"Security":{
        "Escape special characters":false
      }
     ,"Server Cache":{
        "Caching":"Disabled"
      }
     ,"Customization":{
        "Customizable":"Not Customizable By End Users"
      }
     ,"Attributes":{
        "id":"129469103924817589"
       ,"Chart":{
          "Type":"Bar"
        }
       ,"Appearance":{
          "Orientation":"Vertical"
         ,"Stack":false
        }
       ,"Layout":{
          "Height":400
        }
       ,"Data Cursor":{
          "Cursor":"Automatic"
         ,"Behavior":"Automatic"
         ,"Dim On Hover":true
        }
       ,"Multi-Series Chart Data":{
          "Fill Gaps in Chart Data":true
         ,"Sort Order":"Label - Ascending"
         ,"Render Gap as Zero":true
        }
       ,"Settings":{
          "Zoom and Scroll":"No"
        }
       ,"Animation":{
          "On Display":"Automatic"
         ,"On Data Change":"Automatic"
        }
       ,"Tooltip":{
          "Show":true
         ,"Show Series Name":true
         ,"Show Group Name":true
         ,"Show Value":true
        }
       ,"Legend":{
          "Show":false
        }
       ,"Series":[
          {
            "id":"129470856286817593"
           ,"Identification":{
              "Name":"Series 1"
            }
           ,"Execution":{
              "Sequence":10
            }
           ,"Source":{
              "Location":"Local Database"
             ,"Type":"SQL Query"
             ,"SQL Query":"SELECT\r\n  industry,\r\n  COUNT(*) AS participant_count\r\nFROM hsse_quiz_session\r\nGROUP BY industry\r\nORDER BY participant_count DESC;"
            }
           ,"Column Mapping":{
              "Label":"INDUSTRY"
             ,"Value":"PARTICIPANT_COUNT"
             ,"Label Tooltip":"INDUSTRY"
            }
           ,"Appearance":{
              "Assigned To Y2 Axis":false
            }
           ,"Label":{
              "Show":true
             ,"Position":"Automatic"
            }
          }
        ]
       ,"Axes":[
          {
            "id":"129469644520817592"
           ,"Identification":{
              "Name":"x"
             ,"Show Axis":true
            }
           ,"Value":{
              "Format Scaling":"Automatic"
             ,"Baseline Scaling":"Zero"
             ,"Scale":"Linear"
            }
           ,"Major Ticks":{
              "Show":"Automatic"
            }
           ,"Minor Ticks":{
            }
           ,"Tick Label":{
              "Show":true
             ,"Rotation":true
             ,"Position":"Outside"
            }
          }
         ,{
            "id":"129470204518817593"
           ,"Identification":{
              "Name":"y"
             ,"Show Axis":true
            }
           ,"Value":{
              "Format":"Decimal"
             ,"Decimal Places":0
             ,"Format Scaling":"None"
             ,"Baseline Scaling":"Zero"
             ,"Scale":"Linear"
            }
           ,"Appearance":{
              "Position":"Automatic"
            }
           ,"Major Ticks":{
              "Show":"Automatic"
            }
           ,"Minor Ticks":{
            }
           ,"Tick Label":{
              "Show":true
            }
          }
        ]
      }
    }
  ]
}
