{
  "id":"12"
 ,"Identification":{
    "Name":"Keyword Details"
   ,"Alias":"KEYWORD-DETAILS"
   ,"Title":"Keyword Details"
  }
 ,"Appearance":{
    "Page Mode":"Modal Dialog"
   ,"Dialog Template":"Drawer (127709613026976630)"
   ,"Template Options":[
      "#DEFAULT#"
     ,"js-dialog-class-t-Drawer--pullOutEnd"
    ]
  }
 ,"Dialog":{
    "Chained":false
  }
 ,"Navigation Menu":{
    "Override User Interface Level":false
  }
 ,"Navigation":{
    "Cursor Focus":"Do not focus cursor"
   ,"Warn on Unsaved Changes":true
  }
 ,"Security":{
    "Authentication":"Page Requires Authentication"
   ,"Deep Linking":"Application Default"
   ,"Page Access Protection":"Arguments Must Have Checksum"
   ,"Form Auto Complete":"Off"
   ,"Browser Cache":"Application Default"
  }
 ,"Session Management":{
    "Rejoin Sessions":"Application Default"
  }
 ,"Advanced":{
    "Enable duplicate page submissions":"Yes - Enable page to be re-posted"
   ,"Reload on Submit":"Only for Success"
  }
 ,"Server Cache":{
    "Caching":"Disabled"
  }
 ,"Regions":[
    {
      "id":"129228659674341433"
     ,"Identification":{
        "Title":"Keyword Details"
       ,"Type":"Form"
      }
     ,"Source":{
        "Location":"Local Database"
       ,"Type":"Table \/ View"
       ,"Table Owner":"Parsing Schema"
       ,"Table Name":"HSSE_KEYWORDS"
       ,"Include ROWID Column":false
      }
     ,"Layout":{
        "Sequence":10
       ,"Parent Region":"No Parent"
       ,"Position":"BODY"
       ,"Start New Layout":false
       ,"Start New Row":true
       ,"Column":"Automatic"
       ,"New Column":true
       ,"Column Span":"Automatic"
      }
     ,"Appearance":{
        "Template":"Blank with Attributes (127830794900976723)"
       ,"Template Options":[
          "#DEFAULT#"
        ]
       ,"Render Components":"Above Content"
      }
     ,"Accessibility":{
        "Use Landmark":true
       ,"Landmark Type":"Template Default"
      }
     ,"Advanced":{
        "Region Display Selector":false
       ,"Exclude Title from Translation":false
      }
     ,"Server Cache":{
        "Caching":"Disabled"
      }
     ,"Customization":{
        "Customizable":"Not Customizable By End Users"
      }
     ,"Attributes":{
        "Edit":{
          "Enabled":true
         ,"Allowed Operations":[
            "Add Row"
           ,"Update Row"
           ,"Delete Row"
          ]
         ,"Lost Update Type":"Row Values"
        }
      }
    }
   ,{
      "id":"129231802751341449"
     ,"Identification":{
        "Title":"Buttons"
       ,"Type":"Static Content"
      }
     ,"Layout":{
        "Sequence":20
       ,"Parent Region":"No Parent"
       ,"Position":"REGION_POSITION_03"
       ,"Start New Layout":false
       ,"Start New Row":true
       ,"Column":"Automatic"
       ,"New Column":true
       ,"Column Span":"Automatic"
      }
     ,"Appearance":{
        "Template":"Buttons Container (127773077670976695)"
       ,"Template Options":[
          "#DEFAULT#"
        ]
       ,"Render Components":"Above Content"
      }
     ,"Accessibility":{
        "Use Landmark":true
       ,"Landmark Type":"Template Default"
      }
     ,"Advanced":{
        "Region Display Selector":false
       ,"Exclude Title from Translation":false
      }
     ,"Server Cache":{
        "Caching":"Disabled"
      }
     ,"Customization":{
        "Customizable":"Not Customizable By End Users"
      }
     ,"Attributes":{
        "Settings":{
          "Output As":"Text (escape special characters)"
         ,"Show Line Breaks":true
        }
      }
    }
  ]
 ,"Page Items":[
    {
      "id":"129229016297341436"
     ,"Identification":{
        "Name":"P12_ID"
       ,"Type":"Hidden"
      }
     ,"Settings":{
        "Value Protected":true
      }
     ,"Layout":{
        "Sequence":10
       ,"Region":"Keyword Details (129228659674341433)"
       ,"Position":"BODY"
      }
     ,"Advanced":{
        "Warn on Unsaved Changes":"Page Default"
      }
     ,"Source":{
        "Form Region":"Keyword Details (129228659674341433)"
       ,"Column":"ID"
       ,"Data Type":"NUMBER"
       ,"Query Only":true
       ,"Primary Key":true
      }
     ,"Session State":{
        "Data Type":"VARCHAR2"
       ,"Storage":"Per Request (Memory Only)"
      }
     ,"Security":{
        "Session State Protection":"Checksum Required - Session Level"
       ,"Store value encrypted in session state":true
       ,"Restricted Characters":"All characters can be saved."
      }
    }
   ,{
      "id":"129229406529341444"
     ,"Identification":{
        "Name":"P12_KEYWORD"
       ,"Type":"Text Field"
      }
     ,"Label":{
        "Label":"Keyword"
       ,"Alignment":"Right"
      }
     ,"Settings":{
        "Subtype":"Text"
       ,"Trim Spaces":"None"
       ,"Text Case":"NO CHANGE"
       ,"Submit when Enter pressed":false
       ,"Disabled":false
      }
     ,"Layout":{
        "Sequence":20
       ,"Region":"Keyword Details (129228659674341433)"
       ,"Position":"BODY"
       ,"Alignment":"Left"
       ,"Start New Layout":false
       ,"Start New Row":true
       ,"Column":"Automatic"
       ,"New Column":true
       ,"Column Span":"Automatic"
       ,"Label Column Span":"Page Template Default"
      }
     ,"Appearance":{
        "Template":"Required - Floating (127884141288976783)"
       ,"Template Options":[
          "#DEFAULT#"
        ]
       ,"Width":32
      }
     ,"Validation":{
        "Value Required":true
       ,"Maximum Length":100
      }
     ,"Advanced":{
        "Warn on Unsaved Changes":"Page Default"
      }
     ,"Source":{
        "Form Region":"Keyword Details (129228659674341433)"
       ,"Column":"KEYWORD"
       ,"Data Type":"VARCHAR2"
       ,"Query Only":false
       ,"Primary Key":false
      }
     ,"Session State":{
        "Storage":"Per Request (Memory Only)"
      }
     ,"Quick Picks":{
        "Show Quick Picks":false
      }
     ,"Security":{
        "Session State Protection":"Unrestricted"
       ,"Store value encrypted in session state":true
       ,"Restricted Characters":"All characters can be saved."
      }
    }
   ,{
      "id":"129229805912341447"
     ,"Identification":{
        "Name":"P12_CATEGORY"
       ,"Type":"Text Field"
      }
     ,"Label":{
        "Label":"Category"
       ,"Alignment":"Left"
      }
     ,"Settings":{
        "Subtype":"Text"
       ,"Trim Spaces":"None"
       ,"Text Case":"NO CHANGE"
       ,"Submit when Enter pressed":false
       ,"Disabled":false
      }
     ,"Layout":{
        "Sequence":30
       ,"Region":"Keyword Details (129228659674341433)"
       ,"Position":"BODY"
       ,"Alignment":"Left"
       ,"Start New Layout":false
       ,"Start New Row":false
       ,"Column":"Automatic"
       ,"New Column":true
       ,"Column Span":"Automatic"
       ,"Label Column Span":"Page Template Default"
      }
     ,"Appearance":{
        "Template":"Optional - Floating (127882895985976781)"
       ,"Template Options":[
          "#DEFAULT#"
        ]
       ,"Width":32
      }
     ,"Validation":{
        "Value Required":false
       ,"Maximum Length":50
      }
     ,"Advanced":{
        "Warn on Unsaved Changes":"Page Default"
      }
     ,"Source":{
        "Form Region":"Keyword Details (129228659674341433)"
       ,"Column":"CATEGORY"
       ,"Data Type":"VARCHAR2"
       ,"Query Only":false
       ,"Primary Key":false
      }
     ,"Session State":{
        "Storage":"Per Request (Memory Only)"
      }
     ,"Quick Picks":{
        "Show Quick Picks":false
      }
     ,"Security":{
        "Session State Protection":"Unrestricted"
       ,"Store value encrypted in session state":true
       ,"Restricted Characters":"All characters can be saved."
      }
    }
   ,{
      "id":"129230296804341447"
     ,"Identification":{
        "Name":"P12_ACTIVE"
       ,"Type":"Switch"
      }
     ,"Label":{
        "Label":"Active"
       ,"Alignment":"Left"
      }
     ,"Settings":{
        "Use Defaults":true
      }
     ,"Layout":{
        "Sequence":50
       ,"Region":"Keyword Details (129228659674341433)"
       ,"Position":"BODY"
       ,"Alignment":"Left"
       ,"Start New Layout":false
       ,"Start New Row":true
       ,"Column":"Automatic"
       ,"New Column":true
       ,"Column Span":"Automatic"
       ,"Label Column Span":"Page Template Default"
      }
     ,"Appearance":{
        "Template":"Optional - Floating (127882895985976781)"
       ,"Template Options":[
          "#DEFAULT#"
        ]
      }
     ,"Validation":{
        "Value Required":false
      }
     ,"Advanced":{
        "Warn on Unsaved Changes":"Page Default"
      }
     ,"Source":{
        "Form Region":"Keyword Details (129228659674341433)"
       ,"Column":"ACTIVE"
       ,"Data Type":"VARCHAR2"
       ,"Query Only":false
       ,"Primary Key":false
      }
     ,"Default":{
        "Type":"Static"
       ,"Static Value":"Y"
      }
     ,"Session State":{
        "Storage":"Per Request (Memory Only)"
      }
     ,"Security":{
        "Session State Protection":"Unrestricted"
       ,"Store value encrypted in session state":true
       ,"Restricted Characters":"All characters can be saved."
      }
    }
  ]
 ,"Buttons":[
    {
      "id":"129232236653341449"
     ,"Identification":{
        "Button Name":"CANCEL"
       ,"Label":"Cancel"
      }
     ,"Layout":{
        "Sequence":10
       ,"Region":"Buttons (129231802751341449)"
       ,"Position":"CLOSE"
       ,"Start New Layout":false
       ,"Start New Row":true
       ,"Column":"Automatic"
       ,"New Column":true
       ,"Column Span":"Automatic"
      }
     ,"Appearance":{
        "Button Template":"Text (127885381033976787)"
       ,"Hot":false
       ,"Template Options":[
          "#DEFAULT#"
        ]
      }
     ,"Behavior":{
        "Action":"Defined by Dynamic Action"
       ,"Execute Validations":true
      }
    }
   ,{
      "id":"129233676483341456"
     ,"Identification":{
        "Button Name":"DELETE"
       ,"Label":"Delete"
      }
     ,"Layout":{
        "Sequence":20
       ,"Region":"Buttons (129231802751341449)"
       ,"Position":"DELETE"
       ,"Start New Layout":false
       ,"Start New Row":true
       ,"Column":"Automatic"
       ,"New Column":true
       ,"Column Span":"Automatic"
      }
     ,"Appearance":{
        "Button Template":"Text (127885381033976787)"
       ,"Hot":false
       ,"Template Options":[
          "#DEFAULT#"
        ]
      }
     ,"Behavior":{
        "Action":"Submit Page"
       ,"Execute Validations":false
       ,"Warn on Unsaved Changes":"Do Not Check"
       ,"Database Action":"SQL DELETE action"
      }
     ,"Confirmation":{
        "Message":"\u0026APP_TEXT$DELETE_MSG!RAW."
       ,"Style":"Danger"
      }
     ,"Server-side Condition":{
        "Type":"Item is NOT NULL"
       ,"Item":"P12_ID"
      }
    }
   ,{
      "id":"129234079612341456"
     ,"Identification":{
        "Button Name":"SAVE"
       ,"Label":"Apply Changes"
      }
     ,"Layout":{
        "Sequence":30
       ,"Region":"Buttons (129231802751341449)"
       ,"Position":"NEXT"
       ,"Start New Layout":false
       ,"Start New Row":true
       ,"Column":"Automatic"
       ,"New Column":true
       ,"Column Span":"Automatic"
      }
     ,"Appearance":{
        "Button Template":"Text (127885381033976787)"
       ,"Hot":true
       ,"Template Options":[
          "#DEFAULT#"
        ]
      }
     ,"Behavior":{
        "Action":"Submit Page"
       ,"Execute Validations":true
       ,"Warn on Unsaved Changes":"Do Not Check"
       ,"Database Action":"SQL UPDATE action"
      }
     ,"Server-side Condition":{
        "Type":"Item is NOT NULL"
       ,"Item":"P12_ID"
      }
    }
   ,{
      "id":"129234440225341456"
     ,"Identification":{
        "Button Name":"CREATE"
       ,"Label":"Create"
      }
     ,"Layout":{
        "Sequence":40
       ,"Region":"Buttons (129231802751341449)"
       ,"Position":"NEXT"
       ,"Start New Layout":false
       ,"Start New Row":true
       ,"Column":"Automatic"
       ,"New Column":true
       ,"Column Span":"Automatic"
      }
     ,"Appearance":{
        "Button Template":"Text (127885381033976787)"
       ,"Hot":true
       ,"Template Options":[
          "#DEFAULT#"
        ]
      }
     ,"Behavior":{
        "Action":"Submit Page"
       ,"Execute Validations":true
       ,"Warn on Unsaved Changes":"Do Not Check"
       ,"Database Action":"SQL INSERT action"
      }
     ,"Server-side Condition":{
        "Type":"Item is NULL"
       ,"Item":"P12_ID"
      }
    }
  ]
 ,"Dynamic Actions":[
    {
      "id":"129232350397341449"
     ,"Identification":{
        "Name":"Cancel Dialog"
      }
     ,"Execution":{
        "Sequence":10
       ,"Event Scope":"Static"
       ,"Type":"Immediate"
      }
     ,"When":{
        "Event":"EVENT.EVENT.BROWSER.CLICK"
       ,"Selection Type":"Button"
       ,"Button":"CANCEL (129232236653341449)"
      }
     ,"Actions":[
        {
          "id":"129233192117341454"
         ,"Identification":{
            "Action":"Cancel Dialog"
          }
         ,"Execution":{
            "Sequence":10
           ,"Event":"Cancel Dialog (129232350397341449)"
           ,"Fire When Event Result Is":"True"
           ,"Fire on Initialization":false
          }
        }
      ]
    }
  ]
 ,"Processes":[
    {
      "id":"129234893956341458"
     ,"Identification":{
        "Name":"Initialize form Keyword Details"
       ,"Type":"Form - Initialization"
       ,"Execution Chain":"None"
       ,"Form Region":"Keyword Details (129228659674341433)"
      }
     ,"Execution":{
        "Sequence":10
       ,"Point":"Before Header"
       ,"Run Process":"Once Per Page Visit (default)"
      }
    }
   ,{
      "id":"129235261137341459"
     ,"Identification":{
        "Name":"Process form Keyword Details"
       ,"Type":"Form - Automatic Row Processing (DML)"
       ,"Execution Chain":"None"
       ,"Form Region":"Keyword Details (129228659674341433)"
      }
     ,"Settings":{
        "Target Type":"Region Source"
       ,"Prevent Lost Updates":true
       ,"Lock Row":"Yes"
       ,"Return Primary Key(s) after Insert":true
      }
     ,"Execution":{
        "Sequence":10
       ,"Point":"Processing"
       ,"Run Process":"Once Per Page Visit (default)"
      }
     ,"Error":{
        "Display Location":"Inline in Notification"
      }
    }
   ,{
      "id":"129235636696341459"
     ,"Identification":{
        "Name":"Close Dialog"
       ,"Type":"Close Dialog"
       ,"Execution Chain":"None"
      }
     ,"Settings":{
        "Show Success Messages":true
      }
     ,"Execution":{
        "Sequence":50
       ,"Point":"Processing"
       ,"Run Process":"Once Per Page Visit (default)"
      }
     ,"Error":{
        "Display Location":"Inline in Notification"
      }
     ,"Server-side Condition":{
        "Type":"Request is contained in Value"
       ,"Value":"CREATE,SAVE,DELETE"
      }
    }
  ]
}
