[
  {
    "id":"128335397467295308"
   ,"Identification":{
      "File Name":"icons\/app-icon-32.png"
    }
   ,"Attributes":{
      "Mime Type":"image\/png"
     ,"File Character Set":"Unicode UTF-8"
    }
  }
 ,{
    "id":"128335635892295310"
   ,"Identification":{
      "File Name":"icons\/app-icon-144-rounded.png"
    }
   ,"Attributes":{
      "Mime Type":"image\/png"
     ,"File Character Set":"Unicode UTF-8"
    }
  }
 ,{
    "id":"128335938346295311"
   ,"Identification":{
      "File Name":"icons\/app-icon-192.png"
    }
   ,"Attributes":{
      "Mime Type":"image\/png"
     ,"File Character Set":"Unicode UTF-8"
    }
  }
 ,{
    "id":"128336250980295311"
   ,"Identification":{
      "File Name":"icons\/app-icon-256-rounded.png"
    }
   ,"Attributes":{
      "Mime Type":"image\/png"
     ,"File Character Set":"Unicode UTF-8"
    }
  }
 ,{
    "id":"128336550610295311"
   ,"Identification":{
      "File Name":"icons\/app-icon-512.png"
    }
   ,"Attributes":{
      "Mime Type":"image\/png"
     ,"File Character Set":"Unicode UTF-8"
    }
  }
 ,{
    "id":"129073937233829026"
   ,"Identification":{
      "File Name":"guard bg.jpg"
    }
   ,"Attributes":{
      "Mime Type":"image\/jpeg"
     ,"File Character Set":"Unicode UTF-8"
    }
  }
 ,{
    "id":"129123587131743058"
   ,"Identification":{
      "File Name":"main-bg.jpg"
    }
   ,"Attributes":{
      "Mime Type":"image\/jpeg"
     ,"File Character Set":"Unicode UTF-8"
    }
  }
 ,{
    "id":"129466038480724663"
   ,"Identification":{
      "File Name":"high-risk-profile.png"
    }
   ,"Attributes":{
      "Mime Type":"image\/png"
     ,"File Character Set":"Unicode UTF-8"
    }
  }
 ,{
    "id":"129466242416724672"
   ,"Identification":{
      "File Name":"room-for-growth.png"
    }
   ,"Attributes":{
      "Mime Type":"image\/png"
     ,"File Character Set":"Unicode UTF-8"
    }
  }
 ,{
    "id":"129466582261724673"
   ,"Identification":{
      "File Name":"safety-guardian.png"
    }
   ,"Attributes":{
      "Mime Type":"image\/png"
     ,"File Character Set":"Unicode UTF-8"
    }
  }
]
