[
  {
    "id":"128045065582294669"
   ,"Identification":{
      "Name":"Breadcrumb"
    }
   ,"Entries":[
      {
        "id":"128045261378294671"
       ,"Identification":{
          "Name":"Home"
         ,"Page Number":"1"
        }
       ,"Execution":{
          "Sequence":10
        }
       ,"Link":{
          "Target":{
            "url":"f?p=\u0026APP_ID.:1:\u0026APP_SESSION.::\u0026DEBUG.:::"
           ,"Page":"1"
          }
        }
      }
     ,{
        "id":"129080291355025653"
       ,"Identification":{
          "Name":"test map"
         ,"Page Number":"4"
        }
       ,"Execution":{
          "Sequence":10
        }
       ,"Link":{
          "Target":{
            "url":"f?p=\u0026APP_ID.:4:\u0026APP_SESSION.::\u0026DEBUG.:::"
           ,"Page":"4"
          }
        }
      }
    ]
  }
]
