[
  {
    "id":"128045496793294675"
   ,"Identification":{
      "Name":"Navigation Menu"
    }
   ,"Source":{
      "Type":"Static Values"
    }
   ,"Entries":[
      {
        "id":"128344885151295356"
       ,"Label":{
          "Label":"Home"
        }
       ,"Icon":{
          "Image\/Icon CSS Classes":"fa-home"
        }
       ,"Layout":{
          "Sequence":10
        }
       ,"Is Current":{
          "Type":"Target Page"
        }
       ,"Link":{
          "Target":{
            "url":"f?p=\u0026APP_ID.:1:\u0026APP_SESSION.::\u0026DEBUG.:::"
           ,"Page":"1"
          }
        }
       ,"Click Counting":{
          "Count Clicks":false
        }
       ,"User Defined Attributes":{
          "Translatable":false
        }
      }
     ,{
        "id":"129079318050025645"
       ,"Label":{
          "Label":"test map"
        }
       ,"Icon":{
          "Image\/Icon CSS Classes":"fa-map-marker"
        }
       ,"Layout":{
          "Sequence":20
        }
       ,"Is Current":{
          "Type":"Pages"
         ,"Pages":[
            "4"
          ]
        }
       ,"Link":{
          "Target":{
            "url":"f?p=\u0026APP_ID.:4:\u0026APP_SESSION.::\u0026DEBUG.:::"
           ,"Page":"4"
          }
        }
       ,"Click Counting":{
          "Count Clicks":false
        }
       ,"User Defined Attributes":{
          "Translatable":false
        }
      }
    ]
  }
 ,{
    "id":"128334388568295293"
   ,"Identification":{
      "Name":"Navigation Bar"
    }
   ,"Source":{
      "Type":"Static Values"
    }
   ,"Entries":[
      {
        "id":"128346375393295371"
       ,"Label":{
          "Label":"\u0026APP_USER."
        }
       ,"Icon":{
          "Image\/Icon CSS Classes":"fa-user"
        }
       ,"Layout":{
          "Sequence":10
        }
       ,"Is Current":{
          "Type":"Target Page"
        }
       ,"Link":{
          "Target":"#"
        }
       ,"Click Counting":{
          "Count Clicks":false
        }
       ,"User Defined Attributes":{
          "Translatable":false
         ,"2.":"has-username"
        }
      }
     ,{
        "id":"128346835424295372"
       ,"Label":{
          "Label":"---"
        }
       ,"Layout":{
          "Sequence":20
         ,"Parent Entry":"\u0026APP_USER. (128346375393295371)"
        }
       ,"Is Current":{
          "Type":"Target Page"
        }
       ,"Link":{
          "Target":"separator"
        }
       ,"Click Counting":{
          "Count Clicks":false
        }
       ,"User Defined Attributes":{
          "Translatable":false
        }
       ,"Server-side Condition":{
          "Type":"User is Authenticated (not public)"
        }
      }
     ,{
        "id":"128347118802295374"
       ,"Label":{
          "Label":"Sign Out"
        }
       ,"Icon":{
          "Image\/Icon CSS Classes":"fa-sign-out"
        }
       ,"Layout":{
          "Sequence":30
         ,"Parent Entry":"\u0026APP_USER. (128346375393295371)"
        }
       ,"Is Current":{
          "Type":"Target Page"
        }
       ,"Link":{
          "Target":"\u0026LOGOUT_URL."
        }
       ,"Click Counting":{
          "Count Clicks":false
        }
       ,"User Defined Attributes":{
          "Translatable":false
        }
       ,"Server-side Condition":{
          "Type":"User is Authenticated (not public)"
        }
      }
     ,{
        "id":"128354125722372309"
       ,"Label":{
          "Label":"Install App"
        }
       ,"Icon":{
          "Image\/Icon CSS Classes":"fa-cloud-download"
        }
       ,"Layout":{
          "Sequence":1
        }
       ,"Is Current":{
          "Type":"Never"
        }
       ,"Link":{
          "Target":"#action$a-pwa-install"
        }
       ,"Click Counting":{
          "Count Clicks":false
        }
       ,"User Defined Attributes":{
          "Translatable":false
         ,"2.":"a-pwaInstall"
        }
      }
    ]
  }
]
