[
  {
    "id":"127975970693977054"
   ,"Identification":{
      "Template Type":"Region"
     ,"Name":"H1"
     ,"Identifier":"HEADING_LEVEL_H1"
     ,"Group":"Heading Level (127975703414977054)"
     ,"Sequence":10
    }
   ,"Settings":{
      "Advanced":false
    }
   ,"Appearance":{
      "CSS Classes":[
        "js-headingLevel-1"
      ]
    }
   ,"Help":{
      "Help Text":"H1"
    }
  }
 ,{
    "id":"127976188800977054"
   ,"Identification":{
      "Template Type":"Region"
     ,"Name":"H2"
     ,"Identifier":"HEADING_LEVEL_H2"
     ,"Group":"Heading Level (127975703414977054)"
     ,"Sequence":20
    }
   ,"Settings":{
      "Advanced":false
    }
   ,"Appearance":{
      "CSS Classes":[
        "js-headingLevel-2"
      ]
    }
   ,"Help":{
      "Help Text":"H2"
    }
  }
 ,{
    "id":"127976305253977054"
   ,"Identification":{
      "Template Type":"Region"
     ,"Name":"H3"
     ,"Identifier":"HEADING_LEVEL_H3"
     ,"Group":"Heading Level (127975703414977054)"
     ,"Sequence":30
    }
   ,"Settings":{
      "Advanced":false
    }
   ,"Appearance":{
      "CSS Classes":[
        "js-headingLevel-3"
      ]
    }
   ,"Help":{
      "Help Text":"H3"
    }
  }
 ,{
    "id":"127976554851977054"
   ,"Identification":{
      "Template Type":"Region"
     ,"Name":"H4"
     ,"Identifier":"H4"
     ,"Group":"Heading Level (127975703414977054)"
     ,"Sequence":40
    }
   ,"Settings":{
      "Advanced":false
    }
   ,"Appearance":{
      "CSS Classes":[
        "js-headingLevel-4"
      ]
    }
   ,"Help":{
      "Help Text":"H4"
    }
  }
 ,{
    "id":"127976750210977054"
   ,"Identification":{
      "Template Type":"Region"
     ,"Name":"H5"
     ,"Identifier":"HEADING_LEVEL_H5"
     ,"Group":"Heading Level (127975703414977054)"
     ,"Sequence":50
    }
   ,"Settings":{
      "Advanced":false
    }
   ,"Appearance":{
      "CSS Classes":[
        "js-headingLevel-5"
      ]
    }
   ,"Help":{
      "Help Text":"H5"
    }
  }
 ,{
    "id":"127976937608977054"
   ,"Identification":{
      "Template Type":"Region"
     ,"Name":"H6"
     ,"Identifier":"HEADING_LEVEL_H6"
     ,"Group":"Heading Level (127975703414977054)"
     ,"Sequence":60
    }
   ,"Settings":{
      "Advanced":false
    }
   ,"Appearance":{
      "CSS Classes":[
        "js-headingLevel-6"
      ]
    }
   ,"Help":{
      "Help Text":"H6"
    }
  }
 ,{
    "id":"127977373742977054"
   ,"Identification":{
      "Template Type":"Item"
     ,"Name":"Large"
     ,"Identifier":"FBM_LARGE"
     ,"Group":"Bottom Margin (127977101206977054)"
     ,"Sequence":40
    }
   ,"Settings":{
      "Advanced":false
    }
   ,"Appearance":{
      "CSS Classes":[
        "margin-bottom-lg"
      ]
    }
   ,"Help":{
      "Help Text":"Adds a large bottom margin for this field."
    }
  }
 ,{
    "id":"127977723689977055"
   ,"Identification":{
      "Template Type":"Region"
     ,"Name":"Large"
     ,"Identifier":"RBM_LARGE"
     ,"Group":"Bottom Margin (127977598550977055)"
     ,"Sequence":40
    }
   ,"Settings":{
      "Advanced":false
    }
   ,"Appearance":{
      "CSS Classes":[
        "margin-bottom-lg"
      ]
    }
   ,"Help":{
      "Help Text":"Adds a large bottom margin to the region."
    }
  }
 ,{
    "id":"127977923343977055"
   ,"Identification":{
      "Template Type":"Item"
     ,"Name":"Medium"
     ,"Identifier":"FBM_MEDIUM"
     ,"Group":"Bottom Margin (127977101206977054)"
     ,"Sequence":30
    }
   ,"Settings":{
      "Advanced":false
    }
   ,"Appearance":{
      "CSS Classes":[
        "margin-bottom-md"
      ]
    }
   ,"Help":{
      "Help Text":"Adds a medium bottom margin for this field."
    }
  }
 ,{
    "id":"127978166672977055"
   ,"Identification":{
      "Template Type":"Region"
     ,"Name":"Medium"
     ,"Identifier":"RBM_MEDIUM"
     ,"Group":"Bottom Margin (127977598550977055)"
     ,"Sequence":30
    }
   ,"Settings":{
      "Advanced":false
    }
   ,"Appearance":{
      "CSS Classes":[
        "margin-bottom-md"
      ]
    }
   ,"Help":{
      "Help Text":"Adds a medium bottom margin to the region."
    }
  }
 ,{
    "id":"127978317142977055"
   ,"Identification":{
      "Template Type":"Item"
     ,"Name":"None"
     ,"Identifier":"FBM_NONE"
     ,"Group":"Bottom Margin (127977101206977054)"
     ,"Sequence":10
    }
   ,"Settings":{
      "Advanced":false
    }
   ,"Appearance":{
      "CSS Classes":[
        "margin-bottom-none"
      ]
    }
   ,"Help":{
      "Help Text":"Removes the bottom margin for this field."
    }
  }
 ,{
    "id":"127978540826977055"
   ,"Identification":{
      "Template Type":"Region"
     ,"Name":"None"
     ,"Identifier":"RBM_NONE"
     ,"Group":"Bottom Margin (127977598550977055)"
     ,"Sequence":10
    }
   ,"Settings":{
      "Advanced":false
    }
   ,"Appearance":{
      "CSS Classes":[
        "margin-bottom-none"
      ]
    }
   ,"Help":{
      "Help Text":"Removes the bottom margin for this region."
    }
  }
 ,{
    "id":"127978707186977055"
   ,"Identification":{
      "Template Type":"Item"
     ,"Name":"Small"
     ,"Identifier":"FBM_SMALL"
     ,"Group":"Bottom Margin (127977101206977054)"
     ,"Sequence":20
    }
   ,"Settings":{
      "Advanced":false
    }
   ,"Appearance":{
      "CSS Classes":[
        "margin-bottom-sm"
      ]
    }
   ,"Help":{
      "Help Text":"Adds a small bottom margin for this field."
    }
  }
 ,{
    "id":"127978996313977055"
   ,"Identification":{
      "Template Type":"Region"
     ,"Name":"Small"
     ,"Identifier":"RBM_SMALL"
     ,"Group":"Bottom Margin (127977598550977055)"
     ,"Sequence":20
    }
   ,"Settings":{
      "Advanced":false
    }
   ,"Appearance":{
      "CSS Classes":[
        "margin-bottom-sm"
      ]
    }
   ,"Help":{
      "Help Text":"Adds a small bottom margin to the region."
    }
  }
 ,{
    "id":"127979352080977055"
   ,"Identification":{
      "Template Type":"Item"
     ,"Name":"Large"
     ,"Identifier":"FLM_LARGE"
     ,"Group":"Left Margin (127979117962977055)"
     ,"Sequence":40
    }
   ,"Settings":{
      "Advanced":false
    }
   ,"Appearance":{
      "CSS Classes":[
        "margin-left-lg"
      ]
    }
   ,"Help":{
      "Help Text":"Adds a large left margin for this field."
    }
  }
 ,{
    "id":"127979717060977055"
   ,"Identification":{
      "Template Type":"Region"
     ,"Name":"Large"
     ,"Identifier":"RLM_LARGE"
     ,"Group":"Left Margin (127979540873977055)"
     ,"Sequence":40
    }
   ,"Settings":{
      "Advanced":false
    }
   ,"Appearance":{
      "CSS Classes":[
        "margin-left-lg"
      ]
    }
   ,"Help":{
      "Help Text":"Adds a large right margin to the region."
    }
  }
 ,{
    "id":"127979966515977055"
   ,"Identification":{
      "Template Type":"Item"
     ,"Name":"Medium"
     ,"Identifier":"FLM_MEDIUM"
     ,"Group":"Left Margin (127979117962977055)"
     ,"Sequence":30
    }
   ,"Settings":{
      "Advanced":false
    }
   ,"Appearance":{
      "CSS Classes":[
        "margin-left-md"
      ]
    }
   ,"Help":{
      "Help Text":"Adds a medium left margin for this field."
    }
  }
 ,{
    "id":"127980133291977055"
   ,"Identification":{
      "Template Type":"Region"
     ,"Name":"Medium"
     ,"Identifier":"RLM_MEDIUM"
     ,"Group":"Left Margin (127979540873977055)"
     ,"Sequence":30
    }
   ,"Settings":{
      "Advanced":false
    }
   ,"Appearance":{
      "CSS Classes":[
        "margin-left-md"
      ]
    }
   ,"Help":{
      "Help Text":"Adds a medium right margin to the region."
    }
  }
 ,{
    "id":"127980385104977055"
   ,"Identification":{
      "Template Type":"Item"
     ,"Name":"None"
     ,"Identifier":"FLM_NONE"
     ,"Group":"Left Margin (127979117962977055)"
     ,"Sequence":10
    }
   ,"Settings":{
      "Advanced":false
    }
   ,"Appearance":{
      "CSS Classes":[
        "margin-left-none"
      ]
    }
   ,"Help":{
      "Help Text":"Removes the left margin for this field."
    }
  }
 ,{
    "id":"127980523583977055"
   ,"Identification":{
      "Template Type":"Region"
     ,"Name":"None"
     ,"Identifier":"RLM_NONE"
     ,"Group":"Left Margin (127979540873977055)"
     ,"Sequence":10
    }
   ,"Settings":{
      "Advanced":false
    }
   ,"Appearance":{
      "CSS Classes":[
        "margin-left-none"
      ]
    }
   ,"Help":{
      "Help Text":"Removes the left margin from the region."
    }
  }
 ,{
    "id":"127980796617977056"
   ,"Identification":{
      "Template Type":"Item"
     ,"Name":"Small"
     ,"Identifier":"FLM_SMALL"
     ,"Group":"Left Margin (127979117962977055)"
     ,"Sequence":20
    }
   ,"Settings":{
      "Advanced":false
    }
   ,"Appearance":{
      "CSS Classes":[
        "margin-left-sm"
      ]
    }
   ,"Help":{
      "Help Text":"Adds a small left margin for this field."
    }
  }
 ,{
    "id":"127980982158977056"
   ,"Identification":{
      "Template Type":"Region"
     ,"Name":"Small"
     ,"Identifier":"RLM_SMALL"
     ,"Group":"Left Margin (127979540873977055)"
     ,"Sequence":20
    }
   ,"Settings":{
      "Advanced":false
    }
   ,"Appearance":{
      "CSS Classes":[
        "margin-left-sm"
      ]
    }
   ,"Help":{
      "Help Text":"Adds a small left margin to the region."
    }
  }
 ,{
    "id":"127981350003977056"
   ,"Identification":{
      "Template Type":"Item"
     ,"Name":"Large"
     ,"Identifier":"FRM_LARGE"
     ,"Group":"Right Margin (127981170907977056)"
     ,"Sequence":40
    }
   ,"Settings":{
      "Advanced":false
    }
   ,"Appearance":{
      "CSS Classes":[
        "margin-right-lg"
      ]
    }
   ,"Help":{
      "Help Text":"Adds a large right margin for this field."
    }
  }
 ,{
    "id":"127981786135977056"
   ,"Identification":{
      "Template Type":"Region"
     ,"Name":"Large"
     ,"Identifier":"RRM_LARGE"
     ,"Group":"Right Margin (127981587993977056)"
     ,"Sequence":40
    }
   ,"Settings":{
      "Advanced":false
    }
   ,"Appearance":{
      "CSS Classes":[
        "margin-right-lg"
      ]
    }
   ,"Help":{
      "Help Text":"Adds a large right margin to the region."
    }
  }
 ,{
    "id":"127981905426977057"
   ,"Identification":{
      "Template Type":"Item"
     ,"Name":"Medium"
     ,"Identifier":"FRM_MEDIUM"
     ,"Group":"Right Margin (127981170907977056)"
     ,"Sequence":30
    }
   ,"Settings":{
      "Advanced":false
    }
   ,"Appearance":{
      "CSS Classes":[
        "margin-right-md"
      ]
    }
   ,"Help":{
      "Help Text":"Adds a medium right margin for this field."
    }
  }
 ,{
    "id":"127982165392977057"
   ,"Identification":{
      "Template Type":"Region"
     ,"Name":"Medium"
     ,"Identifier":"RRM_MEDIUM"
     ,"Group":"Right Margin (127981587993977056)"
     ,"Sequence":30
    }
   ,"Settings":{
      "Advanced":false
    }
   ,"Appearance":{
      "CSS Classes":[
        "margin-right-md"
      ]
    }
   ,"Help":{
      "Help Text":"Adds a medium right margin to the region."
    }
  }
 ,{
    "id":"127982381332977057"
   ,"Identification":{
      "Template Type":"Item"
     ,"Name":"None"
     ,"Identifier":"FRM_NONE"
     ,"Group":"Right Margin (127981170907977056)"
     ,"Sequence":10
    }
   ,"Settings":{
      "Advanced":false
    }
   ,"Appearance":{
      "CSS Classes":[
        "margin-right-none"
      ]
    }
   ,"Help":{
      "Help Text":"Removes the right margin for this field."
    }
  }
 ,{
    "id":"127982514678977057"
   ,"Identification":{
      "Template Type":"Region"
     ,"Name":"None"
     ,"Identifier":"RRM_NONE"
     ,"Group":"Right Margin (127981587993977056)"
     ,"Sequence":10
    }
   ,"Settings":{
      "Advanced":false
    }
   ,"Appearance":{
      "CSS Classes":[
        "margin-right-none"
      ]
    }
   ,"Help":{
      "Help Text":"Removes the right margin from the region."
    }
  }
 ,{
    "id":"127982713712977057"
   ,"Identification":{
      "Template Type":"Item"
     ,"Name":"Small"
     ,"Identifier":"FRM_SMALL"
     ,"Group":"Right Margin (127981170907977056)"
     ,"Sequence":20
    }
   ,"Settings":{
      "Advanced":false
    }
   ,"Appearance":{
      "CSS Classes":[
        "margin-right-sm"
      ]
    }
   ,"Help":{
      "Help Text":"Adds a small right margin for this field."
    }
  }
 ,{
    "id":"127982940187977057"
   ,"Identification":{
      "Template Type":"Region"
     ,"Name":"Small"
     ,"Identifier":"RRM_SMALL"
     ,"Group":"Right Margin (127981587993977056)"
     ,"Sequence":20
    }
   ,"Settings":{
      "Advanced":false
    }
   ,"Appearance":{
      "CSS Classes":[
        "margin-right-sm"
      ]
    }
   ,"Help":{
      "Help Text":"Adds a small right margin to the region."
    }
  }
 ,{
    "id":"127983359135977057"
   ,"Identification":{
      "Template Type":"Item"
     ,"Name":"Large"
     ,"Identifier":"FTM_LARGE"
     ,"Group":"Top Margin (127983127823977057)"
     ,"Sequence":40
    }
   ,"Settings":{
      "Advanced":false
    }
   ,"Appearance":{
      "CSS Classes":[
        "margin-top-lg"
      ]
    }
   ,"Help":{
      "Help Text":"Adds a large top margin for this field."
    }
  }
 ,{
    "id":"127983726930977057"
   ,"Identification":{
      "Template Type":"Region"
     ,"Name":"Large"
     ,"Identifier":"RTM_LARGE"
     ,"Group":"Top Margin (127983567409977057)"
     ,"Sequence":40
    }
   ,"Settings":{
      "Advanced":false
    }
   ,"Appearance":{
      "CSS Classes":[
        "margin-top-lg"
      ]
    }
   ,"Help":{
      "Help Text":"Adds a large top margin to the region."
    }
  }
 ,{
    "id":"127983921397977057"
   ,"Identification":{
      "Template Type":"Item"
     ,"Name":"Medium"
     ,"Identifier":"FTM_MEDIUM"
     ,"Group":"Top Margin (127983127823977057)"
     ,"Sequence":30
    }
   ,"Settings":{
      "Advanced":false
    }
   ,"Appearance":{
      "CSS Classes":[
        "margin-top-md"
      ]
    }
   ,"Help":{
      "Help Text":"Adds a medium top margin for this field."
    }
  }
 ,{
    "id":"127984135819977057"
   ,"Identification":{
      "Template Type":"Region"
     ,"Name":"Medium"
     ,"Identifier":"RTM_MEDIUM"
     ,"Group":"Top Margin (127983567409977057)"
     ,"Sequence":30
    }
   ,"Settings":{
      "Advanced":false
    }
   ,"Appearance":{
      "CSS Classes":[
        "margin-top-md"
      ]
    }
   ,"Help":{
      "Help Text":"Adds a medium top margin to the region."
    }
  }
 ,{
    "id":"127984368049977057"
   ,"Identification":{
      "Template Type":"Item"
     ,"Name":"None"
     ,"Identifier":"FTM_NONE"
     ,"Group":"Top Margin (127983127823977057)"
     ,"Sequence":10
    }
   ,"Settings":{
      "Advanced":false
    }
   ,"Appearance":{
      "CSS Classes":[
        "margin-top-none"
      ]
    }
   ,"Help":{
      "Help Text":"Removes the top margin for this field."
    }
  }
 ,{
    "id":"127984548195977057"
   ,"Identification":{
      "Template Type":"Region"
     ,"Name":"None"
     ,"Identifier":"RTM_NONE"
     ,"Group":"Top Margin (127983567409977057)"
     ,"Sequence":10
    }
   ,"Settings":{
      "Advanced":false
    }
   ,"Appearance":{
      "CSS Classes":[
        "margin-top-none"
      ]
    }
   ,"Help":{
      "Help Text":"Removes the top margin for this region."
    }
  }
 ,{
    "id":"127984707520977057"
   ,"Identification":{
      "Template Type":"Item"
     ,"Name":"Small"
     ,"Identifier":"FTM_SMALL"
     ,"Group":"Top Margin (127983127823977057)"
     ,"Sequence":20
    }
   ,"Settings":{
      "Advanced":false
    }
   ,"Appearance":{
      "CSS Classes":[
        "margin-top-sm"
      ]
    }
   ,"Help":{
      "Help Text":"Adds a small top margin for this field."
    }
  }
 ,{
    "id":"127984917824977057"
   ,"Identification":{
      "Template Type":"Region"
     ,"Name":"Small"
     ,"Identifier":"RTM_SMALL"
     ,"Group":"Top Margin (127983567409977057)"
     ,"Sequence":20
    }
   ,"Settings":{
      "Advanced":false
    }
   ,"Appearance":{
      "CSS Classes":[
        "margin-top-sm"
      ]
    }
   ,"Help":{
      "Help Text":"Adds a small top margin to the region."
    }
  }
 ,{
    "id":"127985347018977058"
   ,"Identification":{
      "Template Type":"Button"
     ,"Name":"Danger"
     ,"Identifier":"DANGER"
     ,"Group":"Type (127985125606977058)"
     ,"Sequence":30
    }
   ,"Settings":{
      "Advanced":false
    }
   ,"Appearance":{
      "CSS Classes":[
        "t-Button--danger"
      ]
    }
  }
 ,{
    "id":"127985775863977058"
   ,"Identification":{
      "Template Type":"Button"
     ,"Name":"Large"
     ,"Identifier":"LARGEBOTTOMMARGIN"
     ,"Group":"Spacing Bottom (127985573558977058)"
     ,"Sequence":20
    }
   ,"Settings":{
      "Advanced":false
    }
   ,"Appearance":{
      "CSS Classes":[
        "t-Button--gapBottom"
      ]
    }
  }
 ,{
    "id":"127986117163977058"
   ,"Identification":{
      "Template Type":"Button"
     ,"Name":"Large"
     ,"Identifier":"LARGELEFTMARGIN"
     ,"Group":"Spacing Left (127985902537977058)"
     ,"Sequence":20
    }
   ,"Settings":{
      "Advanced":false
    }
   ,"Appearance":{
      "CSS Classes":[
        "t-Button--gapLeft"
      ]
    }
  }
 ,{
    "id":"127986575540977058"
   ,"Identification":{
      "Template Type":"Button"
     ,"Name":"Large"
     ,"Identifier":"LARGERIGHTMARGIN"
     ,"Group":"Spacing Right (127986392471977058)"
     ,"Sequence":20
    }
   ,"Settings":{
      "Advanced":false
    }
   ,"Appearance":{
      "CSS Classes":[
        "t-Button--gapRight"
      ]
    }
  }
 ,{
    "id":"127986919581977058"
   ,"Identification":{
      "Template Type":"Button"
     ,"Name":"Large"
     ,"Identifier":"LARGETOPMARGIN"
     ,"Group":"Spacing Top (127986746252977058)"
     ,"Sequence":20
    }
   ,"Settings":{
      "Advanced":false
    }
   ,"Appearance":{
      "CSS Classes":[
        "t-Button--gapTop"
      ]
    }
  }
 ,{
    "id":"127987396546977058"
   ,"Identification":{
      "Template Type":"Button"
     ,"Name":"Large"
     ,"Identifier":"LARGE"
     ,"Group":"Size (127987194354977058)"
     ,"Sequence":30
    }
   ,"Settings":{
      "Advanced":false
    }
   ,"Appearance":{
      "CSS Classes":[
        "t-Button--large"
      ]
    }
   ,"Help":{
      "Help Text":"A large button."
    }
  }
 ,{
    "id":"127987762766977058"
   ,"Identification":{
      "Template Type":"Button"
     ,"Name":"Display as Link"
     ,"Identifier":"DISPLAY_AS_LINK"
     ,"Group":"Style (127987530471977058)"
     ,"Sequence":30
    }
   ,"Settings":{
      "Advanced":false
    }
   ,"Appearance":{
      "CSS Classes":[
        "t-Button--link"
      ]
    }
   ,"Help":{
      "Help Text":"This option makes the button appear as a text link."
    }
  }
 ,{
    "id":"127987925292977058"
   ,"Identification":{
      "Template Type":"Button"
     ,"Name":"Remove UI Decoration"
     ,"Identifier":"NOUI"
     ,"Group":"Style (127987530471977058)"
     ,"Sequence":20
    }
   ,"Settings":{
      "Advanced":false
    }
   ,"Appearance":{
      "CSS Classes":[
        "t-Button--noUI"
      ]
    }
  }
 ,{
    "id":"127988112356977058"
   ,"Identification":{
      "Template Type":"Button"
     ,"Name":"Small"
     ,"Identifier":"SMALLBOTTOMMARGIN"
     ,"Group":"Spacing Bottom (127985573558977058)"
     ,"Sequence":10
    }
   ,"Settings":{
      "Advanced":false
    }
   ,"Appearance":{
      "CSS Classes":[
        "t-Button--padBottom"
      ]
    }
  }
 ,{
    "id":"127988328326977058"
   ,"Identification":{
      "Template Type":"Button"
     ,"Name":"Small"
     ,"Identifier":"SMALLLEFTMARGIN"
     ,"Group":"Spacing Left (127985902537977058)"
     ,"Sequence":10
    }
   ,"Settings":{
      "Advanced":false
    }
   ,"Appearance":{
      "CSS Classes":[
        "t-Button--padLeft"
      ]
    }
  }
 ,{
    "id":"127988523745977058"
   ,"Identification":{
      "Template Type":"Button"
     ,"Name":"Small"
     ,"Identifier":"SMALLRIGHTMARGIN"
     ,"Group":"Spacing Right (127986392471977058)"
     ,"Sequence":10
    }
   ,"Settings":{
      "Advanced":false
    }
   ,"Appearance":{
      "CSS Classes":[
        "t-Button--padRight"
      ]
    }
  }
 ,{
    "id":"127988720426977058"
   ,"Identification":{
      "Template Type":"Button"
     ,"Name":"Small"
     ,"Identifier":"SMALLTOPMARGIN"
     ,"Group":"Spacing Top (127986746252977058)"
     ,"Sequence":10
    }
   ,"Settings":{
      "Advanced":false
    }
   ,"Appearance":{
      "CSS Classes":[
        "t-Button--padTop"
      ]
    }
  }
 ,{
    "id":"127989150865977059"
   ,"Identification":{
      "Template Type":"Button"
     ,"Name":"Inner Button"
     ,"Identifier":"PILL"
     ,"Group":"Button Set (127988938568977058)"
     ,"Sequence":20
    }
   ,"Settings":{
      "Advanced":false
    }
   ,"Appearance":{
      "CSS Classes":[
        "t-Button--pill"
      ]
    }
  }
 ,{
    "id":"127989351439977059"
   ,"Identification":{
      "Template Type":"Button"
     ,"Name":"Last Button"
     ,"Identifier":"PILLEND"
     ,"Group":"Button Set (127988938568977058)"
     ,"Sequence":30
    }
   ,"Settings":{
      "Advanced":false
    }
   ,"Appearance":{
      "CSS Classes":[
        "t-Button--pillEnd"
      ]
    }
  }
 ,{
    "id":"127989532968977059"
   ,"Identification":{
      "Template Type":"Button"
     ,"Name":"First Button"
     ,"Identifier":"PILLSTART"
     ,"Group":"Button Set (127988938568977058)"
     ,"Sequence":10
    }
   ,"Settings":{
      "Advanced":false
    }
   ,"Appearance":{
      "CSS Classes":[
        "t-Button--pillStart"
      ]
    }
   ,"Help":{
      "Help Text":"Use this for the start of a pill button."
    }
  }
 ,{
    "id":"127989784618977059"
   ,"Identification":{
      "Template Type":"Button"
     ,"Name":"Primary"
     ,"Identifier":"PRIMARY"
     ,"Group":"Type (127985125606977058)"
     ,"Sequence":10
    }
   ,"Settings":{
      "Advanced":false
    }
   ,"Appearance":{
      "CSS Classes":[
        "t-Button--primary"
      ]
    }
  }
 ,{
    "id":"127989932431977059"
   ,"Identification":{
      "Template Type":"Button"
     ,"Name":"Simple"
     ,"Identifier":"SIMPLE"
     ,"Group":"Style (127987530471977058)"
     ,"Sequence":10
    }
   ,"Settings":{
      "Advanced":false
    }
   ,"Appearance":{
      "CSS Classes":[
        "t-Button--simple"
      ]
    }
  }
 ,{
    "id":"127990154547977059"
   ,"Identification":{
      "Template Type":"Button"
     ,"Name":"Small"
     ,"Identifier":"SMALL"
     ,"Group":"Size (127987194354977058)"
     ,"Sequence":20
    }
   ,"Settings":{
      "Advanced":false
    }
   ,"Appearance":{
      "CSS Classes":[
        "t-Button--small"
      ]
    }
   ,"Help":{
      "Help Text":"A small button."
    }
  }
 ,{
    "id":"127990520014977059"
   ,"Identification":{
      "Template Type":"Button"
     ,"Name":"Stretch"
     ,"Identifier":"STRETCH"
     ,"Group":"Width (127990329669977059)"
     ,"Sequence":10
    }
   ,"Settings":{
      "Advanced":false
    }
   ,"Appearance":{
      "CSS Classes":[
        "t-Button--stretch"
      ]
    }
   ,"Help":{
      "Help Text":"Stretches button to fill container"
    }
  }
 ,{
    "id":"127990702973977059"
   ,"Identification":{
      "Template Type":"Button"
     ,"Name":"Success"
     ,"Identifier":"SUCCESS"
     ,"Group":"Type (127985125606977058)"
     ,"Sequence":40
    }
   ,"Settings":{
      "Advanced":false
    }
   ,"Appearance":{
      "CSS Classes":[
        "t-Button--success"
      ]
    }
  }
 ,{
    "id":"127990985965977059"
   ,"Identification":{
      "Template Type":"Button"
     ,"Name":"Tiny"
     ,"Identifier":"TINY"
     ,"Group":"Size (127987194354977058)"
     ,"Sequence":10
    }
   ,"Settings":{
      "Advanced":false
    }
   ,"Appearance":{
      "CSS Classes":[
        "t-Button--tiny"
      ]
    }
   ,"Help":{
      "Help Text":"A very small button."
    }
  }
 ,{
    "id":"127991181756977059"
   ,"Identification":{
      "Template Type":"Button"
     ,"Name":"Warning"
     ,"Identifier":"WARNING"
     ,"Group":"Type (127985125606977058)"
     ,"Sequence":20
    }
   ,"Settings":{
      "Advanced":false
    }
   ,"Appearance":{
      "CSS Classes":[
        "t-Button--warning"
      ]
    }
  }
 ,{
    "id":"127991306638977060"
   ,"Identification":{
      "Template Type":"Page"
     ,"Name":"Deferred Page Rendering"
     ,"Identifier":"DEFERRED_PAGE_RENDERING"
     ,"Sequence":1
    }
   ,"Settings":{
      "Advanced":false
    }
   ,"Appearance":{
      "CSS Classes":[
        "t-DeferredRendering"
      ]
    }
   ,"Help":{
      "Help Text":"Defer page rendering until all page components have finished loading."
    }
  }
 ,{
    "id":"127991701619977060"
   ,"Identification":{
      "Template Type":"Region"
     ,"Name":"Show Form Labels Above"
     ,"Identifier":"SHOWFORMLABELSABOVE"
     ,"Group":"Label Position (127991534324977060)"
     ,"Sequence":10
    }
   ,"Settings":{
      "Advanced":false
    }
   ,"Appearance":{
      "CSS Classes":[
        "t-Form--labelsAbove"
      ]
    }
   ,"Help":{
      "Help Text":"Show form labels above input fields."
    }
  }
 ,{
    "id":"127992195555977061"
   ,"Identification":{
      "Template Type":"Region"
     ,"Name":"Large"
     ,"Identifier":"FORMSIZELARGE"
     ,"Group":"Item Size (127991970061977061)"
     ,"Sequence":10
    }
   ,"Settings":{
      "Advanced":false
    }
   ,"Appearance":{
      "CSS Classes":[
        "t-Form--large"
      ]
    }
  }
 ,{
    "id":"127992526999977061"
   ,"Identification":{
      "Template Type":"Region"
     ,"Name":"Left"
     ,"Identifier":"FORMLEFTLABELS"
     ,"Group":"Label Alignment (127992330308977061)"
     ,"Sequence":20
    }
   ,"Settings":{
      "Advanced":false
    }
   ,"Appearance":{
      "CSS Classes":[
        "t-Form--leftLabels"
      ]
    }
   ,"Help":{
      "Help Text":"Align form labels to left."
    }
  }
 ,{
    "id":"127992916085977061"
   ,"Identification":{
      "Template Type":"Region"
     ,"Name":"None"
     ,"Identifier":"FORMREMOVEPADDING"
     ,"Group":"Item Spacing (127992786069977061)"
     ,"Sequence":20
    }
   ,"Settings":{
      "Advanced":false
    }
   ,"Appearance":{
      "CSS Classes":[
        "t-Form--noPadding"
      ]
    }
   ,"Help":{
      "Help Text":"Removes spacing between items."
    }
  }
 ,{
    "id":"127993179155977061"
   ,"Identification":{
      "Template Type":"Region"
     ,"Name":"Slim"
     ,"Identifier":"FORMSLIMPADDING"
     ,"Group":"Item Spacing (127992786069977061)"
     ,"Sequence":10
    }
   ,"Settings":{
      "Advanced":false
    }
   ,"Appearance":{
      "CSS Classes":[
        "t-Form--slimPadding"
      ]
    }
   ,"Help":{
      "Help Text":"Reduces form item spacing."
    }
  }
 ,{
    "id":"127993396264977061"
   ,"Identification":{
      "Template Type":"Region"
     ,"Name":"Standard"
     ,"Identifier":"FORMSTANDARDPADDING"
     ,"Group":"Item Spacing (127992786069977061)"
     ,"Sequence":5
    }
   ,"Settings":{
      "Advanced":false
    }
   ,"Appearance":{
      "CSS Classes":[
        "t-Form--standardPadding"
      ]
    }
   ,"Help":{
      "Help Text":"Uses the standard spacing between items."
    }
  }
 ,{
    "id":"127993740182977061"
   ,"Identification":{
      "Template Type":"Region"
     ,"Name":"Stretch Form Fields"
     ,"Identifier":"STRETCH_FORM_FIELDS"
     ,"Group":"Item Width (127993549616977061)"
     ,"Sequence":10
    }
   ,"Settings":{
      "Advanced":false
    }
   ,"Appearance":{
      "CSS Classes":[
        "t-Form--stretchInputs"
      ]
    }
  }
 ,{
    "id":"127993981890977061"
   ,"Identification":{
      "Template Type":"Region"
     ,"Name":"X Large"
     ,"Identifier":"FORMSIZEXLARGE"
     ,"Group":"Item Size (127991970061977061)"
     ,"Sequence":20
    }
   ,"Settings":{
      "Advanced":false
    }
   ,"Appearance":{
      "CSS Classes":[
        "t-Form--xlarge"
      ]
    }
  }
 ,{
    "id":"127994357933977062"
   ,"Identification":{
      "Template Type":"Item"
     ,"Name":"Bold"
     ,"Identifier":"DISPLAY_TEXT_STYLE_BOLD"
     ,"Group":"Display Text Style (127994178855977061)"
     ,"Sequence":10
    }
   ,"Settings":{
      "Advanced":false
    }
   ,"Appearance":{
      "CSS Classes":[
        "t-Form-fieldContainer--boldDisplay"
      ]
    }
  }
 ,{
    "id":"127994740832977062"
   ,"Identification":{
      "Template Type":"Item"
     ,"Name":"Large"
     ,"Identifier":"LARGE_FIELD"
     ,"Group":"Size (127994573947977062)"
     ,"Sequence":10
    }
   ,"Settings":{
      "Advanced":false
    }
   ,"Appearance":{
      "CSS Classes":[
        "t-Form-fieldContainer--large"
      ]
    }
  }
 ,{
    "id":"127994950292977062"
   ,"Identification":{
      "Template Type":"Item"
     ,"Name":"Normal"
     ,"Identifier":"DISPLAY_TEXT_STYLE_NORMAL"
     ,"Group":"Display Text Style (127994178855977061)"
     ,"Sequence":20
    }
   ,"Settings":{
      "Advanced":false
    }
   ,"Appearance":{
      "CSS Classes":[
        "t-Form-fieldContainer--normalDisplay"
      ]
    }
  }
 ,{
    "id":"127995379503977062"
   ,"Identification":{
      "Template Type":"Item"
     ,"Name":"Display as Block"
     ,"Identifier":"POST_TEXT_BLOCK"
     ,"Group":"Item Post Text (127995187864977062)"
     ,"Sequence":10
    }
   ,"Settings":{
      "Advanced":false
    }
   ,"Appearance":{
      "CSS Classes":[
        "t-Form-fieldContainer--postTextBlock"
      ]
    }
   ,"Help":{
      "Help Text":"Displays the Item Post Text in a block style immediately after the item."
    }
  }
 ,{
    "id":"127995741007977062"
   ,"Identification":{
      "Template Type":"Item"
     ,"Name":"Display as Block"
     ,"Identifier":"PRE_TEXT_BLOCK"
     ,"Group":"Item Pre Text (127995580099977062)"
     ,"Sequence":10
    }
   ,"Settings":{
      "Advanced":false
    }
   ,"Appearance":{
      "CSS Classes":[
        "t-Form-fieldContainer--preTextBlock"
      ]
    }
   ,"Help":{
      "Help Text":"Displays the Item Pre Text in a block style immediately before the item."
    }
  }
 ,{
    "id":"127996116314977062"
   ,"Identification":{
      "Template Type":"Item"
     ,"Name":"Display as Pill Button"
     ,"Identifier":"DISPLAY_AS_PILL_BUTTON"
     ,"Group":"Item Group Display (127995930886977062)"
     ,"Sequence":10
    }
   ,"Settings":{
      "Advanced":false
    }
   ,"Appearance":{
      "CSS Classes":[
        "t-Form-fieldContainer--radioButtonGroup"
      ]
    }
   ,"Help":{
      "Help Text":"Displays the radio buttons to look like a button set \/ pill button.  Note that the the radio buttons must all be in the same row for this option to work."
    }
  }
 ,{
    "id":"127996305745977062"
   ,"Identification":{
      "Template Type":"Item"
     ,"Name":"Stretch Form Item"
     ,"Identifier":"STRETCH_FORM_ITEM"
     ,"Sequence":10
    }
   ,"Settings":{
      "Advanced":false
    }
   ,"Appearance":{
      "CSS Classes":[
        "t-Form-fieldContainer--stretchInputs"
      ]
    }
   ,"Help":{
      "Help Text":"Stretches the form item to fill its container."
    }
  }
 ,{
    "id":"127996529967977062"
   ,"Identification":{
      "Template Type":"Item"
     ,"Name":"X Large"
     ,"Identifier":"X_LARGE_SIZE"
     ,"Group":"Size (127994573947977062)"
     ,"Sequence":20
    }
   ,"Settings":{
      "Advanced":false
    }
   ,"Appearance":{
      "CSS Classes":[
        "t-Form-fieldContainer--xlarge"
      ]
    }
  }
 ,{
    "id":"127996917927977062"
   ,"Identification":{
      "Template Type":"Page"
     ,"Name":"Remove Padding"
     ,"Identifier":"REMOVE_PADDING"
     ,"Group":"Content Padding (127996790264977062)"
     ,"Sequence":1
    }
   ,"Settings":{
      "Advanced":false
    }
   ,"Appearance":{
      "CSS Classes":[
        "t-PageBody--noContentPadding"
      ]
    }
   ,"Help":{
      "Help Text":"Removes padding from the content region."
    }
  }
 ,{
    "id":"127997315114977062"
   ,"Identification":{
      "Template Type":"Region"
     ,"Name":"Center"
     ,"Identifier":"SORT_CENTER"
     ,"Group":"Sort Order Alignment (127997152142977062)"
     ,"Sequence":10
    }
   ,"Settings":{
      "Advanced":false
    }
   ,"Appearance":{
      "CSS Classes":[
        "t-Region-orderBy--center"
      ]
    }
  }
 ,{
    "id":"127997563591977062"
   ,"Identification":{
      "Template Type":"Region"
     ,"Name":"End"
     ,"Identifier":"SORT_END"
     ,"Group":"Sort Order Alignment (127997152142977062)"
     ,"Sequence":20
    }
   ,"Settings":{
      "Advanced":false
    }
   ,"Appearance":{
      "CSS Classes":[
        "t-Region-orderBy--end"
      ]
    }
  }
 ,{
    "id":"127997994866977063"
   ,"Identification":{
      "Template Type":"Report"
     ,"Name":"Hide when all rows displayed"
     ,"Identifier":"HIDE_WHEN_ALL_ROWS_DISPLAYED"
     ,"Group":"Pagination Display (127997741816977063)"
     ,"Sequence":10
    }
   ,"Settings":{
      "Advanced":false
    }
   ,"Appearance":{
      "CSS Classes":[
        "t-Report--hideNoPagination"
      ]
    }
   ,"Help":{
      "Help Text":"This option will hide the pagination when all rows are displayed."
    }
  }
]
