{
  "id":"42"
 ,"Identification":{
    "Theme Number":42
   ,"Name":"Universal Theme"
   ,"Identifier":"UNIVERSAL_THEME"
  }
 ,"Navigation":{
    "Type":"List"
   ,"Navigation Bar Type":"List"
  }
 ,"JavaScript":{
    "File URLs":[
      "#APEX_FILES#libraries\/apex\/#MIN_DIRECTORY#widget.stickyWidget#MIN#.js?v=#APEX_VERSION#"
     ,"#THEME_FILES#js\/theme42#MIN#.js?v=#APEX_VERSION#"
    ]
  }
 ,"CSS":{
    "File URLs":[
      "#THEME_FILES#css\/Core#MIN#.css?v=#APEX_VERSION#"
    ]
  }
 ,"Component Defaults":{
    "Page":"Standard (127736953777976671)"
   ,"Navigation Bar List":"Navigation Bar (127872990683976768)"
   ,"Navigation Menu List Position":"Side"
   ,"Navigation Menu List (Top)":"Top Navigation Menu (127871914497976767)"
   ,"Navigation Menu List (Side)":"Side Navigation Menu (127870139376976759)"
   ,"Login Page":"Login (127718014238976660)"
   ,"Error Page":"Login (127718014238976660)"
   ,"Printer Friendly Page":"Standard (127736953777976671)"
   ,"Breadcrumb":"127886952360976789"
   ,"Button":"Text (127885381033976787)"
   ,"Legacy Calendar":"Calendar (127887098928976792)"
   ,"Default Label":"Optional - Floating (127882895985976781)"
   ,"Optional Label":"Optional - Floating (127882895985976781)"
   ,"Required Label":"Required - Floating (127884141288976783)"
   ,"List":"Links List (127880904553976772)"
   ,"Region":"Standard (127820918811976719)"
   ,"Classic Report":"Standard (127847713509976741)"
  }
 ,"Region Defaults":{
    "Breadcrumbs":"Title Bar (127781995781976697)"
   ,"Charts":"Standard (127820918811976719)"
   ,"Forms":"Standard (127820918811976719)"
   ,"Lists":"Standard (127820918811976719)"
   ,"Reports":"Standard (127820918811976719)"
   ,"Wizards":"Standard (127820918811976719)"
   ,"Interactive Reports":"Interactive Report (127768465335976693)"
  }
 ,"Dialog Defaults":{
    "Dialog Content Region":"Blank with Attributes (127830794900976723)"
   ,"Dialog Button Region":"Buttons Container (127773077670976695)"
   ,"Dialog Page":"Modal Dialog (127716510901976658)"
  }
 ,"Icons":{
    "Library":"Font APEX"
  }
 ,"Files":{
    "File Prefix":"#APEX_FILES#themes\/theme_42\/23.2\/"
  }
 ,"Styles":[
    {
      "id":"127974569523977047"
     ,"Identification":{
        "Name":"Redwood Light"
      }
     ,"Settings":{
        "Is Current":false
       ,"Is Public":true
       ,"Accessibility Tested":false
      }
     ,"CSS":{
        "File URLs":[
          "#APEX_FILES#libraries\/oracle-fonts\/oraclesans-apex#MIN#.css?v=#APEX_VERSION#"
         ,"#THEME_FILES#css\/Redwood#MIN#.css?v=#APEX_VERSION#"
        ]
      }
     ,"Theme Roller Attributes":{
        "Read Only":true
       ,"Input Parameter File URLs":"#THEME_FILES#less\/theme\/Redwood-Theme.less"
       ,"Output CSS File URL":"#THEME_FILES#css\/Redwood-Theme#MIN#.css?v=#APEX_VERSION#"
      }
    }
   ,{
      "id":"127974752019977048"
     ,"Identification":{
        "Name":"Vita"
      }
     ,"Settings":{
        "Is Current":false
       ,"Is Public":true
       ,"Accessibility Tested":true
      }
     ,"Theme Roller Attributes":{
        "Read Only":true
       ,"Input Parameter File URLs":"#THEME_FILES#less\/theme\/Vita.less"
       ,"Output CSS File URL":"#THEME_FILES#css\/Vita#MIN#.css?v=#APEX_VERSION#"
      }
    }
   ,{
      "id":"127974970143977048"
     ,"Identification":{
        "Name":"Vita - Dark"
      }
     ,"Settings":{
        "Is Current":false
       ,"Is Public":true
       ,"Accessibility Tested":false
      }
     ,"Theme Roller Attributes":{
        "Read Only":true
       ,"Input Parameter File URLs":"#THEME_FILES#less\/theme\/Vita-Dark.less"
       ,"Output CSS File URL":"#THEME_FILES#css\/Vita-Dark#MIN#.css?v=#APEX_VERSION#"
      }
    }
   ,{
      "id":"127975192831977048"
     ,"Identification":{
        "Name":"Vita - Red"
      }
     ,"Settings":{
        "Is Current":false
       ,"Is Public":true
       ,"Accessibility Tested":false
      }
     ,"Theme Roller Attributes":{
        "Read Only":true
       ,"Input Parameter File URLs":"#THEME_FILES#less\/theme\/Vita-Red.less"
       ,"Output CSS File URL":"#THEME_FILES#css\/Vita-Red#MIN#.css?v=#APEX_VERSION#"
      }
    }
   ,{
      "id":"127975318689977048"
     ,"Identification":{
        "Name":"Vita - Slate"
      }
     ,"Settings":{
        "Is Current":false
       ,"Is Public":true
       ,"Accessibility Tested":false
      }
     ,"Theme Roller Attributes":{
        "Read Only":true
       ,"Input Parameter File URLs":"#THEME_FILES#less\/theme\/Vita-Slate.less"
       ,"Output CSS File URL":"#THEME_FILES#css\/Vita-Slate#MIN#.css?v=#APEX_VERSION#"
      }
    }
   ,{
      "id":"128028919046029334"
     ,"Identification":{
        "Name":"Redwood Dark"
      }
     ,"Settings":{
        "Is Current":true
       ,"Is Public":true
       ,"Accessibility Tested":false
      }
     ,"CSS":{
        "File URLs":[
          "#APEX_FILES#libraries\/oracle-fonts\/oraclesans-apex#MIN#.css?v=#APEX_VERSION#"
         ,"#THEME_FILES#css\/Redwood#MIN#.css?v=#APEX_VERSION#"
        ]
      }
     ,"Cascading Style Sheet":{
        "CSS Classes":" rw-mode-header--dark rw-mode-nav--dark rw-mode-body-header--dark rw-mode-body--dark rw-pillar--neutral"
      }
     ,"Theme Roller Attributes":{
        "Read Only":false
       ,"Input Parameter File URLs":"#THEME_FILES#less\/theme\/Redwood-Theme.less"
       ,"JSON Configuration":"{\"classes\":[\"rw-mode-header--dark\",\"rw-mode-nav--dark\",\"rw-mode-body-header--dark\",\"rw-mode-body--dark\",\"rw-pillar--neutral\"],\"vars\":{},\"customCSS\":\"\",\"useCustomLess\":\"N\"}"
      }
    }
  ]
}
