[
  {
    "id":"127999353983977110"
   ,"Identification":{
      "File Name":"icons\/app-icon-32.png"
    }
   ,"Attributes":{
      "Mime Type":"image\/png"
     ,"File Character Set":"Unicode UTF-8"
    }
  }
 ,{
    "id":"127999676501977115"
   ,"Identification":{
      "File Name":"icons\/app-icon-144-rounded.png"
    }
   ,"Attributes":{
      "Mime Type":"image\/png"
     ,"File Character Set":"Unicode UTF-8"
    }
  }
 ,{
    "id":"127999990654977116"
   ,"Identification":{
      "File Name":"icons\/app-icon-192.png"
    }
   ,"Attributes":{
      "Mime Type":"image\/png"
     ,"File Character Set":"Unicode UTF-8"
    }
  }
 ,{
    "id":"128000276304977116"
   ,"Identification":{
      "File Name":"icons\/app-icon-256-rounded.png"
    }
   ,"Attributes":{
      "Mime Type":"image\/png"
     ,"File Character Set":"Unicode UTF-8"
    }
  }
 ,{
    "id":"128000536043977116"
   ,"Identification":{
      "File Name":"icons\/app-icon-512.png"
    }
   ,"Attributes":{
      "Mime Type":"image\/png"
     ,"File Character Set":"Unicode UTF-8"
    }
  }
 ,{
    "id":"128038531405103045"
   ,"Identification":{
      "File Name":"guard_background.jpg"
    }
   ,"Attributes":{
      "Mime Type":"image\/jpeg"
     ,"File Character Set":"Unicode UTF-8"
    }
  }
]
