[
  {
    "id":"127708887208976605"
   ,"Identification":{
      "Name":"Breadcrumb"
    }
   ,"Entries":[
      {
        "id":"128360799142320513"
       ,"Identification":{
          "Name":"Reports"
         ,"Page Number":"3"
        }
       ,"Execution":{
          "Sequence":10
        }
       ,"Link":{
          "Target":{
            "url":"f?p=\u0026APP_ID.:3:\u0026APP_SESSION.::\u0026DEBUG.:::"
           ,"Page":"3"
          }
        }
      }
     ,{
        "id":"129076485296892822"
       ,"Identification":{
          "Name":"Data Analysis"
         ,"Page Number":"2"
        }
       ,"Execution":{
          "Sequence":10
        }
       ,"Link":{
          "Target":{
            "url":"f?p=\u0026APP_ID.:2:\u0026APP_SESSION.::\u0026DEBUG.:::"
           ,"Page":"2"
          }
        }
      }
     ,{
        "id":"129183276954228430"
       ,"Identification":{
          "Name":"Upload media"
         ,"Page Number":"6"
        }
       ,"Execution":{
          "Sequence":10
        }
       ,"Link":{
          "Target":{
            "url":"f?p=\u0026APP_ID.:6:\u0026APP_SESSION.::\u0026DEBUG.:::"
           ,"Page":"6"
          }
        }
      }
     ,{
        "id":"129218645335079944"
       ,"Identification":{
          "Name":"News Feed"
         ,"Page Number":"8"
        }
       ,"Execution":{
          "Sequence":10
        }
       ,"Link":{
          "Target":{
            "url":"f?p=\u0026APP_ID.:8:\u0026APP_SESSION.::\u0026DEBUG.:::"
           ,"Page":"8"
          }
        }
      }
     ,{
        "id":"129240317784341472"
       ,"Identification":{
          "Name":"Keyword Dictionary"
         ,"Page Number":"11"
        }
       ,"Execution":{
          "Sequence":10
        }
       ,"Link":{
          "Target":{
            "url":"f?p=\u0026APP_ID.:11:\u0026APP_SESSION.::\u0026DEBUG.:::"
           ,"Page":"11"
          }
        }
      }
     ,{
        "id":"129468551763817588"
       ,"Identification":{
          "Name":"Challenge Dashboard"
         ,"Page Number":"20"
        }
       ,"Execution":{
          "Sequence":10
        }
       ,"Link":{
          "Target":{
            "url":"f?p=\u0026APP_ID.:20:\u0026APP_SESSION.::\u0026DEBUG.:::"
           ,"Page":"20"
          }
        }
      }
    ]
  }
]
