[
  {
    "id":"127709385522976610"
   ,"Identification":{
      "Name":"Navigation Menu"
    }
   ,"Source":{
      "Type":"Static Values"
    }
   ,"Entries":[
      {
        "id":"128008834908977161"
       ,"Label":{
          "Label":"Home"
        }
       ,"Icon":{
          "Image\/Icon CSS Classes":"fa-home"
        }
       ,"Layout":{
          "Sequence":10
        }
       ,"Is Current":{
          "Type":"Target Page"
        }
       ,"Link":{
          "Target":{
            "url":"f?p=\u0026APP_ID.:2:\u0026SESSION.::\u0026DEBUG.:RP:::"
           ,"Page":"2"
           ,"Clear Cache":"RP"
          }
        }
       ,"Click Counting":{
          "Count Clicks":false
        }
       ,"User Defined Attributes":{
          "Translatable":false
        }
      }
     ,{
        "id":"128359804196320491"
       ,"Label":{
          "Label":"Reports"
        }
       ,"Icon":{
          "Image\/Icon CSS Classes":"fa-file-text-o"
        }
       ,"Layout":{
          "Sequence":20
        }
       ,"Is Current":{
          "Type":"Pages"
         ,"Pages":[
            "3"
          ]
        }
       ,"Link":{
          "Target":{
            "url":"f?p=\u0026APP_ID.:3:\u0026APP_SESSION.::\u0026DEBUG.:::"
           ,"Page":"3"
          }
        }
       ,"Click Counting":{
          "Count Clicks":false
        }
       ,"User Defined Attributes":{
          "Translatable":false
        }
      }
     ,{
        "id":"129147051749934844"
       ,"Label":{
          "Label":"Media Test"
        }
       ,"Icon":{
          "Image\/Icon CSS Classes":"fa-file-o"
        }
       ,"Layout":{
          "Sequence":40
        }
       ,"Is Current":{
          "Type":"Pages"
         ,"Pages":[
            "4"
          ]
        }
       ,"Link":{
          "Target":{
            "url":"f?p=\u0026APP_ID.:4:\u0026APP_SESSION.::\u0026DEBUG.:::"
           ,"Page":"4"
          }
        }
       ,"Click Counting":{
          "Count Clicks":false
        }
       ,"User Defined Attributes":{
          "Translatable":false
        }
      }
     ,{
        "id":"129182398353228412"
       ,"Label":{
          "Label":"Upload media"
        }
       ,"Icon":{
          "Image\/Icon CSS Classes":"fa-forms"
        }
       ,"Layout":{
          "Sequence":50
        }
       ,"Is Current":{
          "Type":"Pages"
         ,"Pages":[
            "6"
          ]
        }
       ,"Link":{
          "Target":{
            "url":"f?p=\u0026APP_ID.:6:\u0026APP_SESSION.::\u0026DEBUG.:::"
           ,"Page":"6"
          }
        }
       ,"Click Counting":{
          "Count Clicks":false
        }
       ,"User Defined Attributes":{
          "Translatable":false
        }
      }
     ,{
        "id":"129202694086538873"
       ,"Label":{
          "Label":"Ask ChatGPT"
        }
       ,"Icon":{
          "Image\/Icon CSS Classes":"fa-emoji-relieved"
        }
       ,"Layout":{
          "Sequence":60
        }
       ,"Is Current":{
          "Type":"Pages"
         ,"Pages":[
            "7"
          ]
        }
       ,"Link":{
          "Target":{
            "url":"f?p=\u0026APP_ID.:7:\u0026SESSION.::\u0026DEBUG.::::"
           ,"Page":"7"
          }
        }
       ,"Click Counting":{
          "Count Clicks":false
        }
       ,"User Defined Attributes":{
          "Translatable":false
        }
      }
     ,{
        "id":"129217788920079926"
       ,"Label":{
          "Label":"News Feed"
        }
       ,"Icon":{
          "Image\/Icon CSS Classes":"fa-bullhorn"
        }
       ,"Layout":{
          "Sequence":70
        }
       ,"Is Current":{
          "Type":"Pages"
         ,"Pages":[
            "8"
          ]
        }
       ,"Link":{
          "Target":{
            "url":"f?p=\u0026APP_ID.:8:\u0026APP_SESSION.::\u0026DEBUG.:::"
           ,"Page":"8"
          }
        }
       ,"Click Counting":{
          "Count Clicks":false
        }
       ,"User Defined Attributes":{
          "Translatable":false
        }
      }
     ,{
        "id":"129227691082326548"
       ,"Label":{
          "Label":"Take Quiz"
        }
       ,"Icon":{
          "Image\/Icon CSS Classes":"fa-file-o"
        }
       ,"Layout":{
          "Sequence":80
        }
       ,"Is Current":{
          "Type":"Pages"
         ,"Pages":[
            "10"
          ]
        }
       ,"Link":{
          "Target":{
            "url":"f?p=\u0026APP_ID.:10:\u0026SESSION.::\u0026DEBUG.::::"
           ,"Page":"10"
          }
        }
       ,"Click Counting":{
          "Count Clicks":false
        }
       ,"User Defined Attributes":{
          "Translatable":false
        }
      }
     ,{
        "id":"129236221049341461"
       ,"Label":{
          "Label":"Keyword Dictionary"
        }
       ,"Icon":{
          "Image\/Icon CSS Classes":"fa-book"
        }
       ,"Layout":{
          "Sequence":90
         ,"Parent Entry":"News Feed (129217788920079926)"
        }
       ,"Is Current":{
          "Type":"Pages"
         ,"Pages":[
            "11"
           ,"12"
          ]
        }
       ,"Link":{
          "Target":{
            "url":"f?p=\u0026APP_ID.:11:\u0026APP_SESSION.::\u0026DEBUG.:::"
           ,"Page":"11"
          }
        }
       ,"Click Counting":{
          "Count Clicks":false
        }
       ,"User Defined Attributes":{
          "Translatable":false
        }
      }
     ,{
        "id":"129245362528585072"
       ,"Label":{
          "Label":"Quiz Score"
        }
       ,"Icon":{
          "Image\/Icon CSS Classes":"fa-table"
        }
       ,"Layout":{
          "Sequence":110
         ,"Parent Entry":"Take Quiz (129227691082326548)"
        }
       ,"Is Current":{
          "Type":"Pages"
         ,"Pages":[
            "14"
          ]
        }
       ,"Link":{
          "Target":{
            "url":"f?p=\u0026APP_ID.:14:\u0026SESSION.::\u0026DEBUG.::::"
           ,"Page":"14"
          }
        }
       ,"Click Counting":{
          "Count Clicks":false
        }
       ,"User Defined Attributes":{
          "Translatable":false
        }
      }
     ,{
        "id":"129467768377817571"
       ,"Label":{
          "Label":"Challenge Dashboard"
        }
       ,"Icon":{
          "Image\/Icon CSS Classes":"fa-area-chart"
        }
       ,"Layout":{
          "Sequence":120
        }
       ,"Is Current":{
          "Type":"Pages"
         ,"Pages":[
            "20"
          ]
        }
       ,"Link":{
          "Target":{
            "url":"f?p=\u0026APP_ID.:20:\u0026APP_SESSION.::\u0026DEBUG.:::"
           ,"Page":"20"
          }
        }
       ,"Click Counting":{
          "Count Clicks":false
        }
       ,"User Defined Attributes":{
          "Translatable":false
        }
      }
    ]
  }
 ,{
    "id":"127998355894977067"
   ,"Identification":{
      "Name":"Navigation Bar"
    }
   ,"Source":{
      "Type":"Static Values"
    }
   ,"Entries":[
      {
        "id":"128010356537977174"
       ,"Label":{
          "Label":"\u0026APP_USER."
        }
       ,"Icon":{
          "Image\/Icon CSS Classes":"fa-user"
        }
       ,"Layout":{
          "Sequence":10
        }
       ,"Is Current":{
          "Type":"Target Page"
        }
       ,"Link":{
          "Target":"#"
        }
       ,"Click Counting":{
          "Count Clicks":false
        }
       ,"User Defined Attributes":{
          "Translatable":false
         ,"2.":"has-username"
        }
      }
     ,{
        "id":"128010742898977175"
       ,"Label":{
          "Label":"---"
        }
       ,"Layout":{
          "Sequence":20
         ,"Parent Entry":"\u0026APP_USER. (128010356537977174)"
        }
       ,"Is Current":{
          "Type":"Target Page"
        }
       ,"Link":{
          "Target":"separator"
        }
       ,"Click Counting":{
          "Count Clicks":false
        }
       ,"User Defined Attributes":{
          "Translatable":false
        }
       ,"Server-side Condition":{
          "Type":"User is Authenticated (not public)"
        }
      }
     ,{
        "id":"128011112487977176"
       ,"Label":{
          "Label":"Sign Out"
        }
       ,"Icon":{
          "Image\/Icon CSS Classes":"fa-sign-out"
        }
       ,"Layout":{
          "Sequence":30
         ,"Parent Entry":"\u0026APP_USER. (128010356537977174)"
        }
       ,"Is Current":{
          "Type":"Target Page"
        }
       ,"Link":{
          "Target":"\u0026LOGOUT_URL."
        }
       ,"Click Counting":{
          "Count Clicks":false
        }
       ,"User Defined Attributes":{
          "Translatable":false
        }
       ,"Server-side Condition":{
          "Type":"User is Authenticated (not public)"
        }
      }
     ,{
        "id":"128030550597058640"
       ,"Label":{
          "Label":"Install App"
        }
       ,"Icon":{
          "Image\/Icon CSS Classes":"fa-cloud-download"
        }
       ,"Layout":{
          "Sequence":1
        }
       ,"Is Current":{
          "Type":"Never"
        }
       ,"Link":{
          "Target":"#action$a-pwa-install"
        }
       ,"Click Counting":{
          "Count Clicks":false
        }
       ,"User Defined Attributes":{
          "Translatable":false
         ,"2.":"a-pwaInstall"
        }
      }
    ]
  }
 ,{
    "id":"129401565106414639"
   ,"Identification":{
      "Name":"HSSE Quiz"
    }
   ,"Source":{
      "Type":"Static Values"
    }
   ,"Entries":[
      {
        "id":"129402973064414667"
       ,"Label":{
          "Label":"Question 1"
        }
       ,"Layout":{
          "Sequence":10
        }
       ,"Is Current":{
          "Type":"Target Page"
        }
       ,"Link":{
          "Target":{
            "url":"f?p=\u0026APP_ID.:16:\u0026APP_SESSION.::\u0026DEBUG.:::"
           ,"Page":"16"
          }
        }
       ,"Click Counting":{
          "Count Clicks":false
        }
       ,"User Defined Attributes":{
          "Translatable":false
        }
      }
     ,{
        "id":"129407160996414690"
       ,"Label":{
          "Label":"Question 2"
        }
       ,"Layout":{
          "Sequence":20
        }
       ,"Is Current":{
          "Type":"Target Page"
        }
       ,"Link":{
          "Target":{
            "url":"f?p=\u0026APP_ID.:17:\u0026APP_SESSION.::\u0026DEBUG.:::"
           ,"Page":"17"
          }
        }
       ,"Click Counting":{
          "Count Clicks":false
        }
       ,"User Defined Attributes":{
          "Translatable":false
        }
      }
     ,{
        "id":"129412177398414694"
       ,"Label":{
          "Label":"Question 3"
        }
       ,"Layout":{
          "Sequence":30
        }
       ,"Is Current":{
          "Type":"Target Page"
        }
       ,"Link":{
          "Target":{
            "url":"f?p=\u0026APP_ID.:18:\u0026APP_SESSION.::\u0026DEBUG.:::"
           ,"Page":"18"
          }
        }
       ,"Click Counting":{
          "Count Clicks":false
        }
       ,"User Defined Attributes":{
          "Translatable":false
        }
      }
     ,{
        "id":"129417117336414697"
       ,"Label":{
          "Label":"Question 4"
        }
       ,"Layout":{
          "Sequence":40
        }
       ,"Is Current":{
          "Type":"Target Page"
        }
       ,"Link":{
          "Target":{
            "url":"f?p=\u0026APP_ID.:19:\u0026APP_SESSION.::\u0026DEBUG.:::"
           ,"Page":"19"
          }
        }
       ,"Click Counting":{
          "Count Clicks":false
        }
       ,"User Defined Attributes":{
          "Translatable":false
        }
      }
    ]
  }
]
