[
  {
    "id":"128311928563295272"
   ,"Identification":{
      "Template Type":"Region"
     ,"Name":"H1"
     ,"Identifier":"HEADING_LEVEL_H1"
     ,"Group":"Heading Level (128311786473295270)"
     ,"Sequence":10
    }
   ,"Settings":{
      "Advanced":false
    }
   ,"Appearance":{
      "CSS Classes":[
        "js-headingLevel-1"
      ]
    }
   ,"Help":{
      "Help Text":"H1"
    }
  }
 ,{
    "id":"128312165660295272"
   ,"Identification":{
      "Template Type":"Region"
     ,"Name":"H2"
     ,"Identifier":"HEADING_LEVEL_H2"
     ,"Group":"Heading Level (128311786473295270)"
     ,"Sequence":20
    }
   ,"Settings":{
      "Advanced":false
    }
   ,"Appearance":{
      "CSS Classes":[
        "js-headingLevel-2"
      ]
    }
   ,"Help":{
      "Help Text":"H2"
    }
  }
 ,{
    "id":"128312389060295272"
   ,"Identification":{
      "Template Type":"Region"
     ,"Name":"H3"
     ,"Identifier":"HEADING_LEVEL_H3"
     ,"Group":"Heading Level (128311786473295270)"
     ,"Sequence":30
    }
   ,"Settings":{
      "Advanced":false
    }
   ,"Appearance":{
      "CSS Classes":[
        "js-headingLevel-3"
      ]
    }
   ,"Help":{
      "Help Text":"H3"
    }
  }
 ,{
    "id":"128312576196295272"
   ,"Identification":{
      "Template Type":"Region"
     ,"Name":"H4"
     ,"Identifier":"H4"
     ,"Group":"Heading Level (128311786473295270)"
     ,"Sequence":40
    }
   ,"Settings":{
      "Advanced":false
    }
   ,"Appearance":{
      "CSS Classes":[
        "js-headingLevel-4"
      ]
    }
   ,"Help":{
      "Help Text":"H4"
    }
  }
 ,{
    "id":"128312751258295272"
   ,"Identification":{
      "Template Type":"Region"
     ,"Name":"H5"
     ,"Identifier":"HEADING_LEVEL_H5"
     ,"Group":"Heading Level (128311786473295270)"
     ,"Sequence":50
    }
   ,"Settings":{
      "Advanced":false
    }
   ,"Appearance":{
      "CSS Classes":[
        "js-headingLevel-5"
      ]
    }
   ,"Help":{
      "Help Text":"H5"
    }
  }
 ,{
    "id":"128312982675295272"
   ,"Identification":{
      "Template Type":"Region"
     ,"Name":"H6"
     ,"Identifier":"HEADING_LEVEL_H6"
     ,"Group":"Heading Level (128311786473295270)"
     ,"Sequence":60
    }
   ,"Settings":{
      "Advanced":false
    }
   ,"Appearance":{
      "CSS Classes":[
        "js-headingLevel-6"
      ]
    }
   ,"Help":{
      "Help Text":"H6"
    }
  }
 ,{
    "id":"128313355069295273"
   ,"Identification":{
      "Template Type":"Item"
     ,"Name":"Large"
     ,"Identifier":"FBM_LARGE"
     ,"Group":"Bottom Margin (128313175788295272)"
     ,"Sequence":40
    }
   ,"Settings":{
      "Advanced":false
    }
   ,"Appearance":{
      "CSS Classes":[
        "margin-bottom-lg"
      ]
    }
   ,"Help":{
      "Help Text":"Adds a large bottom margin for this field."
    }
  }
 ,{
    "id":"128313721089295273"
   ,"Identification":{
      "Template Type":"Region"
     ,"Name":"Large"
     ,"Identifier":"RBM_LARGE"
     ,"Group":"Bottom Margin (128313516290295273)"
     ,"Sequence":40
    }
   ,"Settings":{
      "Advanced":false
    }
   ,"Appearance":{
      "CSS Classes":[
        "margin-bottom-lg"
      ]
    }
   ,"Help":{
      "Help Text":"Adds a large bottom margin to the region."
    }
  }
 ,{
    "id":"128313995913295273"
   ,"Identification":{
      "Template Type":"Item"
     ,"Name":"Medium"
     ,"Identifier":"FBM_MEDIUM"
     ,"Group":"Bottom Margin (128313175788295272)"
     ,"Sequence":30
    }
   ,"Settings":{
      "Advanced":false
    }
   ,"Appearance":{
      "CSS Classes":[
        "margin-bottom-md"
      ]
    }
   ,"Help":{
      "Help Text":"Adds a medium bottom margin for this field."
    }
  }
 ,{
    "id":"128314175118295273"
   ,"Identification":{
      "Template Type":"Region"
     ,"Name":"Medium"
     ,"Identifier":"RBM_MEDIUM"
     ,"Group":"Bottom Margin (128313516290295273)"
     ,"Sequence":30
    }
   ,"Settings":{
      "Advanced":false
    }
   ,"Appearance":{
      "CSS Classes":[
        "margin-bottom-md"
      ]
    }
   ,"Help":{
      "Help Text":"Adds a medium bottom margin to the region."
    }
  }
 ,{
    "id":"128314310782295273"
   ,"Identification":{
      "Template Type":"Item"
     ,"Name":"None"
     ,"Identifier":"FBM_NONE"
     ,"Group":"Bottom Margin (128313175788295272)"
     ,"Sequence":10
    }
   ,"Settings":{
      "Advanced":false
    }
   ,"Appearance":{
      "CSS Classes":[
        "margin-bottom-none"
      ]
    }
   ,"Help":{
      "Help Text":"Removes the bottom margin for this field."
    }
  }
 ,{
    "id":"128314551986295273"
   ,"Identification":{
      "Template Type":"Region"
     ,"Name":"None"
     ,"Identifier":"RBM_NONE"
     ,"Group":"Bottom Margin (128313516290295273)"
     ,"Sequence":10
    }
   ,"Settings":{
      "Advanced":false
    }
   ,"Appearance":{
      "CSS Classes":[
        "margin-bottom-none"
      ]
    }
   ,"Help":{
      "Help Text":"Removes the bottom margin for this region."
    }
  }
 ,{
    "id":"128314769848295273"
   ,"Identification":{
      "Template Type":"Item"
     ,"Name":"Small"
     ,"Identifier":"FBM_SMALL"
     ,"Group":"Bottom Margin (128313175788295272)"
     ,"Sequence":20
    }
   ,"Settings":{
      "Advanced":false
    }
   ,"Appearance":{
      "CSS Classes":[
        "margin-bottom-sm"
      ]
    }
   ,"Help":{
      "Help Text":"Adds a small bottom margin for this field."
    }
  }
 ,{
    "id":"128314948654295273"
   ,"Identification":{
      "Template Type":"Region"
     ,"Name":"Small"
     ,"Identifier":"RBM_SMALL"
     ,"Group":"Bottom Margin (128313516290295273)"
     ,"Sequence":20
    }
   ,"Settings":{
      "Advanced":false
    }
   ,"Appearance":{
      "CSS Classes":[
        "margin-bottom-sm"
      ]
    }
   ,"Help":{
      "Help Text":"Adds a small bottom margin to the region."
    }
  }
 ,{
    "id":"128315328250295274"
   ,"Identification":{
      "Template Type":"Item"
     ,"Name":"Large"
     ,"Identifier":"FLM_LARGE"
     ,"Group":"Left Margin (128315164161295273)"
     ,"Sequence":40
    }
   ,"Settings":{
      "Advanced":false
    }
   ,"Appearance":{
      "CSS Classes":[
        "margin-left-lg"
      ]
    }
   ,"Help":{
      "Help Text":"Adds a large left margin for this field."
    }
  }
 ,{
    "id":"128315700311295274"
   ,"Identification":{
      "Template Type":"Region"
     ,"Name":"Large"
     ,"Identifier":"RLM_LARGE"
     ,"Group":"Left Margin (128315558759295274)"
     ,"Sequence":40
    }
   ,"Settings":{
      "Advanced":false
    }
   ,"Appearance":{
      "CSS Classes":[
        "margin-left-lg"
      ]
    }
   ,"Help":{
      "Help Text":"Adds a large right margin to the region."
    }
  }
 ,{
    "id":"128315938563295274"
   ,"Identification":{
      "Template Type":"Item"
     ,"Name":"Medium"
     ,"Identifier":"FLM_MEDIUM"
     ,"Group":"Left Margin (128315164161295273)"
     ,"Sequence":30
    }
   ,"Settings":{
      "Advanced":false
    }
   ,"Appearance":{
      "CSS Classes":[
        "margin-left-md"
      ]
    }
   ,"Help":{
      "Help Text":"Adds a medium left margin for this field."
    }
  }
 ,{
    "id":"128316158585295274"
   ,"Identification":{
      "Template Type":"Region"
     ,"Name":"Medium"
     ,"Identifier":"RLM_MEDIUM"
     ,"Group":"Left Margin (128315558759295274)"
     ,"Sequence":30
    }
   ,"Settings":{
      "Advanced":false
    }
   ,"Appearance":{
      "CSS Classes":[
        "margin-left-md"
      ]
    }
   ,"Help":{
      "Help Text":"Adds a medium right margin to the region."
    }
  }
 ,{
    "id":"128316394041295274"
   ,"Identification":{
      "Template Type":"Item"
     ,"Name":"None"
     ,"Identifier":"FLM_NONE"
     ,"Group":"Left Margin (128315164161295273)"
     ,"Sequence":10
    }
   ,"Settings":{
      "Advanced":false
    }
   ,"Appearance":{
      "CSS Classes":[
        "margin-left-none"
      ]
    }
   ,"Help":{
      "Help Text":"Removes the left margin for this field."
    }
  }
 ,{
    "id":"128316513359295274"
   ,"Identification":{
      "Template Type":"Region"
     ,"Name":"None"
     ,"Identifier":"RLM_NONE"
     ,"Group":"Left Margin (128315558759295274)"
     ,"Sequence":10
    }
   ,"Settings":{
      "Advanced":false
    }
   ,"Appearance":{
      "CSS Classes":[
        "margin-left-none"
      ]
    }
   ,"Help":{
      "Help Text":"Removes the left margin from the region."
    }
  }
 ,{
    "id":"128316707236295274"
   ,"Identification":{
      "Template Type":"Item"
     ,"Name":"Small"
     ,"Identifier":"FLM_SMALL"
     ,"Group":"Left Margin (128315164161295273)"
     ,"Sequence":20
    }
   ,"Settings":{
      "Advanced":false
    }
   ,"Appearance":{
      "CSS Classes":[
        "margin-left-sm"
      ]
    }
   ,"Help":{
      "Help Text":"Adds a small left margin for this field."
    }
  }
 ,{
    "id":"128316954287295274"
   ,"Identification":{
      "Template Type":"Region"
     ,"Name":"Small"
     ,"Identifier":"RLM_SMALL"
     ,"Group":"Left Margin (128315558759295274)"
     ,"Sequence":20
    }
   ,"Settings":{
      "Advanced":false
    }
   ,"Appearance":{
      "CSS Classes":[
        "margin-left-sm"
      ]
    }
   ,"Help":{
      "Help Text":"Adds a small left margin to the region."
    }
  }
 ,{
    "id":"128317377783295274"
   ,"Identification":{
      "Template Type":"Item"
     ,"Name":"Large"
     ,"Identifier":"FRM_LARGE"
     ,"Group":"Right Margin (128317175752295274)"
     ,"Sequence":40
    }
   ,"Settings":{
      "Advanced":false
    }
   ,"Appearance":{
      "CSS Classes":[
        "margin-right-lg"
      ]
    }
   ,"Help":{
      "Help Text":"Adds a large right margin for this field."
    }
  }
 ,{
    "id":"128317708703295275"
   ,"Identification":{
      "Template Type":"Region"
     ,"Name":"Large"
     ,"Identifier":"RRM_LARGE"
     ,"Group":"Right Margin (128317501012295274)"
     ,"Sequence":40
    }
   ,"Settings":{
      "Advanced":false
    }
   ,"Appearance":{
      "CSS Classes":[
        "margin-right-lg"
      ]
    }
   ,"Help":{
      "Help Text":"Adds a large right margin to the region."
    }
  }
 ,{
    "id":"128317969886295275"
   ,"Identification":{
      "Template Type":"Item"
     ,"Name":"Medium"
     ,"Identifier":"FRM_MEDIUM"
     ,"Group":"Right Margin (128317175752295274)"
     ,"Sequence":30
    }
   ,"Settings":{
      "Advanced":false
    }
   ,"Appearance":{
      "CSS Classes":[
        "margin-right-md"
      ]
    }
   ,"Help":{
      "Help Text":"Adds a medium right margin for this field."
    }
  }
 ,{
    "id":"128318168748295275"
   ,"Identification":{
      "Template Type":"Region"
     ,"Name":"Medium"
     ,"Identifier":"RRM_MEDIUM"
     ,"Group":"Right Margin (128317501012295274)"
     ,"Sequence":30
    }
   ,"Settings":{
      "Advanced":false
    }
   ,"Appearance":{
      "CSS Classes":[
        "margin-right-md"
      ]
    }
   ,"Help":{
      "Help Text":"Adds a medium right margin to the region."
    }
  }
 ,{
    "id":"128318335877295275"
   ,"Identification":{
      "Template Type":"Item"
     ,"Name":"None"
     ,"Identifier":"FRM_NONE"
     ,"Group":"Right Margin (128317175752295274)"
     ,"Sequence":10
    }
   ,"Settings":{
      "Advanced":false
    }
   ,"Appearance":{
      "CSS Classes":[
        "margin-right-none"
      ]
    }
   ,"Help":{
      "Help Text":"Removes the right margin for this field."
    }
  }
 ,{
    "id":"128318578182295275"
   ,"Identification":{
      "Template Type":"Region"
     ,"Name":"None"
     ,"Identifier":"RRM_NONE"
     ,"Group":"Right Margin (128317501012295274)"
     ,"Sequence":10
    }
   ,"Settings":{
      "Advanced":false
    }
   ,"Appearance":{
      "CSS Classes":[
        "margin-right-none"
      ]
    }
   ,"Help":{
      "Help Text":"Removes the right margin from the region."
    }
  }
 ,{
    "id":"128318704267295275"
   ,"Identification":{
      "Template Type":"Item"
     ,"Name":"Small"
     ,"Identifier":"FRM_SMALL"
     ,"Group":"Right Margin (128317175752295274)"
     ,"Sequence":20
    }
   ,"Settings":{
      "Advanced":false
    }
   ,"Appearance":{
      "CSS Classes":[
        "margin-right-sm"
      ]
    }
   ,"Help":{
      "Help Text":"Adds a small right margin for this field."
    }
  }
 ,{
    "id":"128318955806295275"
   ,"Identification":{
      "Template Type":"Region"
     ,"Name":"Small"
     ,"Identifier":"RRM_SMALL"
     ,"Group":"Right Margin (128317501012295274)"
     ,"Sequence":20
    }
   ,"Settings":{
      "Advanced":false
    }
   ,"Appearance":{
      "CSS Classes":[
        "margin-right-sm"
      ]
    }
   ,"Help":{
      "Help Text":"Adds a small right margin to the region."
    }
  }
 ,{
    "id":"128319320501295275"
   ,"Identification":{
      "Template Type":"Item"
     ,"Name":"Large"
     ,"Identifier":"FTM_LARGE"
     ,"Group":"Top Margin (128319149283295275)"
     ,"Sequence":40
    }
   ,"Settings":{
      "Advanced":false
    }
   ,"Appearance":{
      "CSS Classes":[
        "margin-top-lg"
      ]
    }
   ,"Help":{
      "Help Text":"Adds a large top margin for this field."
    }
  }
 ,{
    "id":"128319735927295275"
   ,"Identification":{
      "Template Type":"Region"
     ,"Name":"Large"
     ,"Identifier":"RTM_LARGE"
     ,"Group":"Top Margin (128319504886295275)"
     ,"Sequence":40
    }
   ,"Settings":{
      "Advanced":false
    }
   ,"Appearance":{
      "CSS Classes":[
        "margin-top-lg"
      ]
    }
   ,"Help":{
      "Help Text":"Adds a large top margin to the region."
    }
  }
 ,{
    "id":"128319985296295275"
   ,"Identification":{
      "Template Type":"Item"
     ,"Name":"Medium"
     ,"Identifier":"FTM_MEDIUM"
     ,"Group":"Top Margin (128319149283295275)"
     ,"Sequence":30
    }
   ,"Settings":{
      "Advanced":false
    }
   ,"Appearance":{
      "CSS Classes":[
        "margin-top-md"
      ]
    }
   ,"Help":{
      "Help Text":"Adds a medium top margin for this field."
    }
  }
 ,{
    "id":"128320196199295276"
   ,"Identification":{
      "Template Type":"Region"
     ,"Name":"Medium"
     ,"Identifier":"RTM_MEDIUM"
     ,"Group":"Top Margin (128319504886295275)"
     ,"Sequence":30
    }
   ,"Settings":{
      "Advanced":false
    }
   ,"Appearance":{
      "CSS Classes":[
        "margin-top-md"
      ]
    }
   ,"Help":{
      "Help Text":"Adds a medium top margin to the region."
    }
  }
 ,{
    "id":"128320392651295276"
   ,"Identification":{
      "Template Type":"Item"
     ,"Name":"None"
     ,"Identifier":"FTM_NONE"
     ,"Group":"Top Margin (128319149283295275)"
     ,"Sequence":10
    }
   ,"Settings":{
      "Advanced":false
    }
   ,"Appearance":{
      "CSS Classes":[
        "margin-top-none"
      ]
    }
   ,"Help":{
      "Help Text":"Removes the top margin for this field."
    }
  }
 ,{
    "id":"128320556237295276"
   ,"Identification":{
      "Template Type":"Region"
     ,"Name":"None"
     ,"Identifier":"RTM_NONE"
     ,"Group":"Top Margin (128319504886295275)"
     ,"Sequence":10
    }
   ,"Settings":{
      "Advanced":false
    }
   ,"Appearance":{
      "CSS Classes":[
        "margin-top-none"
      ]
    }
   ,"Help":{
      "Help Text":"Removes the top margin for this region."
    }
  }
 ,{
    "id":"128320742889295276"
   ,"Identification":{
      "Template Type":"Item"
     ,"Name":"Small"
     ,"Identifier":"FTM_SMALL"
     ,"Group":"Top Margin (128319149283295275)"
     ,"Sequence":20
    }
   ,"Settings":{
      "Advanced":false
    }
   ,"Appearance":{
      "CSS Classes":[
        "margin-top-sm"
      ]
    }
   ,"Help":{
      "Help Text":"Adds a small top margin for this field."
    }
  }
 ,{
    "id":"128320946824295276"
   ,"Identification":{
      "Template Type":"Region"
     ,"Name":"Small"
     ,"Identifier":"RTM_SMALL"
     ,"Group":"Top Margin (128319504886295275)"
     ,"Sequence":20
    }
   ,"Settings":{
      "Advanced":false
    }
   ,"Appearance":{
      "CSS Classes":[
        "margin-top-sm"
      ]
    }
   ,"Help":{
      "Help Text":"Adds a small top margin to the region."
    }
  }
 ,{
    "id":"128321311224295277"
   ,"Identification":{
      "Template Type":"Button"
     ,"Name":"Danger"
     ,"Identifier":"DANGER"
     ,"Group":"Type (128321185579295276)"
     ,"Sequence":30
    }
   ,"Settings":{
      "Advanced":false
    }
   ,"Appearance":{
      "CSS Classes":[
        "t-Button--danger"
      ]
    }
  }
 ,{
    "id":"128321753299295277"
   ,"Identification":{
      "Template Type":"Button"
     ,"Name":"Large"
     ,"Identifier":"LARGEBOTTOMMARGIN"
     ,"Group":"Spacing Bottom (128321514822295277)"
     ,"Sequence":20
    }
   ,"Settings":{
      "Advanced":false
    }
   ,"Appearance":{
      "CSS Classes":[
        "t-Button--gapBottom"
      ]
    }
  }
 ,{
    "id":"128322183114295277"
   ,"Identification":{
      "Template Type":"Button"
     ,"Name":"Large"
     ,"Identifier":"LARGELEFTMARGIN"
     ,"Group":"Spacing Left (128321960961295277)"
     ,"Sequence":20
    }
   ,"Settings":{
      "Advanced":false
    }
   ,"Appearance":{
      "CSS Classes":[
        "t-Button--gapLeft"
      ]
    }
  }
 ,{
    "id":"128322584286295277"
   ,"Identification":{
      "Template Type":"Button"
     ,"Name":"Large"
     ,"Identifier":"LARGERIGHTMARGIN"
     ,"Group":"Spacing Right (128322381836295277)"
     ,"Sequence":20
    }
   ,"Settings":{
      "Advanced":false
    }
   ,"Appearance":{
      "CSS Classes":[
        "t-Button--gapRight"
      ]
    }
  }
 ,{
    "id":"128322996679295277"
   ,"Identification":{
      "Template Type":"Button"
     ,"Name":"Large"
     ,"Identifier":"LARGETOPMARGIN"
     ,"Group":"Spacing Top (128322754051295277)"
     ,"Sequence":20
    }
   ,"Settings":{
      "Advanced":false
    }
   ,"Appearance":{
      "CSS Classes":[
        "t-Button--gapTop"
      ]
    }
  }
 ,{
    "id":"128323313718295277"
   ,"Identification":{
      "Template Type":"Button"
     ,"Name":"Large"
     ,"Identifier":"LARGE"
     ,"Group":"Size (128323145818295277)"
     ,"Sequence":30
    }
   ,"Settings":{
      "Advanced":false
    }
   ,"Appearance":{
      "CSS Classes":[
        "t-Button--large"
      ]
    }
   ,"Help":{
      "Help Text":"A large button."
    }
  }
 ,{
    "id":"128323756636295278"
   ,"Identification":{
      "Template Type":"Button"
     ,"Name":"Display as Link"
     ,"Identifier":"DISPLAY_AS_LINK"
     ,"Group":"Style (128323547504295278)"
     ,"Sequence":30
    }
   ,"Settings":{
      "Advanced":false
    }
   ,"Appearance":{
      "CSS Classes":[
        "t-Button--link"
      ]
    }
   ,"Help":{
      "Help Text":"This option makes the button appear as a text link."
    }
  }
 ,{
    "id":"128323994770295278"
   ,"Identification":{
      "Template Type":"Button"
     ,"Name":"Remove UI Decoration"
     ,"Identifier":"NOUI"
     ,"Group":"Style (128323547504295278)"
     ,"Sequence":20
    }
   ,"Settings":{
      "Advanced":false
    }
   ,"Appearance":{
      "CSS Classes":[
        "t-Button--noUI"
      ]
    }
  }
 ,{
    "id":"128324144932295278"
   ,"Identification":{
      "Template Type":"Button"
     ,"Name":"Small"
     ,"Identifier":"SMALLBOTTOMMARGIN"
     ,"Group":"Spacing Bottom (128321514822295277)"
     ,"Sequence":10
    }
   ,"Settings":{
      "Advanced":false
    }
   ,"Appearance":{
      "CSS Classes":[
        "t-Button--padBottom"
      ]
    }
  }
 ,{
    "id":"128324390121295278"
   ,"Identification":{
      "Template Type":"Button"
     ,"Name":"Small"
     ,"Identifier":"SMALLLEFTMARGIN"
     ,"Group":"Spacing Left (128321960961295277)"
     ,"Sequence":10
    }
   ,"Settings":{
      "Advanced":false
    }
   ,"Appearance":{
      "CSS Classes":[
        "t-Button--padLeft"
      ]
    }
  }
 ,{
    "id":"128324505344295278"
   ,"Identification":{
      "Template Type":"Button"
     ,"Name":"Small"
     ,"Identifier":"SMALLRIGHTMARGIN"
     ,"Group":"Spacing Right (128322381836295277)"
     ,"Sequence":10
    }
   ,"Settings":{
      "Advanced":false
    }
   ,"Appearance":{
      "CSS Classes":[
        "t-Button--padRight"
      ]
    }
  }
 ,{
    "id":"128324735754295278"
   ,"Identification":{
      "Template Type":"Button"
     ,"Name":"Small"
     ,"Identifier":"SMALLTOPMARGIN"
     ,"Group":"Spacing Top (128322754051295277)"
     ,"Sequence":10
    }
   ,"Settings":{
      "Advanced":false
    }
   ,"Appearance":{
      "CSS Classes":[
        "t-Button--padTop"
      ]
    }
  }
 ,{
    "id":"128325139962295278"
   ,"Identification":{
      "Template Type":"Button"
     ,"Name":"Inner Button"
     ,"Identifier":"PILL"
     ,"Group":"Button Set (128324921151295278)"
     ,"Sequence":20
    }
   ,"Settings":{
      "Advanced":false
    }
   ,"Appearance":{
      "CSS Classes":[
        "t-Button--pill"
      ]
    }
  }
 ,{
    "id":"128325336498295279"
   ,"Identification":{
      "Template Type":"Button"
     ,"Name":"Last Button"
     ,"Identifier":"PILLEND"
     ,"Group":"Button Set (128324921151295278)"
     ,"Sequence":30
    }
   ,"Settings":{
      "Advanced":false
    }
   ,"Appearance":{
      "CSS Classes":[
        "t-Button--pillEnd"
      ]
    }
  }
 ,{
    "id":"128325563590295279"
   ,"Identification":{
      "Template Type":"Button"
     ,"Name":"First Button"
     ,"Identifier":"PILLSTART"
     ,"Group":"Button Set (128324921151295278)"
     ,"Sequence":10
    }
   ,"Settings":{
      "Advanced":false
    }
   ,"Appearance":{
      "CSS Classes":[
        "t-Button--pillStart"
      ]
    }
   ,"Help":{
      "Help Text":"Use this for the start of a pill button."
    }
  }
 ,{
    "id":"128325796399295279"
   ,"Identification":{
      "Template Type":"Button"
     ,"Name":"Primary"
     ,"Identifier":"PRIMARY"
     ,"Group":"Type (128321185579295276)"
     ,"Sequence":10
    }
   ,"Settings":{
      "Advanced":false
    }
   ,"Appearance":{
      "CSS Classes":[
        "t-Button--primary"
      ]
    }
  }
 ,{
    "id":"128325925936295279"
   ,"Identification":{
      "Template Type":"Button"
     ,"Name":"Simple"
     ,"Identifier":"SIMPLE"
     ,"Group":"Style (128323547504295278)"
     ,"Sequence":10
    }
   ,"Settings":{
      "Advanced":false
    }
   ,"Appearance":{
      "CSS Classes":[
        "t-Button--simple"
      ]
    }
  }
 ,{
    "id":"128326153363295279"
   ,"Identification":{
      "Template Type":"Button"
     ,"Name":"Small"
     ,"Identifier":"SMALL"
     ,"Group":"Size (128323145818295277)"
     ,"Sequence":20
    }
   ,"Settings":{
      "Advanced":false
    }
   ,"Appearance":{
      "CSS Classes":[
        "t-Button--small"
      ]
    }
   ,"Help":{
      "Help Text":"A small button."
    }
  }
 ,{
    "id":"128326576580295279"
   ,"Identification":{
      "Template Type":"Button"
     ,"Name":"Stretch"
     ,"Identifier":"STRETCH"
     ,"Group":"Width (128326315677295279)"
     ,"Sequence":10
    }
   ,"Settings":{
      "Advanced":false
    }
   ,"Appearance":{
      "CSS Classes":[
        "t-Button--stretch"
      ]
    }
   ,"Help":{
      "Help Text":"Stretches button to fill container"
    }
  }
 ,{
    "id":"128326747677295279"
   ,"Identification":{
      "Template Type":"Button"
     ,"Name":"Success"
     ,"Identifier":"SUCCESS"
     ,"Group":"Type (128321185579295276)"
     ,"Sequence":40
    }
   ,"Settings":{
      "Advanced":false
    }
   ,"Appearance":{
      "CSS Classes":[
        "t-Button--success"
      ]
    }
  }
 ,{
    "id":"128326975498295279"
   ,"Identification":{
      "Template Type":"Button"
     ,"Name":"Tiny"
     ,"Identifier":"TINY"
     ,"Group":"Size (128323145818295277)"
     ,"Sequence":10
    }
   ,"Settings":{
      "Advanced":false
    }
   ,"Appearance":{
      "CSS Classes":[
        "t-Button--tiny"
      ]
    }
   ,"Help":{
      "Help Text":"A very small button."
    }
  }
 ,{
    "id":"128327128153295279"
   ,"Identification":{
      "Template Type":"Button"
     ,"Name":"Warning"
     ,"Identifier":"WARNING"
     ,"Group":"Type (128321185579295276)"
     ,"Sequence":20
    }
   ,"Settings":{
      "Advanced":false
    }
   ,"Appearance":{
      "CSS Classes":[
        "t-Button--warning"
      ]
    }
  }
 ,{
    "id":"128327350884295279"
   ,"Identification":{
      "Template Type":"Page"
     ,"Name":"Deferred Page Rendering"
     ,"Identifier":"DEFERRED_PAGE_RENDERING"
     ,"Sequence":1
    }
   ,"Settings":{
      "Advanced":false
    }
   ,"Appearance":{
      "CSS Classes":[
        "t-DeferredRendering"
      ]
    }
   ,"Help":{
      "Help Text":"Defer page rendering until all page components have finished loading."
    }
  }
 ,{
    "id":"128327787815295279"
   ,"Identification":{
      "Template Type":"Region"
     ,"Name":"Show Form Labels Above"
     ,"Identifier":"SHOWFORMLABELSABOVE"
     ,"Group":"Label Position (128327542695295279)"
     ,"Sequence":10
    }
   ,"Settings":{
      "Advanced":false
    }
   ,"Appearance":{
      "CSS Classes":[
        "t-Form--labelsAbove"
      ]
    }
   ,"Help":{
      "Help Text":"Show form labels above input fields."
    }
  }
 ,{
    "id":"128328190489295279"
   ,"Identification":{
      "Template Type":"Region"
     ,"Name":"Large"
     ,"Identifier":"FORMSIZELARGE"
     ,"Group":"Item Size (128327934003295279)"
     ,"Sequence":10
    }
   ,"Settings":{
      "Advanced":false
    }
   ,"Appearance":{
      "CSS Classes":[
        "t-Form--large"
      ]
    }
  }
 ,{
    "id":"128328559990295280"
   ,"Identification":{
      "Template Type":"Region"
     ,"Name":"Left"
     ,"Identifier":"FORMLEFTLABELS"
     ,"Group":"Label Alignment (128328323691295280)"
     ,"Sequence":20
    }
   ,"Settings":{
      "Advanced":false
    }
   ,"Appearance":{
      "CSS Classes":[
        "t-Form--leftLabels"
      ]
    }
   ,"Help":{
      "Help Text":"Align form labels to left."
    }
  }
 ,{
    "id":"128328984967295280"
   ,"Identification":{
      "Template Type":"Region"
     ,"Name":"None"
     ,"Identifier":"FORMREMOVEPADDING"
     ,"Group":"Item Spacing (128328766222295280)"
     ,"Sequence":20
    }
   ,"Settings":{
      "Advanced":false
    }
   ,"Appearance":{
      "CSS Classes":[
        "t-Form--noPadding"
      ]
    }
   ,"Help":{
      "Help Text":"Removes spacing between items."
    }
  }
 ,{
    "id":"128329124799295280"
   ,"Identification":{
      "Template Type":"Region"
     ,"Name":"Slim"
     ,"Identifier":"FORMSLIMPADDING"
     ,"Group":"Item Spacing (128328766222295280)"
     ,"Sequence":10
    }
   ,"Settings":{
      "Advanced":false
    }
   ,"Appearance":{
      "CSS Classes":[
        "t-Form--slimPadding"
      ]
    }
   ,"Help":{
      "Help Text":"Reduces form item spacing."
    }
  }
 ,{
    "id":"128329354297295280"
   ,"Identification":{
      "Template Type":"Region"
     ,"Name":"Standard"
     ,"Identifier":"FORMSTANDARDPADDING"
     ,"Group":"Item Spacing (128328766222295280)"
     ,"Sequence":5
    }
   ,"Settings":{
      "Advanced":false
    }
   ,"Appearance":{
      "CSS Classes":[
        "t-Form--standardPadding"
      ]
    }
   ,"Help":{
      "Help Text":"Uses the standard spacing between items."
    }
  }
 ,{
    "id":"128329743278295280"
   ,"Identification":{
      "Template Type":"Region"
     ,"Name":"Stretch Form Fields"
     ,"Identifier":"STRETCH_FORM_FIELDS"
     ,"Group":"Item Width (128329518890295280)"
     ,"Sequence":10
    }
   ,"Settings":{
      "Advanced":false
    }
   ,"Appearance":{
      "CSS Classes":[
        "t-Form--stretchInputs"
      ]
    }
  }
 ,{
    "id":"128329901859295280"
   ,"Identification":{
      "Template Type":"Region"
     ,"Name":"X Large"
     ,"Identifier":"FORMSIZEXLARGE"
     ,"Group":"Item Size (128327934003295279)"
     ,"Sequence":20
    }
   ,"Settings":{
      "Advanced":false
    }
   ,"Appearance":{
      "CSS Classes":[
        "t-Form--xlarge"
      ]
    }
  }
 ,{
    "id":"128330387246295281"
   ,"Identification":{
      "Template Type":"Item"
     ,"Name":"Bold"
     ,"Identifier":"DISPLAY_TEXT_STYLE_BOLD"
     ,"Group":"Display Text Style (128330111810295280)"
     ,"Sequence":10
    }
   ,"Settings":{
      "Advanced":false
    }
   ,"Appearance":{
      "CSS Classes":[
        "t-Form-fieldContainer--boldDisplay"
      ]
    }
  }
 ,{
    "id":"128330749866295281"
   ,"Identification":{
      "Template Type":"Item"
     ,"Name":"Large"
     ,"Identifier":"LARGE_FIELD"
     ,"Group":"Size (128330581220295281)"
     ,"Sequence":10
    }
   ,"Settings":{
      "Advanced":false
    }
   ,"Appearance":{
      "CSS Classes":[
        "t-Form-fieldContainer--large"
      ]
    }
  }
 ,{
    "id":"128330911185295281"
   ,"Identification":{
      "Template Type":"Item"
     ,"Name":"Normal"
     ,"Identifier":"DISPLAY_TEXT_STYLE_NORMAL"
     ,"Group":"Display Text Style (128330111810295280)"
     ,"Sequence":20
    }
   ,"Settings":{
      "Advanced":false
    }
   ,"Appearance":{
      "CSS Classes":[
        "t-Form-fieldContainer--normalDisplay"
      ]
    }
  }
 ,{
    "id":"128331360105295281"
   ,"Identification":{
      "Template Type":"Item"
     ,"Name":"Display as Block"
     ,"Identifier":"POST_TEXT_BLOCK"
     ,"Group":"Item Post Text (128331144294295281)"
     ,"Sequence":10
    }
   ,"Settings":{
      "Advanced":false
    }
   ,"Appearance":{
      "CSS Classes":[
        "t-Form-fieldContainer--postTextBlock"
      ]
    }
   ,"Help":{
      "Help Text":"Displays the Item Post Text in a block style immediately after the item."
    }
  }
 ,{
    "id":"128331733206295281"
   ,"Identification":{
      "Template Type":"Item"
     ,"Name":"Display as Block"
     ,"Identifier":"PRE_TEXT_BLOCK"
     ,"Group":"Item Pre Text (128331527702295281)"
     ,"Sequence":10
    }
   ,"Settings":{
      "Advanced":false
    }
   ,"Appearance":{
      "CSS Classes":[
        "t-Form-fieldContainer--preTextBlock"
      ]
    }
   ,"Help":{
      "Help Text":"Displays the Item Pre Text in a block style immediately before the item."
    }
  }
 ,{
    "id":"128332166462295286"
   ,"Identification":{
      "Template Type":"Item"
     ,"Name":"Display as Pill Button"
     ,"Identifier":"DISPLAY_AS_PILL_BUTTON"
     ,"Group":"Item Group Display (128331952881295282)"
     ,"Sequence":10
    }
   ,"Settings":{
      "Advanced":false
    }
   ,"Appearance":{
      "CSS Classes":[
        "t-Form-fieldContainer--radioButtonGroup"
      ]
    }
   ,"Help":{
      "Help Text":"Displays the radio buttons to look like a button set \/ pill button.  Note that the the radio buttons must all be in the same row for this option to work."
    }
  }
 ,{
    "id":"128332378289295287"
   ,"Identification":{
      "Template Type":"Item"
     ,"Name":"Stretch Form Item"
     ,"Identifier":"STRETCH_FORM_ITEM"
     ,"Sequence":10
    }
   ,"Settings":{
      "Advanced":false
    }
   ,"Appearance":{
      "CSS Classes":[
        "t-Form-fieldContainer--stretchInputs"
      ]
    }
   ,"Help":{
      "Help Text":"Stretches the form item to fill its container."
    }
  }
 ,{
    "id":"128332567094295287"
   ,"Identification":{
      "Template Type":"Item"
     ,"Name":"X Large"
     ,"Identifier":"X_LARGE_SIZE"
     ,"Group":"Size (128330581220295281)"
     ,"Sequence":20
    }
   ,"Settings":{
      "Advanced":false
    }
   ,"Appearance":{
      "CSS Classes":[
        "t-Form-fieldContainer--xlarge"
      ]
    }
  }
 ,{
    "id":"128332996878295287"
   ,"Identification":{
      "Template Type":"Page"
     ,"Name":"Remove Padding"
     ,"Identifier":"REMOVE_PADDING"
     ,"Group":"Content Padding (128332756456295287)"
     ,"Sequence":1
    }
   ,"Settings":{
      "Advanced":false
    }
   ,"Appearance":{
      "CSS Classes":[
        "t-PageBody--noContentPadding"
      ]
    }
   ,"Help":{
      "Help Text":"Removes padding from the content region."
    }
  }
 ,{
    "id":"128333322543295287"
   ,"Identification":{
      "Template Type":"Region"
     ,"Name":"Center"
     ,"Identifier":"SORT_CENTER"
     ,"Group":"Sort Order Alignment (128333146178295287)"
     ,"Sequence":10
    }
   ,"Settings":{
      "Advanced":false
    }
   ,"Appearance":{
      "CSS Classes":[
        "t-Region-orderBy--center"
      ]
    }
  }
 ,{
    "id":"128333543842295287"
   ,"Identification":{
      "Template Type":"Region"
     ,"Name":"End"
     ,"Identifier":"SORT_END"
     ,"Group":"Sort Order Alignment (128333146178295287)"
     ,"Sequence":20
    }
   ,"Settings":{
      "Advanced":false
    }
   ,"Appearance":{
      "CSS Classes":[
        "t-Region-orderBy--end"
      ]
    }
  }
 ,{
    "id":"128333944081295287"
   ,"Identification":{
      "Template Type":"Report"
     ,"Name":"Hide when all rows displayed"
     ,"Identifier":"HIDE_WHEN_ALL_ROWS_DISPLAYED"
     ,"Group":"Pagination Display (128333732325295287)"
     ,"Sequence":10
    }
   ,"Settings":{
      "Advanced":false
    }
   ,"Appearance":{
      "CSS Classes":[
        "t-Report--hideNoPagination"
      ]
    }
   ,"Help":{
      "Help Text":"This option will hide the pagination when all rows are displayed."
    }
  }
]
