[
  {
    "id":"128046985541294705"
   ,"Identification":{
      "Template Type":"Page"
     ,"Name":"Size"
     ,"Identifier":"DIALOG_SIZE"
     ,"Sequence":1
    }
   ,"Settings":{
      "Advanced":false
    }
  }
 ,{
    "id":"128047996654294709"
   ,"Identification":{
      "Template Type":"Page"
     ,"Name":"Position"
     ,"Identifier":"PAGE_POSITION"
     ,"Sequence":1
    }
   ,"Help":{
      "Help Text":"Sets the position of the page."
    }
   ,"Settings":{
      "Advanced":false
    }
  }
 ,{
    "id":"128055670378294722"
   ,"Identification":{
      "Template Type":"Page"
     ,"Name":"Page Background"
     ,"Identifier":"PAGE_BACKGROUND"
     ,"Sequence":20
    }
   ,"Settings":{
      "Null Text":"Default"
     ,"Advanced":false
    }
  }
 ,{
    "id":"128056418814294722"
   ,"Identification":{
      "Template Type":"Page"
     ,"Name":"Page Layout"
     ,"Identifier":"PAGE_LAYOUT"
     ,"Sequence":10
    }
   ,"Settings":{
      "Null Text":"Floating (Default)"
     ,"Advanced":false
    }
  }
 ,{
    "id":"128079136177294751"
   ,"Identification":{
      "Template Type":"Region"
     ,"Name":"Callout Position"
     ,"Identifier":"CALLOUT_POSITION"
     ,"Sequence":10
    }
   ,"Help":{
      "Help Text":"Determines where the callout for the popup will be positioned relative to its parent."
    }
   ,"Settings":{
      "Null Text":"Default"
     ,"Advanced":false
    }
  }
 ,{
    "id":"128080790719294752"
   ,"Identification":{
      "Template Type":"Region"
     ,"Name":"Size"
     ,"Identifier":"DIALOG_SIZE"
     ,"Sequence":1
    }
   ,"Settings":{
      "Advanced":false
    }
  }
 ,{
    "id":"128083441968294753"
   ,"Identification":{
      "Template Type":"Region"
     ,"Name":"Icon Size"
     ,"Identifier":"ICON_SIZE"
     ,"Sequence":3
    }
   ,"Settings":{
      "Null Text":"Initial"
     ,"Advanced":false
    }
  }
 ,{
    "id":"128084270951294754"
   ,"Identification":{
      "Template Type":"Region"
     ,"Name":"Result Appearance"
     ,"Identifier":"RESULT_APPEARANCE"
     ,"Sequence":1
    }
   ,"Settings":{
      "Null Text":"Default"
     ,"Advanced":false
    }
  }
 ,{
    "id":"128085975435294755"
   ,"Identification":{
      "Template Type":"Region"
     ,"Name":"Alignment"
     ,"Identifier":"ALIGNMENT"
     ,"Sequence":1
    }
   ,"Help":{
      "Help Text":"This sets the vertical alignment of the region."
    }
   ,"Settings":{
      "Null Text":"Default"
     ,"Advanced":false
    }
  }
 ,{
    "id":"128091100625294759"
   ,"Identification":{
      "Template Type":"Region"
     ,"Name":"Position"
     ,"Identifier":"REGION_POSITION"
     ,"Sequence":1
    }
   ,"Help":{
      "Help Text":"Sets the position of the region."
    }
   ,"Settings":{
      "Advanced":false
    }
  }
 ,{
    "id":"128092718338294760"
   ,"Identification":{
      "Template Type":"Region"
     ,"Name":"Filter"
     ,"Identifier":"IMAGE_FILTER"
     ,"Sequence":40
    }
   ,"Settings":{
      "Advanced":false
    }
  }
 ,{
    "id":"128094375884294760"
   ,"Identification":{
      "Template Type":"Region"
     ,"Name":"Ratio"
     ,"Identifier":"IMAGE_RATIO"
     ,"Sequence":10
    }
   ,"Settings":{
      "Advanced":false
    }
  }
 ,{
    "id":"128095596899294761"
   ,"Identification":{
      "Template Type":"Region"
     ,"Name":"Scale"
     ,"Identifier":"IMAGE_SCALE"
     ,"Sequence":20
    }
   ,"Settings":{
      "Advanced":false
    }
  }
 ,{
    "id":"128096500248294761"
   ,"Identification":{
      "Template Type":"Region"
     ,"Name":"Shape"
     ,"Identifier":"IMAGE_SHAPE"
     ,"Sequence":30
    }
   ,"Settings":{
      "Advanced":false
    }
  }
 ,{
    "id":"128099547834294763"
   ,"Identification":{
      "Template Type":"Region"
     ,"Name":"Alert Type"
     ,"Identifier":"ALERT_TYPE"
     ,"Sequence":3
    }
   ,"Help":{
      "Help Text":"Sets the type of alert which can be used to determine the icon, icon color, and the background color."
    }
   ,"Settings":{
      "Advanced":false
    }
  }
 ,{
    "id":"128099958480294763"
   ,"Identification":{
      "Template Type":"Region"
     ,"Name":"Alert Title"
     ,"Identifier":"ALERT_TITLE"
     ,"Sequence":40
    }
   ,"Help":{
      "Help Text":"Determines how the title of the alert is displayed."
    }
   ,"Settings":{
      "Null Text":"Visible - Default"
     ,"Advanced":false
    }
  }
 ,{
    "id":"128100567508294765"
   ,"Identification":{
      "Template Type":"Region"
     ,"Name":"Alert Icons"
     ,"Identifier":"ALERT_ICONS"
     ,"Sequence":2
    }
   ,"Help":{
      "Help Text":"Sets how icons are handled for the Alert Region."
    }
   ,"Settings":{
      "Null Text":"Default"
     ,"Advanced":false
    }
  }
 ,{
    "id":"128100983756294766"
   ,"Identification":{
      "Template Type":"Region"
     ,"Name":"Alert Display"
     ,"Identifier":"ALERT_DISPLAY"
     ,"Sequence":1
    }
   ,"Help":{
      "Help Text":"Sets the layout of the Alert Region."
    }
   ,"Settings":{
      "Advanced":false
    }
  }
 ,{
    "id":"128103853983294770"
   ,"Identification":{
      "Template Type":"Region"
     ,"Name":"Style"
     ,"Identifier":"STYLE"
     ,"Sequence":40
    }
   ,"Help":{
      "Help Text":"Determines how the region is styled. Use the \"Remove Borders\" template option to remove the region\u0027s borders and shadows."
    }
   ,"Settings":{
      "Null Text":"Default"
     ,"Advanced":false
    }
  }
 ,{
    "id":"128108474565294775"
   ,"Identification":{
      "Template Type":"Region"
     ,"Name":"Hide Steps For"
     ,"Identifier":"HIDE_STEPS_FOR"
     ,"Sequence":1
    }
   ,"Settings":{
      "Advanced":false
    }
  }
 ,{
    "id":"128112321738294777"
   ,"Identification":{
      "Template Type":"Region"
     ,"Name":"Body Padding"
     ,"Identifier":"BODY_PADDING"
     ,"Sequence":1
    }
   ,"Help":{
      "Help Text":"Sets the Region Body padding for the region."
    }
   ,"Settings":{
      "Null Text":"Default"
     ,"Advanced":false
    }
  }
 ,{
    "id":"128115544971294778"
   ,"Identification":{
      "Template Type":"Region"
     ,"Name":"Region Title"
     ,"Identifier":"REGION_TITLE"
     ,"Sequence":1
    }
   ,"Help":{
      "Help Text":"Sets the source of the Title Bar region\u0027s title."
    }
   ,"Settings":{
      "Advanced":false
    }
  }
 ,{
    "id":"128116367416294780"
   ,"Identification":{
      "Template Type":"Region"
     ,"Name":"Heading Font"
     ,"Identifier":"HEADING_FONT"
     ,"Sequence":100
    }
   ,"Help":{
      "Help Text":"Sets the font-family of the heading for this region."
    }
   ,"Settings":{
      "Null Text":"Default"
     ,"Advanced":false
    }
  }
 ,{
    "id":"128116789008294781"
   ,"Identification":{
      "Template Type":"Region"
     ,"Name":"Header"
     ,"Identifier":"HEADER"
     ,"Sequence":20
    }
   ,"Help":{
      "Help Text":"Determines the display of the Region Header which also contains the Region Title."
    }
   ,"Settings":{
      "Null Text":"Visible - Default"
     ,"Advanced":false
    }
  }
 ,{
    "id":"128117382312294781"
   ,"Identification":{
      "Template Type":"Region"
     ,"Name":"Body Style"
     ,"Identifier":"BODY_STYLE"
     ,"Sequence":20
    }
   ,"Help":{
      "Help Text":"Controls the display of the region\u0027s body container."
    }
   ,"Settings":{
      "Null Text":"Default"
     ,"Advanced":false
    }
  }
 ,{
    "id":"128126438317294786"
   ,"Identification":{
      "Template Type":"Region"
     ,"Name":"Body Height"
     ,"Identifier":"BODY_HEIGHT"
     ,"Sequence":10
    }
   ,"Help":{
      "Help Text":"Sets the Region Body height. You can also specify a custom height by modifying the Region\u0027s CSS Classes and using the height helper classes \"i-hXXX\" where XXX is any increment of 10 from 100 to 800."
    }
   ,"Settings":{
      "Null Text":"Auto - Default"
     ,"Advanced":false
    }
  }
 ,{
    "id":"128127405865294787"
   ,"Identification":{
      "Template Type":"Region"
     ,"Name":"Accent"
     ,"Identifier":"ACCENT"
     ,"Sequence":30
    }
   ,"Help":{
      "Help Text":"Set the Region\u0027s accent. This accent corresponds to a Theme-Rollable color and sets the background of the Region\u0027s Header."
    }
   ,"Settings":{
      "Null Text":"Default"
     ,"Advanced":false
    }
  }
 ,{
    "id":"128130676384294789"
   ,"Identification":{
      "Template Type":"Region"
     ,"Name":"Default State"
     ,"Identifier":"DEFAULT_STATE"
     ,"Sequence":1
    }
   ,"Help":{
      "Help Text":"Sets the default state of the region."
    }
   ,"Settings":{
      "Advanced":false
    }
  }
 ,{
    "id":"128131054098294790"
   ,"Identification":{
      "Template Type":"Region"
     ,"Name":"Collapsible Icon Position"
     ,"Identifier":"COLLAPSIBLE_ICON_POSITION"
     ,"Sequence":1
    }
   ,"Help":{
      "Help Text":"Determines the position of the expand and collapse toggle for the region."
    }
   ,"Settings":{
      "Null Text":"Start"
     ,"Advanced":false
    }
  }
 ,{
    "id":"128131607093294790"
   ,"Identification":{
      "Template Type":"Region"
     ,"Name":"Body Overflow"
     ,"Identifier":"BODY_OVERFLOW"
     ,"Sequence":2
    }
   ,"Help":{
      "Help Text":"Determines the scroll behavior when the region contents are larger than their container."
    }
   ,"Settings":{
      "Advanced":true
    }
  }
 ,{
    "id":"128132049134294790"
   ,"Identification":{
      "Template Type":"Region"
     ,"Name":"Collapsible Button Icons"
     ,"Identifier":"COLLAPSIBLE_BUTTON_ICONS"
     ,"Sequence":1
    }
   ,"Help":{
      "Help Text":"Determines which arrows to use to represent the icons for the collapse and expand button."
    }
   ,"Settings":{
      "Null Text":"Arrows"
     ,"Advanced":false
    }
  }
 ,{
    "id":"128139738628294794"
   ,"Identification":{
      "Template Type":"Region"
     ,"Name":"Display Icon"
     ,"Identifier":"DISPLAY_ICON"
     ,"Sequence":50
    }
   ,"Help":{
      "Help Text":"Display the Hero Region icon."
    }
   ,"Settings":{
      "Null Text":"Yes (Default)"
     ,"Advanced":false
    }
  }
 ,{
    "id":"128140510368294794"
   ,"Identification":{
      "Template Type":"Region"
     ,"Name":"Icon Shape"
     ,"Identifier":"ICON_SHAPE"
     ,"Sequence":60
    }
   ,"Help":{
      "Help Text":"Determines the shape of the icon."
    }
   ,"Settings":{
      "Null Text":"Rounded Corners"
     ,"Advanced":false
    }
  }
 ,{
    "id":"128143245532294797"
   ,"Identification":{
      "Template Type":"Region"
     ,"Name":"Login Header"
     ,"Identifier":"LOGIN_HEADER"
     ,"Sequence":10
    }
   ,"Help":{
      "Help Text":"Controls the display of the Login region header."
    }
   ,"Settings":{
      "Null Text":"Icon and Title (Default)"
     ,"Advanced":false
    }
  }
 ,{
    "id":"128147538877294799"
   ,"Identification":{
      "Template Type":"Region"
     ,"Name":"Timer"
     ,"Identifier":"TIMER"
     ,"Sequence":2
    }
   ,"Help":{
      "Help Text":"Sets the timer for when to automatically navigate to the next region within the Carousel Region."
    }
   ,"Settings":{
      "Null Text":"No Timer"
     ,"Advanced":false
    }
  }
 ,{
    "id":"128152349456294804"
   ,"Identification":{
      "Template Type":"Region"
     ,"Name":"Animation"
     ,"Identifier":"ANIMATION"
     ,"Sequence":10
    }
   ,"Help":{
      "Help Text":"Sets the animation when navigating within the Carousel Region."
    }
   ,"Settings":{
      "Null Text":"Fade"
     ,"Advanced":false
    }
  }
 ,{
    "id":"128153979901294807"
   ,"Identification":{
      "Template Type":"Region"
     ,"Name":"Layout"
     ,"Identifier":"LAYOUT"
     ,"Sequence":1
    }
   ,"Settings":{
      "Null Text":"Default"
     ,"Advanced":false
    }
  }
 ,{
    "id":"128154395763294807"
   ,"Identification":{
      "Template Type":"Region"
     ,"Name":"Tab Style"
     ,"Identifier":"TAB_STYLE"
     ,"Sequence":1
    }
   ,"Settings":{
      "Null Text":"Default"
     ,"Advanced":false
    }
  }
 ,{
    "id":"128155157819294807"
   ,"Identification":{
      "Template Type":"Region"
     ,"Name":"Tabs Size"
     ,"Identifier":"TABS_SIZE"
     ,"Sequence":1
    }
   ,"Settings":{
      "Null Text":"Default"
     ,"Advanced":false
    }
  }
 ,{
    "id":"128168512477294822"
   ,"Identification":{
      "Template Type":"Report"
     ,"Name":"Style"
     ,"Identifier":"STYLE"
     ,"Sequence":10
    }
   ,"Help":{
      "Help Text":"Determines the overall style for the component."
    }
   ,"Settings":{
      "Null Text":"Default"
     ,"Advanced":false
    }
  }
 ,{
    "id":"128169107624294822"
   ,"Identification":{
      "Template Type":"Report"
     ,"Name":"Actions"
     ,"Identifier":"COL_ACTIONS"
     ,"Sequence":150
    }
   ,"Settings":{
      "Null Text":"Default"
     ,"Advanced":true
    }
  }
 ,{
    "id":"128169571402294823"
   ,"Identification":{
      "Template Type":"Report"
     ,"Name":"Content Alignment"
     ,"Identifier":"CONTENT_ALIGNMENT"
     ,"Sequence":90
    }
   ,"Settings":{
      "Null Text":"Center (Default)"
     ,"Advanced":false
    }
  }
 ,{
    "id":"128169935341294823"
   ,"Identification":{
      "Template Type":"Report"
     ,"Name":"Description"
     ,"Identifier":"COL_CONTENT_DESCRIPTION"
     ,"Sequence":130
    }
   ,"Settings":{
      "Null Text":"Default"
     ,"Advanced":true
    }
  }
 ,{
    "id":"128170380587294823"
   ,"Identification":{
      "Template Type":"Report"
     ,"Name":"Icon"
     ,"Identifier":"COL_ICON"
     ,"Sequence":110
    }
   ,"Settings":{
      "Null Text":"Default"
     ,"Advanced":true
    }
  }
 ,{
    "id":"128170757622294823"
   ,"Identification":{
      "Template Type":"Report"
     ,"Name":"Misc"
     ,"Identifier":"COL_MISC"
     ,"Sequence":140
    }
   ,"Settings":{
      "Null Text":"Default"
     ,"Advanced":true
    }
  }
 ,{
    "id":"128171126689294824"
   ,"Identification":{
      "Template Type":"Report"
     ,"Name":"Selection"
     ,"Identifier":"COL_SELECTION"
     ,"Sequence":100
    }
   ,"Settings":{
      "Null Text":"Default"
     ,"Advanced":true
    }
  }
 ,{
    "id":"128171774075294824"
   ,"Identification":{
      "Template Type":"Report"
     ,"Name":"Title"
     ,"Identifier":"COL_CONTENT_TITLE"
     ,"Sequence":120
    }
   ,"Settings":{
      "Null Text":"Default"
     ,"Advanced":true
    }
  }
 ,{
    "id":"128172364048294824"
   ,"Identification":{
      "Template Type":"Report"
     ,"Name":"Layout"
     ,"Identifier":"LAYOUT"
     ,"Sequence":30
    }
   ,"Help":{
      "Help Text":"Determines the layout of Cards in the report."
    }
   ,"Settings":{
      "Advanced":false
    }
  }
 ,{
    "id":"128173574528294825"
   ,"Identification":{
      "Template Type":"Report"
     ,"Name":"Icon Shape"
     ,"Identifier":"ICON_SHAPE"
     ,"Sequence":60
    }
   ,"Help":{
      "Help Text":"Determines the shape of the icon."
    }
   ,"Settings":{
      "Null Text":"Circle"
     ,"Advanced":false
    }
  }
 ,{
    "id":"128174163792294825"
   ,"Identification":{
      "Template Type":"Report"
     ,"Name":"Size"
     ,"Identifier":"SIZE"
     ,"Sequence":35
    }
   ,"Settings":{
      "Null Text":"Default"
     ,"Advanced":false
    }
  }
 ,{
    "id":"128175766893294826"
   ,"Identification":{
      "Template Type":"Report"
     ,"Name":"Label Width"
     ,"Identifier":"LABEL_WIDTH"
     ,"Sequence":10
    }
   ,"Settings":{
      "Null Text":"Default"
     ,"Advanced":false
    }
  }
 ,{
    "id":"128179578638294828"
   ,"Identification":{
      "Template Type":"Report"
     ,"Name":"Badge Size"
     ,"Identifier":"BADGE_SIZE"
     ,"Sequence":10
    }
   ,"Settings":{
      "Advanced":false
    }
  }
 ,{
    "id":"128183142927294830"
   ,"Identification":{
      "Template Type":"Report"
     ,"Name":"Display Items"
     ,"Identifier":"DISPLAY_ITEMS"
     ,"Sequence":20
    }
   ,"Settings":{
      "Null Text":"Inline (Default)"
     ,"Advanced":false
    }
  }
 ,{
    "id":"128183525539294830"
   ,"Identification":{
      "Template Type":"Report"
     ,"Name":"Display Labels"
     ,"Identifier":"DISPLAY_LABELS"
     ,"Sequence":30
    }
   ,"Settings":{
      "Null Text":"Inline (Default)"
     ,"Advanced":false
    }
  }
 ,{
    "id":"128184134819294830"
   ,"Identification":{
      "Template Type":"Report"
     ,"Name":"Alternating Rows"
     ,"Identifier":"ALTERNATING_ROWS"
     ,"Sequence":10
    }
   ,"Help":{
      "Help Text":"Shades alternate rows in the report with slightly different background colors."
    }
   ,"Settings":{
      "Advanced":false
    }
  }
 ,{
    "id":"128184751896294831"
   ,"Identification":{
      "Template Type":"Report"
     ,"Name":"Row Highlighting"
     ,"Identifier":"ROW_HIGHLIGHTING"
     ,"Sequence":20
    }
   ,"Help":{
      "Help Text":"Determines whether you want the row to be highlighted on hover."
    }
   ,"Settings":{
      "Advanced":false
    }
  }
 ,{
    "id":"128185183380294831"
   ,"Identification":{
      "Template Type":"Report"
     ,"Name":"Report Border"
     ,"Identifier":"REPORT_BORDER"
     ,"Sequence":30
    }
   ,"Help":{
      "Help Text":"Controls the display of the Report\u0027s borders."
    }
   ,"Settings":{
      "Null Text":"Default"
     ,"Advanced":false
    }
  }
 ,{
    "id":"128186789152294832"
   ,"Identification":{
      "Template Type":"Report"
     ,"Name":"Comments Style"
     ,"Identifier":"COMMENTS_STYLE"
     ,"Sequence":10
    }
   ,"Help":{
      "Help Text":"Determines the style in which comments are displayed."
    }
   ,"Settings":{
      "Null Text":"Default"
     ,"Advanced":false
    }
  }
 ,{
    "id":"128188302808294834"
   ,"Identification":{
      "Template Type":"Report"
     ,"Name":"Body Text"
     ,"Identifier":"BODY_TEXT"
     ,"Sequence":40
    }
   ,"Help":{
      "Help Text":"Determines the height of the card body."
    }
   ,"Settings":{
      "Null Text":"Auto"
     ,"Advanced":false
    }
  }
 ,{
    "id":"128190116004294837"
   ,"Identification":{
      "Template Type":"Report"
     ,"Name":"Animation"
     ,"Identifier":"ANIMATION"
     ,"Sequence":70
    }
   ,"Help":{
      "Help Text":"Sets the hover and focus animation."
    }
   ,"Settings":{
      "Null Text":"Default"
     ,"Advanced":false
    }
  }
 ,{
    "id":"128190948075294838"
   ,"Identification":{
      "Template Type":"Report"
     ,"Name":"Icons"
     ,"Identifier":"ICONS"
     ,"Sequence":20
    }
   ,"Help":{
      "Help Text":"Controls how to handle icons in the report."
    }
   ,"Settings":{
      "Null Text":"No Icons"
     ,"Advanced":false
    }
  }
 ,{
    "id":"128193513663294844"
   ,"Identification":{
      "Template Type":"List"
     ,"Name":"Mobile"
     ,"Identifier":"MOBILE"
     ,"Sequence":100
    }
   ,"Help":{
      "Help Text":"Determines the display for a mobile-sized screen"
    }
   ,"Settings":{
      "Null Text":"Default"
     ,"Advanced":false
    }
  }
 ,{
    "id":"128194124002294844"
   ,"Identification":{
      "Template Type":"List"
     ,"Name":"Desktop"
     ,"Identifier":"DESKTOP"
     ,"Sequence":90
    }
   ,"Help":{
      "Help Text":"Determines the display for a desktop-sized screen"
    }
   ,"Settings":{
      "Null Text":"Default"
     ,"Advanced":false
    }
  }
 ,{
    "id":"128195173469294846"
   ,"Identification":{
      "Template Type":"List"
     ,"Name":"Layout"
     ,"Identifier":"LAYOUT"
     ,"Sequence":30
    }
   ,"Settings":{
      "Null Text":"Default"
     ,"Advanced":false
    }
  }
 ,{
    "id":"128197396170294848"
   ,"Identification":{
      "Template Type":"List"
     ,"Name":"Label Display"
     ,"Identifier":"LABEL_DISPLAY"
     ,"Sequence":50
    }
   ,"Settings":{
      "Advanced":false
    }
  }
 ,{
    "id":"128200783052294852"
   ,"Identification":{
      "Template Type":"List"
     ,"Name":"Style"
     ,"Identifier":"STYLE"
     ,"Sequence":10
    }
   ,"Settings":{
      "Null Text":"Default"
     ,"Advanced":false
    }
  }
 ,{
    "id":"128201987620294853"
   ,"Identification":{
      "Template Type":"List"
     ,"Name":"Badge Size"
     ,"Identifier":"BADGE_SIZE"
     ,"Sequence":70
    }
   ,"Settings":{
      "Advanced":false
    }
  }
 ,{
    "id":"128204519687294854"
   ,"Identification":{
      "Template Type":"List"
     ,"Name":"Icon Shape"
     ,"Identifier":"ICON_SHAPE"
     ,"Sequence":60
    }
   ,"Help":{
      "Help Text":"Determines the shape of the icon."
    }
   ,"Settings":{
      "Null Text":"Circle"
     ,"Advanced":false
    }
  }
 ,{
    "id":"128205123911294858"
   ,"Identification":{
      "Template Type":"List"
     ,"Name":"Size"
     ,"Identifier":"SIZE"
     ,"Sequence":1
    }
   ,"Settings":{
      "Null Text":"Default"
     ,"Advanced":false
    }
  }
 ,{
    "id":"128206923772294864"
   ,"Identification":{
      "Template Type":"List"
     ,"Name":"Collapse Mode"
     ,"Identifier":"COLLAPSE_STYLE"
     ,"Sequence":30
    }
   ,"Settings":{
      "Advanced":false
    }
  }
 ,{
    "id":"128209941827294866"
   ,"Identification":{
      "Template Type":"List"
     ,"Name":"Body Text"
     ,"Identifier":"BODY_TEXT"
     ,"Sequence":40
    }
   ,"Help":{
      "Help Text":"Determines the height of the card body."
    }
   ,"Settings":{
      "Null Text":"Auto"
     ,"Advanced":false
    }
  }
 ,{
    "id":"128211902723294867"
   ,"Identification":{
      "Template Type":"List"
     ,"Name":"Animation"
     ,"Identifier":"ANIMATION"
     ,"Sequence":80
    }
   ,"Help":{
      "Help Text":"Sets the hover and focus animation."
    }
   ,"Settings":{
      "Null Text":"Default"
     ,"Advanced":false
    }
  }
 ,{
    "id":"128212544057294868"
   ,"Identification":{
      "Template Type":"List"
     ,"Name":"Icons"
     ,"Identifier":"ICONS"
     ,"Sequence":20
    }
   ,"Settings":{
      "Null Text":"No Icons"
     ,"Advanced":false
    }
  }
 ,{
    "id":"128218162561294873"
   ,"Identification":{
      "Template Type":"List"
     ,"Name":"Display Icons"
     ,"Identifier":"DISPLAY_ICONS"
     ,"Sequence":30
    }
   ,"Settings":{
      "Null Text":"No Icons"
     ,"Advanced":false
    }
  }
 ,{
    "id":"128219218927294876"
   ,"Identification":{
      "Template Type":"Item"
     ,"Name":"Required Indicator"
     ,"Identifier":"REQUIRED_INDICATOR"
     ,"Sequence":1
    }
   ,"Settings":{
      "Null Text":"Default"
     ,"Advanced":false
    }
  }
 ,{
    "id":"128220978873294880"
   ,"Identification":{
      "Template Type":"Button"
     ,"Name":"Icon Hover Animation"
     ,"Identifier":"ICON_HOVER_ANIMATION"
     ,"Sequence":55
    }
   ,"Settings":{
      "Null Text":"Default"
     ,"Advanced":false
    }
  }
 ,{
    "id":"128222167081294881"
   ,"Identification":{
      "Template Type":"Button"
     ,"Name":"Icon Position"
     ,"Identifier":"ICON_POSITION"
     ,"Sequence":50
    }
   ,"Help":{
      "Help Text":"Sets the position of the icon relative to the label."
    }
   ,"Settings":{
      "Advanced":false
    }
  }
 ,{
    "id":"128311786473295270"
   ,"Identification":{
      "Template Type":"Region"
     ,"Name":"Heading Level"
     ,"Identifier":"HEADING_LEVEL"
     ,"Sequence":1
    }
   ,"Settings":{
      "Null Text":"Default"
     ,"Advanced":true
    }
  }
 ,{
    "id":"128313175788295272"
   ,"Identification":{
      "Template Type":"Item"
     ,"Name":"Bottom Margin"
     ,"Identifier":"BOTTOM_MARGIN"
     ,"Sequence":220
    }
   ,"Help":{
      "Help Text":"Set the bottom margin for this field."
    }
   ,"Settings":{
      "Null Text":"Default"
     ,"Advanced":true
    }
  }
 ,{
    "id":"128313516290295273"
   ,"Identification":{
      "Template Type":"Region"
     ,"Name":"Bottom Margin"
     ,"Identifier":"REGION_BOTTOM_MARGIN"
     ,"Sequence":210
    }
   ,"Help":{
      "Help Text":"Set the bottom margin for this region."
    }
   ,"Settings":{
      "Null Text":"Default"
     ,"Advanced":true
    }
  }
 ,{
    "id":"128315164161295273"
   ,"Identification":{
      "Template Type":"Item"
     ,"Name":"Left Margin"
     ,"Identifier":"LEFT_MARGIN"
     ,"Sequence":220
    }
   ,"Help":{
      "Help Text":"Set the left margin for this field."
    }
   ,"Settings":{
      "Null Text":"Default"
     ,"Advanced":true
    }
  }
 ,{
    "id":"128315558759295274"
   ,"Identification":{
      "Template Type":"Region"
     ,"Name":"Left Margin"
     ,"Identifier":"REGION_LEFT_MARGIN"
     ,"Sequence":220
    }
   ,"Help":{
      "Help Text":"Set the left margin for this region."
    }
   ,"Settings":{
      "Null Text":"Default"
     ,"Advanced":true
    }
  }
 ,{
    "id":"128317175752295274"
   ,"Identification":{
      "Template Type":"Item"
     ,"Name":"Right Margin"
     ,"Identifier":"RIGHT_MARGIN"
     ,"Sequence":230
    }
   ,"Help":{
      "Help Text":"Set the right margin for this field."
    }
   ,"Settings":{
      "Null Text":"Default"
     ,"Advanced":true
    }
  }
 ,{
    "id":"128317501012295274"
   ,"Identification":{
      "Template Type":"Region"
     ,"Name":"Right Margin"
     ,"Identifier":"REGION_RIGHT_MARGIN"
     ,"Sequence":230
    }
   ,"Help":{
      "Help Text":"Set the right margin for this region."
    }
   ,"Settings":{
      "Null Text":"Default"
     ,"Advanced":true
    }
  }
 ,{
    "id":"128319149283295275"
   ,"Identification":{
      "Template Type":"Item"
     ,"Name":"Top Margin"
     ,"Identifier":"TOP_MARGIN"
     ,"Sequence":200
    }
   ,"Help":{
      "Help Text":"Set the top margin for this field."
    }
   ,"Settings":{
      "Null Text":"Default"
     ,"Advanced":true
    }
  }
 ,{
    "id":"128319504886295275"
   ,"Identification":{
      "Template Type":"Region"
     ,"Name":"Top Margin"
     ,"Identifier":"REGION_TOP_MARGIN"
     ,"Sequence":200
    }
   ,"Help":{
      "Help Text":"Set the top margin for this region."
    }
   ,"Settings":{
      "Null Text":"Default"
     ,"Advanced":true
    }
  }
 ,{
    "id":"128321185579295276"
   ,"Identification":{
      "Template Type":"Button"
     ,"Name":"Type"
     ,"Identifier":"TYPE"
     ,"Sequence":20
    }
   ,"Settings":{
      "Null Text":"Normal"
     ,"Advanced":false
    }
  }
 ,{
    "id":"128321514822295277"
   ,"Identification":{
      "Template Type":"Button"
     ,"Name":"Spacing Bottom"
     ,"Identifier":"SPACING_BOTTOM"
     ,"Sequence":100
    }
   ,"Help":{
      "Help Text":"Controls the spacing to the bottom of the button."
    }
   ,"Settings":{
      "Null Text":"Default"
     ,"Advanced":true
    }
  }
 ,{
    "id":"128321960961295277"
   ,"Identification":{
      "Template Type":"Button"
     ,"Name":"Spacing Left"
     ,"Identifier":"SPACING_LEFT"
     ,"Sequence":70
    }
   ,"Help":{
      "Help Text":"Controls the spacing to the left of the button."
    }
   ,"Settings":{
      "Null Text":"Default"
     ,"Advanced":true
    }
  }
 ,{
    "id":"128322381836295277"
   ,"Identification":{
      "Template Type":"Button"
     ,"Name":"Spacing Right"
     ,"Identifier":"SPACING_RIGHT"
     ,"Sequence":80
    }
   ,"Help":{
      "Help Text":"Controls the spacing to the right of the button."
    }
   ,"Settings":{
      "Null Text":"Default"
     ,"Advanced":true
    }
  }
 ,{
    "id":"128322754051295277"
   ,"Identification":{
      "Template Type":"Button"
     ,"Name":"Spacing Top"
     ,"Identifier":"SPACING_TOP"
     ,"Sequence":90
    }
   ,"Help":{
      "Help Text":"Controls the spacing to the top of the button."
    }
   ,"Settings":{
      "Null Text":"Default"
     ,"Advanced":true
    }
  }
 ,{
    "id":"128323145818295277"
   ,"Identification":{
      "Template Type":"Button"
     ,"Name":"Size"
     ,"Identifier":"SIZE"
     ,"Sequence":10
    }
   ,"Help":{
      "Help Text":"Sets the size of the button."
    }
   ,"Settings":{
      "Null Text":"Default"
     ,"Advanced":false
    }
  }
 ,{
    "id":"128323547504295278"
   ,"Identification":{
      "Template Type":"Button"
     ,"Name":"Style"
     ,"Identifier":"STYLE"
     ,"Sequence":30
    }
   ,"Help":{
      "Help Text":"Sets the style of the button. Use the \"Simple\" option for secondary actions or sets of buttons. Use the \"Remove UI Decoration\" option to make the button appear as text."
    }
   ,"Settings":{
      "Null Text":"Default"
     ,"Advanced":false
    }
  }
 ,{
    "id":"128324921151295278"
   ,"Identification":{
      "Template Type":"Button"
     ,"Name":"Button Set"
     ,"Identifier":"BUTTON_SET"
     ,"Sequence":40
    }
   ,"Help":{
      "Help Text":"Enables you to group many buttons together into a pill. You can use this option to specify where the button is within this set. Set the option to Default if this button is not part of a button set."
    }
   ,"Settings":{
      "Null Text":"Default"
     ,"Advanced":true
    }
  }
 ,{
    "id":"128326315677295279"
   ,"Identification":{
      "Template Type":"Button"
     ,"Name":"Width"
     ,"Identifier":"WIDTH"
     ,"Sequence":60
    }
   ,"Help":{
      "Help Text":"Sets the width of the button."
    }
   ,"Settings":{
      "Null Text":"Auto - Default"
     ,"Advanced":true
    }
  }
 ,{
    "id":"128327542695295279"
   ,"Identification":{
      "Template Type":"Region"
     ,"Name":"Label Position"
     ,"Identifier":"LABEL_POSITION"
     ,"Sequence":140
    }
   ,"Help":{
      "Help Text":"Sets the position of the label relative to the form item."
    }
   ,"Settings":{
      "Null Text":"Inline - Default"
     ,"Advanced":true
    }
  }
 ,{
    "id":"128327934003295279"
   ,"Identification":{
      "Template Type":"Region"
     ,"Name":"Item Size"
     ,"Identifier":"ITEM_SIZE"
     ,"Sequence":110
    }
   ,"Help":{
      "Help Text":"Sets the size of the form items within this region."
    }
   ,"Settings":{
      "Null Text":"Default"
     ,"Advanced":true
    }
  }
 ,{
    "id":"128328323691295280"
   ,"Identification":{
      "Template Type":"Region"
     ,"Name":"Label Alignment"
     ,"Identifier":"LABEL_ALIGNMENT"
     ,"Sequence":130
    }
   ,"Help":{
      "Help Text":"Set the label text alignment for items within this region."
    }
   ,"Settings":{
      "Null Text":"Right"
     ,"Advanced":true
    }
  }
 ,{
    "id":"128328766222295280"
   ,"Identification":{
      "Template Type":"Region"
     ,"Name":"Item Spacing"
     ,"Identifier":"ITEM_PADDING"
     ,"Sequence":100
    }
   ,"Help":{
      "Help Text":"Sets the padding around items within this region."
    }
   ,"Settings":{
      "Null Text":"Default"
     ,"Advanced":true
    }
  }
 ,{
    "id":"128329518890295280"
   ,"Identification":{
      "Template Type":"Region"
     ,"Name":"Item Width"
     ,"Identifier":"ITEM_WIDTH"
     ,"Sequence":120
    }
   ,"Help":{
      "Help Text":"Sets the width of the form items within this region."
    }
   ,"Settings":{
      "Null Text":"Default"
     ,"Advanced":true
    }
  }
 ,{
    "id":"128330111810295280"
   ,"Identification":{
      "Template Type":"Item"
     ,"Name":"Display Text Style"
     ,"Identifier":"DISPLAY_TEXT_STYLE"
     ,"Sequence":400
    }
   ,"Help":{
      "Help Text":"Determines the display style for Display Only \u0026 Read Only display items."
    }
   ,"Settings":{
      "Null Text":"Default"
     ,"Advanced":true
    }
  }
 ,{
    "id":"128330581220295281"
   ,"Identification":{
      "Template Type":"Item"
     ,"Name":"Size"
     ,"Identifier":"SIZE"
     ,"Sequence":10
    }
   ,"Settings":{
      "Null Text":"Default"
     ,"Advanced":false
    }
  }
 ,{
    "id":"128331144294295281"
   ,"Identification":{
      "Template Type":"Item"
     ,"Name":"Item Post Text"
     ,"Identifier":"ITEM_POST_TEXT"
     ,"Sequence":30
    }
   ,"Help":{
      "Help Text":"Adjust the display of the Item Post Text"
    }
   ,"Settings":{
      "Null Text":"Default"
     ,"Advanced":true
    }
  }
 ,{
    "id":"128331527702295281"
   ,"Identification":{
      "Template Type":"Item"
     ,"Name":"Item Pre Text"
     ,"Identifier":"ITEM_PRE_TEXT"
     ,"Sequence":20
    }
   ,"Help":{
      "Help Text":"Adjust the display of the Item Pre Text"
    }
   ,"Settings":{
      "Null Text":"Default"
     ,"Advanced":true
    }
  }
 ,{
    "id":"128331952881295282"
   ,"Identification":{
      "Template Type":"Item"
     ,"Name":"Item Group Display"
     ,"Identifier":"RADIO_GROUP_DISPLAY"
     ,"Sequence":300
    }
   ,"Help":{
      "Help Text":"Determines the display style for radio and check box items."
    }
   ,"Settings":{
      "Null Text":"Default"
     ,"Advanced":true
    }
  }
 ,{
    "id":"128332756456295287"
   ,"Identification":{
      "Template Type":"Page"
     ,"Name":"Content Padding"
     ,"Identifier":"CONTENT_PADDING"
     ,"Sequence":1
    }
   ,"Help":{
      "Help Text":"Sets the Content Body padding for the page."
    }
   ,"Settings":{
      "Null Text":"Default"
     ,"Advanced":true
    }
  }
 ,{
    "id":"128333146178295287"
   ,"Identification":{
      "Template Type":"Region"
     ,"Name":"Sort Order Alignment"
     ,"Identifier":"SORT_ORDER_ALIGNMENT"
     ,"Sequence":145
    }
   ,"Help":{
      "Help Text":"Sets the alignment of the sort order item."
    }
   ,"Settings":{
      "Null Text":"Default (Start)"
     ,"Advanced":true
    }
  }
 ,{
    "id":"128333732325295287"
   ,"Identification":{
      "Template Type":"Report"
     ,"Name":"Pagination Display"
     ,"Identifier":"PAGINATION_DISPLAY"
     ,"Sequence":10
    }
   ,"Help":{
      "Help Text":"Controls the display of pagination for this region."
    }
   ,"Settings":{
      "Null Text":"Default"
     ,"Advanced":true
    }
  }
]
