{
  "id":"42"
 ,"Identification":{
    "Theme Number":42
   ,"Name":"Universal Theme"
   ,"Identifier":"UNIVERSAL_THEME"
  }
 ,"Navigation":{
    "Type":"List"
   ,"Navigation Bar Type":"List"
  }
 ,"JavaScript":{
    "File URLs":[
      "#APEX_FILES#libraries\/apex\/#MIN_DIRECTORY#widget.stickyWidget#MIN#.js?v=#APEX_VERSION#"
     ,"#THEME_FILES#js\/theme42#MIN#.js?v=#APEX_VERSION#"
    ]
  }
 ,"CSS":{
    "File URLs":[
      "#THEME_FILES#css\/Core#MIN#.css?v=#APEX_VERSION#"
    ]
  }
 ,"Component Defaults":{
    "Page":"Standard (128073094031294740)"
   ,"Navigation Bar List":"Navigation Bar (128209000787294865)"
   ,"Navigation Menu List Position":"Side"
   ,"Navigation Menu List (Top)":"Top Navigation Menu (128208051725294864)"
   ,"Navigation Menu List (Side)":"Side Navigation Menu (128206285369294862)"
   ,"Login Page":"Login (128054169711294721)"
   ,"Error Page":"Login (128054169711294721)"
   ,"Printer Friendly Page":"Standard (128073094031294740)"
   ,"Breadcrumb":"128223028985294882"
   ,"Button":"Text (128221445272294880)"
   ,"Legacy Calendar":"Calendar (128223196371294885)"
   ,"Default Label":"Optional - Floating (128218987857294875)"
   ,"Optional Label":"Optional - Floating (128218987857294875)"
   ,"Required Label":"Required - Floating (128220261821294877)"
   ,"List":"Links List (128217047604294871)"
   ,"Region":"Standard (128157058290294808)"
   ,"Classic Report":"Standard (128183829488294830)"
  }
 ,"Region Defaults":{
    "Breadcrumbs":"Title Bar (128118006630294781)"
   ,"Charts":"Standard (128157058290294808)"
   ,"Forms":"Standard (128157058290294808)"
   ,"Lists":"Standard (128157058290294808)"
   ,"Reports":"Standard (128157058290294808)"
   ,"Wizards":"Standard (128157058290294808)"
   ,"Interactive Reports":"Interactive Report (128104555662294770)"
  }
 ,"Dialog Defaults":{
    "Dialog Content Region":"Blank with Attributes (128166881740294818)"
   ,"Dialog Button Region":"Buttons Container (128109146123294776)"
   ,"Dialog Page":"Modal Dialog (128052603467294713)"
  }
 ,"Icons":{
    "Library":"Font APEX"
  }
 ,"Files":{
    "File Prefix":"#APEX_FILES#themes\/theme_42\/23.2\/"
  }
 ,"Styles":[
    {
      "id":"128310575961295261"
     ,"Identification":{
        "Name":"Redwood Light"
      }
     ,"Settings":{
        "Is Current":false
       ,"Is Public":true
       ,"Accessibility Tested":false
      }
     ,"CSS":{
        "File URLs":[
          "#APEX_FILES#libraries\/oracle-fonts\/oraclesans-apex#MIN#.css?v=#APEX_VERSION#"
         ,"#THEME_FILES#css\/Redwood#MIN#.css?v=#APEX_VERSION#"
        ]
      }
     ,"Theme Roller Attributes":{
        "Read Only":true
       ,"Input Parameter File URLs":"#THEME_FILES#less\/theme\/Redwood-Theme.less"
       ,"Output CSS File URL":"#THEME_FILES#css\/Redwood-Theme#MIN#.css?v=#APEX_VERSION#"
      }
    }
   ,{
      "id":"128310763386295262"
     ,"Identification":{
        "Name":"Vita"
      }
     ,"Settings":{
        "Is Current":false
       ,"Is Public":true
       ,"Accessibility Tested":true
      }
     ,"Theme Roller Attributes":{
        "Read Only":true
       ,"Input Parameter File URLs":"#THEME_FILES#less\/theme\/Vita.less"
       ,"Output CSS File URL":"#THEME_FILES#css\/Vita#MIN#.css?v=#APEX_VERSION#"
      }
    }
   ,{
      "id":"128310987151295262"
     ,"Identification":{
        "Name":"Vita - Dark"
      }
     ,"Settings":{
        "Is Current":false
       ,"Is Public":true
       ,"Accessibility Tested":false
      }
     ,"Theme Roller Attributes":{
        "Read Only":true
       ,"Input Parameter File URLs":"#THEME_FILES#less\/theme\/Vita-Dark.less"
       ,"Output CSS File URL":"#THEME_FILES#css\/Vita-Dark#MIN#.css?v=#APEX_VERSION#"
      }
    }
   ,{
      "id":"128311142070295262"
     ,"Identification":{
        "Name":"Vita - Red"
      }
     ,"Settings":{
        "Is Current":false
       ,"Is Public":true
       ,"Accessibility Tested":false
      }
     ,"Theme Roller Attributes":{
        "Read Only":true
       ,"Input Parameter File URLs":"#THEME_FILES#less\/theme\/Vita-Red.less"
       ,"Output CSS File URL":"#THEME_FILES#css\/Vita-Red#MIN#.css?v=#APEX_VERSION#"
      }
    }
   ,{
      "id":"128311308225295262"
     ,"Identification":{
        "Name":"Vita - Slate"
      }
     ,"Settings":{
        "Is Current":false
       ,"Is Public":true
       ,"Accessibility Tested":false
      }
     ,"Theme Roller Attributes":{
        "Read Only":true
       ,"Input Parameter File URLs":"#THEME_FILES#less\/theme\/Vita-Slate.less"
       ,"Output CSS File URL":"#THEME_FILES#css\/Vita-Slate#MIN#.css?v=#APEX_VERSION#"
      }
    }
   ,{
      "id":"128354596629379694"
     ,"Identification":{
        "Name":"Redwood Dark"
      }
     ,"Settings":{
        "Is Current":true
       ,"Is Public":true
       ,"Accessibility Tested":false
      }
     ,"CSS":{
        "File URLs":[
          "#APEX_FILES#libraries\/oracle-fonts\/oraclesans-apex#MIN#.css?v=#APEX_VERSION#"
         ,"#THEME_FILES#css\/Redwood#MIN#.css?v=#APEX_VERSION#"
        ]
      }
     ,"Cascading Style Sheet":{
        "CSS Classes":" rw-mode-header--dark rw-mode-nav--dark rw-mode-body-header--dark rw-mode-body--dark"
      }
     ,"Theme Roller Attributes":{
        "Read Only":false
       ,"Input Parameter File URLs":"#THEME_FILES#less\/theme\/Redwood-Theme.less"
       ,"JSON Configuration":"{\"classes\":[\"rw-mode-header--dark\",\"rw-mode-nav--dark\",\"rw-mode-body-header--dark\",\"rw-mode-body--dark\"],\"vars\":{},\"customCSS\":\"\",\"useCustomLess\":\"N\"}"
      }
    }
  ]
}
